#
# There is insufficient memory for the Java Runtime Environment to continue.
# Native memory allocation (mmap) failed to map 17825792 bytes. Error detail: G1 virtual space
# Possible reasons:
#   The system is out of physical RAM or swap space
#   This process is running with CompressedOops enabled, and the Java Heap may be blocking the growth of the native heap
# Possible solutions:
#   Reduce memory load on the system
#   Increase physical memory or swap space
#   Check if swap backing store is full
#   Decrease Java heap size (-Xmx/-Xms)
#   Decrease number of Java threads
#   Decrease Java thread stack sizes (-Xss)
#   Set larger code cache with -XX:ReservedCodeCacheSize=
#   JVM is running with Unscaled Compressed Oops mode in which the Java heap is
#     placed in the first 4GB address space. The Java Heap base address is the
#     maximum limit for the native heap growth. Please use -XX:HeapBaseMinAddress
#     to set the Java Heap base and to place the Java Heap above 4GB virtual address.
# This output file may be truncated or incomplete.
#
#  Out of Memory Error (os_windows.cpp:3926), pid=23464, tid=18112
#
# JRE version: OpenJDK Runtime Environment (21.0.10) (build 21.0.10+-14961533-b1163.108)
# Java VM: OpenJDK 64-Bit Server VM (21.0.10+-14961533-b1163.108, mixed mode, tiered, compressed oops, compressed class ptrs, g1 gc, windows-amd64)
# No core dump will be written. Minidumps are not enabled by default on client versions of Windows
#

---------------  S U M M A R Y ------------

Command Line: --add-opens=java.base/java.lang=ALL-UNNAMED --add-opens=java.base/java.lang.invoke=ALL-UNNAMED --add-opens=java.base/java.util=ALL-UNNAMED --add-opens=java.prefs/java.util.prefs=ALL-UNNAMED --add-exports=jdk.compiler/com.sun.tools.javac.api=ALL-UNNAMED --add-exports=jdk.compiler/com.sun.tools.javac.util=ALL-UNNAMED --add-opens=java.base/java.util=ALL-UNNAMED --add-opens=java.prefs/java.util.prefs=ALL-UNNAMED --add-opens=java.base/java.nio.charset=ALL-UNNAMED --add-opens=java.base/java.net=ALL-UNNAMED --add-opens=java.base/java.util.concurrent=ALL-UNNAMED --add-opens=java.base/java.util.concurrent.atomic=ALL-UNNAMED --add-opens=java.xml/javax.xml.namespace=ALL-UNNAMED --add-opens=java.base/java.time=ALL-UNNAMED -Xmx2048m -Dfile.encoding=UTF-8 -Duser.country=PE -Duser.language=es -Duser.variant -javaagent:C:\Users\JHAMIL YEYDER TURPO\.gradle\wrapper\dists\gradle-9.3.1-bin\23ovyewtku6u96viwx3xl3oks\gradle-9.3.1\lib\agents\gradle-instrumentation-agent-9.3.1.jar org.gradle.launcher.daemon.bootstrap.GradleDaemon 9.3.1

Host: AMD Ryzen 5 4600H with Radeon Graphics         , 12 cores, 7G,  Windows 11 , 64 bit Build 26100 (10.0.26100.8246)
Time: Tue Apr 28 13:32:00 2026 Hora est. Pacífico, Sudamérica elapsed time: 450.065324 seconds (0d 0h 7m 30s)

---------------  T H R E A D  ---------------

Current thread (0x000002017d01d890):  VMThread "VM Thread"          [id=18112, stack(0x00000019fd100000,0x00000019fd200000) (1024K)]

Stack: [0x00000019fd100000,0x00000019fd200000]
Native frames: (J=compiled Java code, j=interpreted, Vv=VM code, C=native code)
V  [jvm.dll+0x6d78a9]
V  [jvm.dll+0x8665b3]
V  [jvm.dll+0x868bde]
V  [jvm.dll+0x8692c3]
V  [jvm.dll+0x280ee6]
V  [jvm.dll+0x6d4165]
V  [jvm.dll+0x6c77fa]
V  [jvm.dll+0x358f4b]
V  [jvm.dll+0x360bc6]
V  [jvm.dll+0x3b2ea6]
V  [jvm.dll+0x3b3178]
V  [jvm.dll+0x32b65c]
V  [jvm.dll+0x32e066]
V  [jvm.dll+0x337f3d]
V  [jvm.dll+0x36f6a5]
V  [jvm.dll+0x86f048]
V  [jvm.dll+0x870394]
V  [jvm.dll+0x8708d0]
V  [jvm.dll+0x870b63]
V  [jvm.dll+0x80fd28]
V  [jvm.dll+0x6d60fd]
C  [ucrtbase.dll+0x37b0]
C  [KERNEL32.DLL+0x2e8d7]
C  [ntdll.dll+0x8c3fc]

VM_Operation (0x00000019fccff830): G1PauseRemark, mode: safepoint, requested by thread 0x00000201703da680


---------------  P R O C E S S  ---------------

Threads class SMR info:
_java_thread_list=0x0000020112077190, length=84, elements={
0x000002016df78e30, 0x000002017d088850, 0x000002017d0b9890, 0x000002017d08ba40,
0x000002017d0a4c30, 0x000002017d0a5aa0, 0x000002017d0bdf10, 0x000002017d0c9c80,
0x000002017d0eb3b0, 0x000002017d0f59e0, 0x000002017d464860, 0x000002017eada9b0,
0x000002017eadb6d0, 0x000002017eada320, 0x000002017ef40060, 0x000002017ef406f0,
0x000002017ef43b70, 0x000002017ef46ff0, 0x000002017ef462d0, 0x000002017ef46960,
0x000002017ef47680, 0x000002017f0ef530, 0x000002017f0f0f70, 0x000002017f0f08e0,
0x000002017f0efbc0, 0x000002017f0f1600, 0x000002017f0f0250, 0x000002017f0f3040,
0x000002017f0f36d0, 0x000002017f0f43f0, 0x000002017f0f2320, 0x000002017f0f4a80,
0x000002012830a030, 0x000002012724fcd0, 0x0000020113dcd430, 0x000002017d60edf0,
0x000002017d60f480, 0x000002017d60da40, 0x00000201139d9fe0, 0x00000201139da670,
0x00000201139d92c0, 0x00000201139d9950, 0x000002012152b330, 0x0000020127fba140,
0x0000020127fba7d0, 0x0000020127fbae60, 0x0000020127fbb4f0, 0x0000020128620c60,
0x00000201286205d0, 0x000002012861f220, 0x000002012861e500, 0x000002012861eb90,
0x00000201286212f0, 0x0000020128621980, 0x000002012152f9d0, 0x0000020121531aa0,
0x0000020121532130, 0x000002012152ecb0, 0x0000020121530d80, 0x0000020121530060,
0x00000201215306f0, 0x0000020121531410, 0x0000020127dd36e0, 0x0000020127dd4400,
0x0000020127dd3d70, 0x0000020127dd4a90, 0x00000201225d5690, 0x000002011bb04590,
0x000002011bb04c20, 0x000002011bb052b0, 0x000002011bb05940, 0x000002011bb05fd0,
0x000002011bb06660, 0x000002011bb06cf0, 0x000002017e655f80, 0x000002017e659400,
0x000002017e658050, 0x000002017e656610, 0x000002017e656ca0, 0x000002017e658d70,
0x000002017e657330, 0x000002017e6579c0, 0x000002017e6586e0, 0x0000020127f38450
}

Java Threads: ( => current thread )
  0x000002016df78e30 JavaThread "main"                              [_thread_blocked, id=28096, stack(0x00000019fca00000,0x00000019fcb00000) (1024K)]
  0x000002017d088850 JavaThread "Common-Cleaner"             daemon [_thread_blocked, id=12168, stack(0x00000019fd200000,0x00000019fd300000) (1024K)]
  0x000002017d0b9890 JavaThread "Reference Handler"          daemon [_thread_blocked, id=20744, stack(0x00000019fd300000,0x00000019fd400000) (1024K)]
  0x000002017d08ba40 JavaThread "Finalizer"                  daemon [_thread_blocked, id=26708, stack(0x00000019fd400000,0x00000019fd500000) (1024K)]
  0x000002017d0a4c30 JavaThread "Signal Dispatcher"          daemon [_thread_blocked, id=28692, stack(0x00000019fd500000,0x00000019fd600000) (1024K)]
  0x000002017d0a5aa0 JavaThread "Attach Listener"            daemon [_thread_blocked, id=31140, stack(0x00000019fd600000,0x00000019fd700000) (1024K)]
  0x000002017d0bdf10 JavaThread "Service Thread"             daemon [_thread_blocked, id=30952, stack(0x00000019fd700000,0x00000019fd800000) (1024K)]
  0x000002017d0c9c80 JavaThread "Monitor Deflation Thread"   daemon [_thread_blocked, id=11004, stack(0x00000019fd800000,0x00000019fd900000) (1024K)]
  0x000002017d0eb3b0 JavaThread "C2 CompilerThread0"         daemon [_thread_blocked, id=18296, stack(0x00000019fd900000,0x00000019fda00000) (1024K)]
  0x000002017d0f59e0 JavaThread "C1 CompilerThread0"         daemon [_thread_blocked, id=19724, stack(0x00000019fda00000,0x00000019fdb00000) (1024K)]
  0x000002017d464860 JavaThread "Notification Thread"        daemon [_thread_blocked, id=20692, stack(0x00000019fdb00000,0x00000019fdc00000) (1024K)]
  0x000002017eada9b0 JavaThread "Daemon health stats"               [_thread_blocked, id=29600, stack(0x00000019fdf00000,0x00000019fe000000) (1024K)]
  0x000002017eadb6d0 JavaThread "Incoming local TCP Connector on port 55847"        [_thread_in_native, id=23148, stack(0x00000019fe200000,0x00000019fe300000) (1024K)]
  0x000002017eada320 JavaThread "Daemon periodic checks"            [_thread_blocked, id=16072, stack(0x00000019fe300000,0x00000019fe400000) (1024K)]
  0x000002017ef40060 JavaThread "Cache worker for journal cache (C:\Users\JHAMIL YEYDER TURPO\.gradle\caches\journal-1)"        [_thread_blocked, id=32928, stack(0x00000019ff200000,0x00000019ff300000) (1024K)]
  0x000002017ef406f0 JavaThread "File lock request listener"        [_thread_in_native, id=22944, stack(0x00000019ff300000,0x00000019ff400000) (1024K)]
  0x000002017ef43b70 JavaThread "Cache worker for file hash cache (C:\Users\JHAMIL YEYDER TURPO\.gradle\caches\9.3.1\fileHashes)"        [_thread_blocked, id=24532, stack(0x00000019ff400000,0x00000019ff500000) (1024K)]
  0x000002017ef46ff0 JavaThread "File watcher server"        daemon [_thread_in_native, id=24220, stack(0x00000019ff700000,0x00000019ff800000) (1024K)]
  0x000002017ef462d0 JavaThread "File watcher consumer"      daemon [_thread_blocked, id=12304, stack(0x00000019ff800000,0x00000019ff900000) (1024K)]
  0x000002017ef46960 JavaThread "jar transforms"                    [_thread_blocked, id=5832, stack(0x00000019ff900000,0x00000019ffa00000) (1024K)]
  0x000002017ef47680 JavaThread "jar transforms Thread 2"           [_thread_blocked, id=14296, stack(0x00000019ffa00000,0x00000019ffb00000) (1024K)]
  0x000002017f0ef530 JavaThread "jar transforms Thread 3"           [_thread_blocked, id=20588, stack(0x00000019ffb00000,0x00000019ffc00000) (1024K)]
  0x000002017f0f0f70 JavaThread "jar transforms Thread 4"           [_thread_blocked, id=32816, stack(0x00000019ffc00000,0x00000019ffd00000) (1024K)]
  0x000002017f0f08e0 JavaThread "jar transforms Thread 5"           [_thread_blocked, id=23972, stack(0x00000019ffd00000,0x00000019ffe00000) (1024K)]
  0x000002017f0efbc0 JavaThread "jar transforms Thread 6"           [_thread_blocked, id=26864, stack(0x00000019ffe00000,0x00000019fff00000) (1024K)]
  0x000002017f0f1600 JavaThread "jar transforms Thread 7"           [_thread_blocked, id=8536, stack(0x00000019fff00000,0x0000001a00000000) (1024K)]
  0x000002017f0f0250 JavaThread "jar transforms Thread 8"           [_thread_blocked, id=29236, stack(0x0000001980000000,0x0000001980100000) (1024K)]
  0x000002017f0f3040 JavaThread "jar transforms Thread 9"           [_thread_blocked, id=11796, stack(0x0000001980100000,0x0000001980200000) (1024K)]
  0x000002017f0f36d0 JavaThread "jar transforms Thread 10"          [_thread_blocked, id=5268, stack(0x0000001980200000,0x0000001980300000) (1024K)]
  0x000002017f0f43f0 JavaThread "jar transforms Thread 11"          [_thread_blocked, id=24088, stack(0x0000001980300000,0x0000001980400000) (1024K)]
  0x000002017f0f2320 JavaThread "jar transforms Thread 12"          [_thread_blocked, id=8540, stack(0x0000001980400000,0x0000001980500000) (1024K)]
  0x000002017f0f4a80 JavaThread "Cache worker for file content cache (C:\Users\JHAMIL YEYDER TURPO\.gradle\caches\9.3.1\fileContent)"        [_thread_blocked, id=17488, stack(0x0000001980600000,0x0000001980700000) (1024K)]
  0x000002012830a030 JavaThread "Memory manager"                    [_thread_blocked, id=13260, stack(0x0000001982700000,0x0000001982800000) (1024K)]
  0x000002012724fcd0 JavaThread "pool-3-thread-1"                   [_thread_blocked, id=23336, stack(0x0000001984a00000,0x0000001984b00000) (1024K)]
  0x0000020113dcd430 JavaThread "Daemon Thread 2"                   [_thread_blocked, id=23872, stack(0x0000001980500000,0x0000001980600000) (1024K)]
  0x000002017d60edf0 JavaThread "Handler for socket connection from /127.0.0.1:55847 to /127.0.0.1:65325"        [_thread_in_native, id=32552, stack(0x0000001980700000,0x0000001980800000) (1024K)]
  0x000002017d60f480 JavaThread "Cancel handler"                    [_thread_blocked, id=16936, stack(0x0000001980800000,0x0000001980900000) (1024K)]
  0x000002017d60da40 JavaThread "Daemon worker Thread 2"            [_thread_blocked, id=31648, stack(0x0000001980900000,0x0000001980a00000) (1024K)]
  0x00000201139d9fe0 JavaThread "Asynchronous log dispatcher for DefaultDaemonConnection: socket connection from /127.0.0.1:55847 to /127.0.0.1:65325"        [_thread_blocked, id=25076, stack(0x0000001980a00000,0x0000001980b00000) (1024K)]
  0x00000201139da670 JavaThread "Stdin handler"                     [_thread_blocked, id=12824, stack(0x0000001980b00000,0x0000001980c00000) (1024K)]
  0x00000201139d92c0 JavaThread "Daemon client event forwarder"        [_thread_blocked, id=23556, stack(0x0000001980c00000,0x0000001980d00000) (1024K)]
  0x00000201139d9950 JavaThread "Cache worker for file hash cache (D:\D\VSCODE\proyectosVSC\DANPLab\.gradle\9.3.1\fileHashes)"        [_thread_blocked, id=29184, stack(0x0000001980d00000,0x0000001980e00000) (1024K)]
  0x000002012152b330 JavaThread "Cache worker for Build Output Cleanup Cache (D:\D\VSCODE\proyectosVSC\DANPLab\.gradle\buildOutputCleanup)"        [_thread_blocked, id=33384, stack(0x0000001980e00000,0x0000001980f00000) (1024K)]
  0x0000020127fba140 JavaThread "Cache worker for checksums cache (D:\D\VSCODE\proyectosVSC\DANPLab\.gradle\9.3.1\checksums)"        [_thread_blocked, id=1996, stack(0x0000001980f00000,0x0000001981000000) (1024K)]
  0x0000020127fba7d0 JavaThread "Cache worker for cache directory md-supplier (C:\Users\JHAMIL YEYDER TURPO\.gradle\caches\9.3.1\md-supplier)"        [_thread_blocked, id=25080, stack(0x0000001981000000,0x0000001981100000) (1024K)]
  0x0000020127fbae60 JavaThread "Cache worker for cache directory md-rule (C:\Users\JHAMIL YEYDER TURPO\.gradle\caches\9.3.1\md-rule)"        [_thread_blocked, id=4560, stack(0x0000001981100000,0x0000001981200000) (1024K)]
  0x0000020127fbb4f0 JavaThread "Unconstrained build operations"        [_thread_blocked, id=7128, stack(0x0000001981200000,0x0000001981300000) (1024K)]
  0x0000020128620c60 JavaThread "Unconstrained build operations Thread 2"        [_thread_blocked, id=17816, stack(0x0000001981300000,0x0000001981400000) (1024K)]
  0x00000201286205d0 JavaThread "Unconstrained build operations Thread 3"        [_thread_blocked, id=28484, stack(0x0000001981400000,0x0000001981500000) (1024K)]
  0x000002012861f220 JavaThread "Unconstrained build operations Thread 4"        [_thread_blocked, id=30056, stack(0x0000001981500000,0x0000001981600000) (1024K)]
  0x000002012861e500 JavaThread "Unconstrained build operations Thread 5"        [_thread_blocked, id=28228, stack(0x0000001981600000,0x0000001981700000) (1024K)]
  0x000002012861eb90 JavaThread "Unconstrained build operations Thread 6"        [_thread_blocked, id=29068, stack(0x0000001981700000,0x0000001981800000) (1024K)]
  0x00000201286212f0 JavaThread "Unconstrained build operations Thread 7"        [_thread_blocked, id=26144, stack(0x0000001981800000,0x0000001981900000) (1024K)]
  0x0000020128621980 JavaThread "Unconstrained build operations Thread 8"        [_thread_blocked, id=20728, stack(0x0000001981900000,0x0000001981a00000) (1024K)]
  0x000002012152f9d0 JavaThread "Unconstrained build operations Thread 9"        [_thread_blocked, id=9840, stack(0x0000001981a00000,0x0000001981b00000) (1024K)]
  0x0000020121531aa0 JavaThread "Unconstrained build operations Thread 10"        [_thread_blocked, id=31456, stack(0x0000001981b00000,0x0000001981c00000) (1024K)]
  0x0000020121532130 JavaThread "Unconstrained build operations Thread 11"        [_thread_blocked, id=2864, stack(0x0000001981c00000,0x0000001981d00000) (1024K)]
  0x000002012152ecb0 JavaThread "Unconstrained build operations Thread 12"        [_thread_blocked, id=15092, stack(0x0000001981d00000,0x0000001981e00000) (1024K)]
  0x0000020121530d80 JavaThread "Unconstrained build operations Thread 13"        [_thread_blocked, id=6632, stack(0x0000001981e00000,0x0000001981f00000) (1024K)]
  0x0000020121530060 JavaThread "Unconstrained build operations Thread 14"        [_thread_blocked, id=6676, stack(0x0000001981f00000,0x0000001982000000) (1024K)]
  0x00000201215306f0 JavaThread "Unconstrained build operations Thread 15"        [_thread_blocked, id=25152, stack(0x0000001982000000,0x0000001982100000) (1024K)]
  0x0000020121531410 JavaThread "Kotlin DSL Writer"                 [_thread_blocked, id=31332, stack(0x0000001982100000,0x0000001982200000) (1024K)]
  0x0000020127dd36e0 JavaThread "Unconstrained build operations Thread 16"        [_thread_blocked, id=2956, stack(0x0000001982200000,0x0000001982300000) (1024K)]
  0x0000020127dd4400 JavaThread "Unconstrained build operations Thread 17"        [_thread_blocked, id=25920, stack(0x0000001982300000,0x0000001982400000) (1024K)]
  0x0000020127dd3d70 JavaThread "Unconstrained build operations Thread 18"        [_thread_blocked, id=18768, stack(0x0000001982400000,0x0000001982500000) (1024K)]
  0x0000020127dd4a90 JavaThread "Unconstrained build operations Thread 19"        [_thread_blocked, id=29048, stack(0x0000001982500000,0x0000001982600000) (1024K)]
  0x00000201225d5690 JavaThread "Unconstrained build operations Thread 20"        [_thread_blocked, id=2352, stack(0x0000001982600000,0x0000001982700000) (1024K)]
  0x000002011bb04590 JavaThread "Unconstrained build operations Thread 21"        [_thread_blocked, id=29664, stack(0x0000001982800000,0x0000001982900000) (1024K)]
  0x000002011bb04c20 JavaThread "Unconstrained build operations Thread 22"        [_thread_blocked, id=3532, stack(0x0000001982900000,0x0000001982a00000) (1024K)]
  0x000002011bb052b0 JavaThread "Unconstrained build operations Thread 23"        [_thread_blocked, id=27504, stack(0x0000001982a00000,0x0000001982b00000) (1024K)]
  0x000002011bb05940 JavaThread "Unconstrained build operations Thread 24"        [_thread_blocked, id=18388, stack(0x0000001982b00000,0x0000001982c00000) (1024K)]
  0x000002011bb05fd0 JavaThread "Unconstrained build operations Thread 25"        [_thread_blocked, id=26680, stack(0x0000001982c00000,0x0000001982d00000) (1024K)]
  0x000002011bb06660 JavaThread "Unconstrained build operations Thread 26"        [_thread_blocked, id=6348, stack(0x0000001982d00000,0x0000001982e00000) (1024K)]
  0x000002011bb06cf0 JavaThread "Unconstrained build operations Thread 27"        [_thread_blocked, id=26256, stack(0x0000001982e00000,0x0000001982f00000) (1024K)]
  0x000002017e655f80 JavaThread "Unconstrained build operations Thread 28"        [_thread_blocked, id=22124, stack(0x0000001982f00000,0x0000001983000000) (1024K)]
  0x000002017e659400 JavaThread "Unconstrained build operations Thread 29"        [_thread_blocked, id=31736, stack(0x0000001983000000,0x0000001983100000) (1024K)]
  0x000002017e658050 JavaThread "Unconstrained build operations Thread 30"        [_thread_blocked, id=13356, stack(0x0000001983100000,0x0000001983200000) (1024K)]
  0x000002017e656610 JavaThread "Unconstrained build operations Thread 31"        [_thread_blocked, id=14064, stack(0x0000001983200000,0x0000001983300000) (1024K)]
  0x000002017e656ca0 JavaThread "Unconstrained build operations Thread 32"        [_thread_blocked, id=26192, stack(0x0000001983300000,0x0000001983400000) (1024K)]
  0x000002017e658d70 JavaThread "Unconstrained build operations Thread 33"        [_thread_blocked, id=17504, stack(0x0000001983400000,0x0000001983500000) (1024K)]
  0x000002017e657330 JavaThread "Unconstrained build operations Thread 34"        [_thread_blocked, id=33612, stack(0x0000001983500000,0x0000001983600000) (1024K)]
  0x000002017e6579c0 JavaThread "Unconstrained build operations Thread 35"        [_thread_blocked, id=22444, stack(0x0000001983600000,0x0000001983700000) (1024K)]
  0x000002017e6586e0 JavaThread "Unconstrained build operations Thread 36"        [_thread_blocked, id=32460, stack(0x0000001983700000,0x0000001983800000) (1024K)]
  0x0000020127f38450 JavaThread "Unconstrained build operations Thread 37"        [_thread_blocked, id=30776, stack(0x0000001983800000,0x0000001983900000) (1024K)]
Total: 84

Other Threads:
=>0x000002017d01d890 VMThread "VM Thread"                           [id=18112, stack(0x00000019fd100000,0x00000019fd200000) (1024K)]
  0x0000020178a19510 WatcherThread "VM Periodic Task Thread"        [id=14520, stack(0x00000019fd000000,0x00000019fd100000) (1024K)]
  0x00000201703c9880 WorkerThread "GC Thread#0"                     [id=23924, stack(0x00000019fcb00000,0x00000019fcc00000) (1024K)]
  0x000002017d767020 WorkerThread "GC Thread#1"                     [id=19776, stack(0x00000019fdc00000,0x00000019fdd00000) (1024K)]
  0x000002017d9b7d70 WorkerThread "GC Thread#2"                     [id=33228, stack(0x00000019fdd00000,0x00000019fde00000) (1024K)]
  0x000002017dfc0630 WorkerThread "GC Thread#3"                     [id=25084, stack(0x00000019fde00000,0x00000019fdf00000) (1024K)]
  0x000002017e1c3570 WorkerThread "GC Thread#4"                     [id=25772, stack(0x00000019fe000000,0x00000019fe100000) (1024K)]
  0x000002017e3b1f20 WorkerThread "GC Thread#5"                     [id=412, stack(0x00000019fe500000,0x00000019fe600000) (1024K)]
  0x000002017e3b2a30 WorkerThread "GC Thread#6"                     [id=20564, stack(0x00000019fe600000,0x00000019fe700000) (1024K)]
  0x000002017e3b2de0 WorkerThread "GC Thread#7"                     [id=32272, stack(0x00000019fe700000,0x00000019fe800000) (1024K)]
  0x000002017e3b22d0 WorkerThread "GC Thread#8"                     [id=9412, stack(0x00000019fe800000,0x00000019fe900000) (1024K)]
  0x000002017e3b17c0 WorkerThread "GC Thread#9"                     [id=8480, stack(0x00000019fe900000,0x00000019fea00000) (1024K)]
  0x00000201703da680 ConcurrentGCThread "G1 Main Marker"            [id=7016, stack(0x00000019fcc00000,0x00000019fcd00000) (1024K)]
  0x00000201703ddf50 WorkerThread "G1 Conc#0"                       [id=28424, stack(0x00000019fcd00000,0x00000019fce00000) (1024K)]
  0x000002017e3b2680 WorkerThread "G1 Conc#1"                       [id=32368, stack(0x00000019fea00000,0x00000019feb00000) (1024K)]
  0x000002010f3d04d0 WorkerThread "G1 Conc#2"                       [id=20736, stack(0x00000019feb00000,0x00000019fec00000) (1024K)]
  0x00000201788eebe0 ConcurrentGCThread "G1 Refine#0"               [id=16504, stack(0x00000019fce00000,0x00000019fcf00000) (1024K)]
  0x00000201788ef020 ConcurrentGCThread "G1 Service"                [id=11176, stack(0x00000019fcf00000,0x00000019fd000000) (1024K)]
Total: 18

Threads with active compile tasks:
Total: 0

VM state: at safepoint (normal execution)

VM Mutex/Monitor currently owned by a thread:  ([mutex/lock_event])
[0x00007ff9fc1886d0] Threads_lock - owner thread: 0x000002017d01d890
[0x00007ff9fc1887d0] Heap_lock - owner thread: 0x00000201703da680

Heap address: 0x0000000080000000, size: 2048 MB, Compressed Oops mode: 32-bit

CDS archive(s) not mapped
Compressed class space mapped at: 0x0000000100000000-0x0000000140000000, reserved size: 1073741824
Narrow klass base: 0x0000000000000000, Narrow klass shift: 3, Narrow klass range: 0x140000000

GC Precious Log:
 CardTable entry size: 512
 Card Set container configuration: InlinePtr #cards 5 size 8 Array Of Cards #cards 12 size 40 Howl #buckets 4 coarsen threshold 1843 Howl Bitmap #cards 512 size 80 coarsen threshold 460 Card regions per heap region 1 cards per card region 2048
 CPUs: 12 total, 12 available
 Memory: 7541M
 Large Page Support: Disabled
 NUMA Support: Disabled
 Compressed Oops: Enabled (32-bit)
 Heap Region Size: 1M
 Heap Min Capacity: 8M
 Heap Initial Capacity: 118M
 Heap Max Capacity: 2G
 Pre-touch: Disabled
 Parallel Workers: 10
 Concurrent Workers: 3
 Concurrent Refinement Workers: 10
 Periodic GC: Disabled

Heap:
 garbage-first heap   total 440320K, used 276490K [0x0000000080000000, 0x0000000100000000)
  region size 1024K, 13 young (13312K), 9 survivors (9216K)
 Metaspace       used 248050K, committed 251008K, reserved 1310720K
  class space    used 31827K, committed 33280K, reserved 1048576K

Heap Regions: E=young(eden), S=young(survivor), O=old, HS=humongous(starts), HC=humongous(continues), CS=collection set, F=free, TAMS=top-at-mark-start, PB=parsable bottom
|   0|0x0000000080000000, 0x0000000080100000, 0x0000000080100000|100%|HS|  |TAMS 0x0000000080100000| PB 0x0000000080000000| Complete 
|   1|0x0000000080100000, 0x0000000080200000, 0x0000000080200000|100%|HC|  |TAMS 0x0000000080200000| PB 0x0000000080100000| Complete 
|   2|0x0000000080200000, 0x0000000080300000, 0x0000000080300000|100%|HC|  |TAMS 0x0000000080300000| PB 0x0000000080200000| Complete 
|   3|0x0000000080300000, 0x0000000080400000, 0x0000000080400000|100%|HC|  |TAMS 0x0000000080400000| PB 0x0000000080300000| Complete 
|   4|0x0000000080400000, 0x0000000080500000, 0x0000000080500000|100%| O|  |TAMS 0x0000000080500000| PB 0x0000000080500000| Untracked 
|   5|0x0000000080500000, 0x0000000080600000, 0x0000000080600000|100%| O|  |TAMS 0x0000000080600000| PB 0x0000000080600000| Untracked 
|   6|0x0000000080600000, 0x0000000080700000, 0x0000000080700000|100%| O|  |TAMS 0x0000000080700000| PB 0x0000000080700000| Updating 
|   7|0x0000000080700000, 0x0000000080800000, 0x0000000080800000|100%|HS|  |TAMS 0x0000000080800000| PB 0x0000000080700000| Complete 
|   8|0x0000000080800000, 0x0000000080900000, 0x0000000080900000|100%| O|  |TAMS 0x0000000080900000| PB 0x0000000080900000| Updating 
|   9|0x0000000080900000, 0x0000000080a00000, 0x0000000080a00000|100%| O|  |TAMS 0x0000000080a00000| PB 0x0000000080a00000| Untracked 
|  10|0x0000000080a00000, 0x0000000080b00000, 0x0000000080b00000|100%| O|  |TAMS 0x0000000080b00000| PB 0x0000000080b00000| Untracked 
|  11|0x0000000080b00000, 0x0000000080c00000, 0x0000000080c00000|100%| O|  |TAMS 0x0000000080c00000| PB 0x0000000080c00000| Untracked 
|  12|0x0000000080c00000, 0x0000000080d00000, 0x0000000080d00000|100%| O|  |TAMS 0x0000000080d00000| PB 0x0000000080d00000| Untracked 
|  13|0x0000000080d00000, 0x0000000080e00000, 0x0000000080e00000|100%| O|  |TAMS 0x0000000080e00000| PB 0x0000000080e00000| Untracked 
|  14|0x0000000080e00000, 0x0000000080f00000, 0x0000000080f00000|100%| O|  |TAMS 0x0000000080f00000| PB 0x0000000080f00000| Untracked 
|  15|0x0000000080f00000, 0x0000000081000000, 0x0000000081000000|100%| O|  |TAMS 0x0000000081000000| PB 0x0000000081000000| Untracked 
|  16|0x0000000081000000, 0x0000000081100000, 0x0000000081100000|100%| O|  |TAMS 0x0000000081100000| PB 0x0000000081100000| Untracked 
|  17|0x0000000081100000, 0x0000000081200000, 0x0000000081200000|100%| O|  |TAMS 0x0000000081200000| PB 0x0000000081200000| Updating 
|  18|0x0000000081200000, 0x0000000081300000, 0x0000000081300000|100%| O|  |TAMS 0x0000000081300000| PB 0x0000000081300000| Updating 
|  19|0x0000000081300000, 0x0000000081400000, 0x0000000081400000|100%|HS|  |TAMS 0x0000000081400000| PB 0x0000000081300000| Complete 
|  20|0x0000000081400000, 0x0000000081500000, 0x0000000081500000|100%|HC|  |TAMS 0x0000000081500000| PB 0x0000000081400000| Complete 
|  21|0x0000000081500000, 0x0000000081600000, 0x0000000081600000|100%|HC|  |TAMS 0x0000000081600000| PB 0x0000000081500000| Complete 
|  22|0x0000000081600000, 0x0000000081700000, 0x0000000081700000|100%|HC|  |TAMS 0x0000000081700000| PB 0x0000000081600000| Complete 
|  23|0x0000000081700000, 0x0000000081800000, 0x0000000081800000|100%|HC|  |TAMS 0x0000000081800000| PB 0x0000000081700000| Complete 
|  24|0x0000000081800000, 0x0000000081900000, 0x0000000081900000|100%|HC|  |TAMS 0x0000000081900000| PB 0x0000000081800000| Complete 
|  25|0x0000000081900000, 0x0000000081a00000, 0x0000000081a00000|100%|HS|  |TAMS 0x0000000081a00000| PB 0x0000000081900000| Complete 
|  26|0x0000000081a00000, 0x0000000081b00000, 0x0000000081b00000|100%|HC|  |TAMS 0x0000000081b00000| PB 0x0000000081a00000| Complete 
|  27|0x0000000081b00000, 0x0000000081c00000, 0x0000000081c00000|100%|HS|  |TAMS 0x0000000081c00000| PB 0x0000000081b00000| Complete 
|  28|0x0000000081c00000, 0x0000000081d00000, 0x0000000081d00000|100%|HS|  |TAMS 0x0000000081d00000| PB 0x0000000081c00000| Complete 
|  29|0x0000000081d00000, 0x0000000081e00000, 0x0000000081e00000|100%|HC|  |TAMS 0x0000000081e00000| PB 0x0000000081d00000| Complete 
|  30|0x0000000081e00000, 0x0000000081f00000, 0x0000000081f00000|100%|HC|  |TAMS 0x0000000081f00000| PB 0x0000000081e00000| Complete 
|  31|0x0000000081f00000, 0x0000000082000000, 0x0000000082000000|100%|HC|  |TAMS 0x0000000082000000| PB 0x0000000081f00000| Complete 
|  32|0x0000000082000000, 0x0000000082100000, 0x0000000082100000|100%|HC|  |TAMS 0x0000000082100000| PB 0x0000000082000000| Complete 
|  33|0x0000000082100000, 0x0000000082200000, 0x0000000082200000|100%|HC|  |TAMS 0x0000000082200000| PB 0x0000000082100000| Complete 
|  34|0x0000000082200000, 0x0000000082300000, 0x0000000082300000|100%|HS|  |TAMS 0x0000000082300000| PB 0x0000000082200000| Complete 
|  35|0x0000000082300000, 0x0000000082400000, 0x0000000082400000|100%|HC|  |TAMS 0x0000000082400000| PB 0x0000000082300000| Complete 
|  36|0x0000000082400000, 0x0000000082500000, 0x0000000082500000|100%|HS|  |TAMS 0x0000000082500000| PB 0x0000000082400000| Complete 
|  37|0x0000000082500000, 0x0000000082600000, 0x0000000082600000|100%| O|  |TAMS 0x0000000082600000| PB 0x0000000082600000| Untracked 
|  38|0x0000000082600000, 0x0000000082700000, 0x0000000082700000|100%| O|  |TAMS 0x0000000082700000| PB 0x0000000082700000| Untracked 
|  39|0x0000000082700000, 0x0000000082800000, 0x0000000082800000|100%| O|  |TAMS 0x0000000082800000| PB 0x0000000082800000| Untracked 
|  40|0x0000000082800000, 0x0000000082900000, 0x0000000082900000|100%| O|  |TAMS 0x0000000082900000| PB 0x0000000082900000| Untracked 
|  41|0x0000000082900000, 0x0000000082a00000, 0x0000000082a00000|100%| O|  |TAMS 0x0000000082a00000| PB 0x0000000082a00000| Untracked 
|  42|0x0000000082a00000, 0x0000000082b00000, 0x0000000082b00000|100%| O|  |TAMS 0x0000000082b00000| PB 0x0000000082b00000| Untracked 
|  43|0x0000000082b00000, 0x0000000082c00000, 0x0000000082c00000|100%| O|  |TAMS 0x0000000082c00000| PB 0x0000000082c00000| Untracked 
|  44|0x0000000082c00000, 0x0000000082d00000, 0x0000000082d00000|100%| O|  |TAMS 0x0000000082d00000| PB 0x0000000082d00000| Updating 
|  45|0x0000000082d00000, 0x0000000082e00000, 0x0000000082e00000|100%|HS|  |TAMS 0x0000000082e00000| PB 0x0000000082d00000| Complete 
|  46|0x0000000082e00000, 0x0000000082f00000, 0x0000000082f00000|100%|HC|  |TAMS 0x0000000082f00000| PB 0x0000000082e00000| Complete 
|  47|0x0000000082f00000, 0x0000000083000000, 0x0000000083000000|100%| O|  |TAMS 0x0000000083000000| PB 0x0000000083000000| Untracked 
|  48|0x0000000083000000, 0x0000000083100000, 0x0000000083100000|100%| O|  |TAMS 0x0000000083100000| PB 0x0000000083100000| Untracked 
|  49|0x0000000083100000, 0x0000000083200000, 0x0000000083200000|100%| O|  |TAMS 0x0000000083200000| PB 0x0000000083200000| Updating 
|  50|0x0000000083200000, 0x0000000083300000, 0x0000000083300000|100%| O|  |TAMS 0x0000000083300000| PB 0x0000000083300000| Untracked 
|  51|0x0000000083300000, 0x0000000083400000, 0x0000000083400000|100%| O|  |TAMS 0x0000000083400000| PB 0x0000000083400000| Updating 
|  52|0x0000000083400000, 0x0000000083500000, 0x0000000083500000|100%| O|  |TAMS 0x0000000083500000| PB 0x0000000083500000| Updating 
|  53|0x0000000083500000, 0x0000000083600000, 0x0000000083600000|100%| O|  |TAMS 0x0000000083600000| PB 0x0000000083600000| Untracked 
|  54|0x0000000083600000, 0x0000000083700000, 0x0000000083700000|100%| O|  |TAMS 0x0000000083700000| PB 0x0000000083700000| Untracked 
|  55|0x0000000083700000, 0x0000000083800000, 0x0000000083800000|100%| O|  |TAMS 0x0000000083800000| PB 0x0000000083800000| Updating 
|  56|0x0000000083800000, 0x0000000083900000, 0x0000000083900000|100%| O|  |TAMS 0x0000000083900000| PB 0x0000000083900000| Updating 
|  57|0x0000000083900000, 0x0000000083a00000, 0x0000000083a00000|100%| O|  |TAMS 0x0000000083a00000| PB 0x0000000083a00000| Untracked 
|  58|0x0000000083a00000, 0x0000000083b00000, 0x0000000083b00000|100%| O|  |TAMS 0x0000000083b00000| PB 0x0000000083b00000| Untracked 
|  59|0x0000000083b00000, 0x0000000083c00000, 0x0000000083c00000|100%| O|  |TAMS 0x0000000083c00000| PB 0x0000000083c00000| Updating 
|  60|0x0000000083c00000, 0x0000000083d00000, 0x0000000083d00000|100%| O|  |TAMS 0x0000000083d00000| PB 0x0000000083d00000| Updating 
|  61|0x0000000083d00000, 0x0000000083e00000, 0x0000000083e00000|100%| O|  |TAMS 0x0000000083e00000| PB 0x0000000083e00000| Updating 
|  62|0x0000000083e00000, 0x0000000083f00000, 0x0000000083f00000|100%| O|  |TAMS 0x0000000083f00000| PB 0x0000000083f00000| Updating 
|  63|0x0000000083f00000, 0x0000000084000000, 0x0000000084000000|100%| O|  |TAMS 0x0000000084000000| PB 0x0000000084000000| Updating 
|  64|0x0000000084000000, 0x0000000084100000, 0x0000000084100000|100%| O|  |TAMS 0x0000000084100000| PB 0x0000000084100000| Untracked 
|  65|0x0000000084100000, 0x0000000084200000, 0x0000000084200000|100%| O|  |TAMS 0x0000000084200000| PB 0x0000000084200000| Untracked 
|  66|0x0000000084200000, 0x0000000084300000, 0x0000000084300000|100%| O|  |TAMS 0x0000000084300000| PB 0x0000000084300000| Untracked 
|  67|0x0000000084300000, 0x0000000084400000, 0x0000000084400000|100%| O|  |TAMS 0x0000000084400000| PB 0x0000000084400000| Updating 
|  68|0x0000000084400000, 0x0000000084500000, 0x0000000084500000|100%| O|  |TAMS 0x0000000084500000| PB 0x0000000084500000| Updating 
|  69|0x0000000084500000, 0x0000000084600000, 0x0000000084600000|100%| O|  |TAMS 0x0000000084500000| PB 0x0000000084500000| Untracked 
|  70|0x0000000084600000, 0x0000000084700000, 0x0000000084700000|100%| O|  |TAMS 0x0000000084700000| PB 0x0000000084700000| Updating 
|  71|0x0000000084700000, 0x0000000084800000, 0x0000000084800000|100%| O|  |TAMS 0x0000000084800000| PB 0x0000000084800000| Updating 
|  72|0x0000000084800000, 0x0000000084900000, 0x0000000084900000|100%| O|  |TAMS 0x0000000084900000| PB 0x0000000084900000| Untracked 
|  73|0x0000000084900000, 0x0000000084a00000, 0x0000000084a00000|100%| O|  |TAMS 0x0000000084a00000| PB 0x0000000084a00000| Updating 
|  74|0x0000000084a00000, 0x0000000084b00000, 0x0000000084b00000|100%| O|  |TAMS 0x0000000084b00000| PB 0x0000000084b00000| Untracked 
|  75|0x0000000084b00000, 0x0000000084c00000, 0x0000000084c00000|100%| O|  |TAMS 0x0000000084c00000| PB 0x0000000084c00000| Untracked 
|  76|0x0000000084c00000, 0x0000000084d00000, 0x0000000084d00000|100%| O|  |TAMS 0x0000000084d00000| PB 0x0000000084d00000| Updating 
|  77|0x0000000084d00000, 0x0000000084e00000, 0x0000000084e00000|100%| O|  |TAMS 0x0000000084e00000| PB 0x0000000084e00000| Updating 
|  78|0x0000000084e00000, 0x0000000084f00000, 0x0000000084f00000|100%| O|  |TAMS 0x0000000084f00000| PB 0x0000000084f00000| Untracked 
|  79|0x0000000084f00000, 0x0000000085000000, 0x0000000085000000|100%| O|  |TAMS 0x0000000085000000| PB 0x0000000085000000| Updating 
|  80|0x0000000085000000, 0x0000000085100000, 0x0000000085100000|100%| O|  |TAMS 0x0000000085100000| PB 0x0000000085100000| Updating 
|  81|0x0000000085100000, 0x0000000085200000, 0x0000000085200000|100%| O|  |TAMS 0x0000000085200000| PB 0x0000000085200000| Untracked 
|  82|0x0000000085200000, 0x0000000085300000, 0x0000000085300000|100%| O|  |TAMS 0x0000000085300000| PB 0x0000000085300000| Untracked 
|  83|0x0000000085300000, 0x0000000085400000, 0x0000000085400000|100%| O|  |TAMS 0x0000000085400000| PB 0x0000000085400000| Untracked 
|  84|0x0000000085400000, 0x0000000085500000, 0x0000000085500000|100%| O|  |TAMS 0x0000000085500000| PB 0x0000000085500000| Untracked 
|  85|0x0000000085500000, 0x0000000085600000, 0x0000000085600000|100%|HS|  |TAMS 0x0000000085600000| PB 0x0000000085500000| Complete 
|  86|0x0000000085600000, 0x0000000085700000, 0x0000000085700000|100%|HS|  |TAMS 0x0000000085700000| PB 0x0000000085600000| Complete 
|  87|0x0000000085700000, 0x0000000085800000, 0x0000000085800000|100%| O|  |TAMS 0x0000000085800000| PB 0x0000000085800000| Untracked 
|  88|0x0000000085800000, 0x0000000085900000, 0x0000000085900000|100%| O|  |TAMS 0x0000000085900000| PB 0x0000000085900000| Updating 
|  89|0x0000000085900000, 0x0000000085a00000, 0x0000000085a00000|100%| O|  |TAMS 0x0000000085a00000| PB 0x0000000085a00000| Untracked 
|  90|0x0000000085a00000, 0x0000000085b00000, 0x0000000085b00000|100%| O|  |TAMS 0x0000000085b00000| PB 0x0000000085b00000| Untracked 
|  91|0x0000000085b00000, 0x0000000085c00000, 0x0000000085c00000|100%| O|  |TAMS 0x0000000085c00000| PB 0x0000000085c00000| Untracked 
|  92|0x0000000085c00000, 0x0000000085d00000, 0x0000000085d00000|100%| O|  |TAMS 0x0000000085d00000| PB 0x0000000085d00000| Untracked 
|  93|0x0000000085d00000, 0x0000000085e00000, 0x0000000085e00000|100%| O|  |TAMS 0x0000000085e00000| PB 0x0000000085e00000| Updating 
|  94|0x0000000085e00000, 0x0000000085f00000, 0x0000000085f00000|100%| O|  |TAMS 0x0000000085f00000| PB 0x0000000085f00000| Updating 
|  95|0x0000000085f00000, 0x0000000086000000, 0x0000000086000000|100%| O|  |TAMS 0x0000000086000000| PB 0x0000000086000000| Updating 
|  96|0x0000000086000000, 0x0000000086100000, 0x0000000086100000|100%| O|  |TAMS 0x0000000086100000| PB 0x0000000086100000| Updating 
|  97|0x0000000086100000, 0x0000000086200000, 0x0000000086200000|100%| O|  |TAMS 0x0000000086200000| PB 0x0000000086200000| Untracked 
|  98|0x0000000086200000, 0x0000000086300000, 0x0000000086300000|100%| O|  |TAMS 0x0000000086300000| PB 0x0000000086300000| Updating 
|  99|0x0000000086300000, 0x0000000086400000, 0x0000000086400000|100%| O|  |TAMS 0x0000000086400000| PB 0x0000000086400000| Untracked 
| 100|0x0000000086400000, 0x0000000086500000, 0x0000000086500000|100%| O|  |TAMS 0x0000000086500000| PB 0x0000000086500000| Updating 
| 101|0x0000000086500000, 0x0000000086600000, 0x0000000086600000|100%|HS|  |TAMS 0x0000000086600000| PB 0x0000000086500000| Complete 
| 102|0x0000000086600000, 0x0000000086700000, 0x0000000086700000|100%|HS|  |TAMS 0x0000000086700000| PB 0x0000000086600000| Complete 
| 103|0x0000000086700000, 0x0000000086800000, 0x0000000086800000|100%| O|  |TAMS 0x0000000086800000| PB 0x0000000086800000| Untracked 
| 104|0x0000000086800000, 0x0000000086900000, 0x0000000086900000|100%|HS|  |TAMS 0x0000000086900000| PB 0x0000000086800000| Complete 
| 105|0x0000000086900000, 0x0000000086a00000, 0x0000000086a00000|100%| O|  |TAMS 0x0000000086a00000| PB 0x0000000086a00000| Untracked 
| 106|0x0000000086a00000, 0x0000000086b00000, 0x0000000086b00000|100%| O|  |TAMS 0x0000000086b00000| PB 0x0000000086b00000| Untracked 
| 107|0x0000000086b00000, 0x0000000086c00000, 0x0000000086c00000|100%|HS|  |TAMS 0x0000000086c00000| PB 0x0000000086b00000| Complete 
| 108|0x0000000086c00000, 0x0000000086d00000, 0x0000000086d00000|100%| O|  |TAMS 0x0000000086d00000| PB 0x0000000086d00000| Updating 
| 109|0x0000000086d00000, 0x0000000086e00000, 0x0000000086e00000|100%|HS|  |TAMS 0x0000000086e00000| PB 0x0000000086d00000| Complete 
| 110|0x0000000086e00000, 0x0000000086f00000, 0x0000000086f00000|100%| O|  |TAMS 0x0000000086f00000| PB 0x0000000086f00000| Updating 
| 111|0x0000000086f00000, 0x0000000087000000, 0x0000000087000000|100%|HS|  |TAMS 0x0000000087000000| PB 0x0000000086f00000| Complete 
| 112|0x0000000087000000, 0x0000000087100000, 0x0000000087100000|100%|HC|  |TAMS 0x0000000087100000| PB 0x0000000087000000| Complete 
| 113|0x0000000087100000, 0x0000000087200000, 0x0000000087200000|100%| O|  |TAMS 0x0000000087200000| PB 0x0000000087200000| Updating 
| 114|0x0000000087200000, 0x0000000087300000, 0x0000000087300000|100%|HS|  |TAMS 0x0000000087300000| PB 0x0000000087200000| Complete 
| 115|0x0000000087300000, 0x0000000087400000, 0x0000000087400000|100%| O|  |TAMS 0x0000000087400000| PB 0x0000000087400000| Untracked 
| 116|0x0000000087400000, 0x0000000087500000, 0x0000000087500000|100%| O|  |TAMS 0x0000000087500000| PB 0x0000000087500000| Untracked 
| 117|0x0000000087500000, 0x0000000087600000, 0x0000000087600000|100%| O|  |TAMS 0x0000000087600000| PB 0x0000000087600000| Untracked 
| 118|0x0000000087600000, 0x0000000087700000, 0x0000000087700000|100%| O|  |TAMS 0x0000000087700000| PB 0x0000000087700000| Updating 
| 119|0x0000000087700000, 0x0000000087800000, 0x0000000087800000|100%| O|  |TAMS 0x0000000087800000| PB 0x0000000087800000| Updating 
| 120|0x0000000087800000, 0x0000000087900000, 0x0000000087900000|100%| O|  |TAMS 0x0000000087900000| PB 0x0000000087900000| Untracked 
| 121|0x0000000087900000, 0x0000000087a00000, 0x0000000087a00000|100%| O|  |TAMS 0x0000000087900000| PB 0x0000000087900000| Untracked 
| 122|0x0000000087a00000, 0x0000000087b00000, 0x0000000087b00000|100%| O|  |TAMS 0x0000000087b00000| PB 0x0000000087b00000| Untracked 
| 123|0x0000000087b00000, 0x0000000087c00000, 0x0000000087c00000|100%| O|  |TAMS 0x0000000087c00000| PB 0x0000000087c00000| Untracked 
| 124|0x0000000087c00000, 0x0000000087d00000, 0x0000000087d00000|100%| O|  |TAMS 0x0000000087d00000| PB 0x0000000087d00000| Updating 
| 125|0x0000000087d00000, 0x0000000087e00000, 0x0000000087e00000|100%| O|  |TAMS 0x0000000087e00000| PB 0x0000000087e00000| Updating 
| 126|0x0000000087e00000, 0x0000000087f00000, 0x0000000087f00000|100%| O|  |TAMS 0x0000000087f00000| PB 0x0000000087f00000| Untracked 
| 127|0x0000000087f00000, 0x0000000088000000, 0x0000000088000000|100%| O|  |TAMS 0x0000000088000000| PB 0x0000000088000000| Updating 
| 128|0x0000000088000000, 0x0000000088100000, 0x0000000088100000|100%| O|  |TAMS 0x0000000088100000| PB 0x0000000088100000| Untracked 
| 129|0x0000000088100000, 0x0000000088200000, 0x0000000088200000|100%| O|  |TAMS 0x0000000088200000| PB 0x0000000088200000| Untracked 
| 130|0x0000000088200000, 0x0000000088300000, 0x0000000088300000|100%| O|  |TAMS 0x0000000088300000| PB 0x0000000088300000| Updating 
| 131|0x0000000088300000, 0x0000000088400000, 0x0000000088400000|100%| O|  |TAMS 0x0000000088400000| PB 0x0000000088400000| Updating 
| 132|0x0000000088400000, 0x0000000088500000, 0x0000000088500000|100%| O|  |TAMS 0x0000000088500000| PB 0x0000000088500000| Untracked 
| 133|0x0000000088500000, 0x0000000088600000, 0x0000000088600000|100%| O|  |TAMS 0x0000000088600000| PB 0x0000000088600000| Untracked 
| 134|0x0000000088600000, 0x0000000088700000, 0x0000000088700000|100%| O|  |TAMS 0x0000000088700000| PB 0x0000000088700000| Untracked 
| 135|0x0000000088700000, 0x0000000088800000, 0x0000000088800000|100%|HS|  |TAMS 0x0000000088800000| PB 0x0000000088700000| Complete 
| 136|0x0000000088800000, 0x0000000088900000, 0x0000000088900000|100%|HC|  |TAMS 0x0000000088900000| PB 0x0000000088800000| Complete 
| 137|0x0000000088900000, 0x0000000088a00000, 0x0000000088a00000|100%| O|  |TAMS 0x0000000088a00000| PB 0x0000000088a00000| Untracked 
| 138|0x0000000088a00000, 0x0000000088b00000, 0x0000000088b00000|100%| O|  |TAMS 0x0000000088a00000| PB 0x0000000088a00000| Untracked 
| 139|0x0000000088b00000, 0x0000000088c00000, 0x0000000088c00000|100%| O|  |TAMS 0x0000000088c00000| PB 0x0000000088c00000| Updating 
| 140|0x0000000088c00000, 0x0000000088d00000, 0x0000000088d00000|100%| O|  |TAMS 0x0000000088d00000| PB 0x0000000088d00000| Untracked 
| 141|0x0000000088d00000, 0x0000000088e00000, 0x0000000088e00000|100%| O|  |TAMS 0x0000000088e00000| PB 0x0000000088e00000| Updating 
| 142|0x0000000088e00000, 0x0000000088f00000, 0x0000000088f00000|100%| O|  |TAMS 0x0000000088f00000| PB 0x0000000088f00000| Updating 
| 143|0x0000000088f00000, 0x0000000089000000, 0x0000000089000000|100%| O|  |TAMS 0x0000000089000000| PB 0x0000000089000000| Untracked 
| 144|0x0000000089000000, 0x0000000089100000, 0x0000000089100000|100%| O|  |TAMS 0x0000000089100000| PB 0x0000000089100000| Updating 
| 145|0x0000000089100000, 0x0000000089200000, 0x0000000089200000|100%| O|  |TAMS 0x0000000089200000| PB 0x0000000089200000| Untracked 
| 146|0x0000000089200000, 0x0000000089300000, 0x0000000089300000|100%| O|  |TAMS 0x0000000089300000| PB 0x0000000089300000| Untracked 
| 147|0x0000000089300000, 0x0000000089400000, 0x0000000089400000|100%| O|  |TAMS 0x0000000089400000| PB 0x0000000089400000| Untracked 
| 148|0x0000000089400000, 0x0000000089500000, 0x0000000089500000|100%|HS|  |TAMS 0x0000000089500000| PB 0x0000000089400000| Complete 
| 149|0x0000000089500000, 0x0000000089600000, 0x0000000089600000|100%|HC|  |TAMS 0x0000000089600000| PB 0x0000000089500000| Complete 
| 150|0x0000000089600000, 0x0000000089700000, 0x0000000089700000|100%| O|  |TAMS 0x0000000089700000| PB 0x0000000089700000| Untracked 
| 151|0x0000000089700000, 0x0000000089800000, 0x0000000089800000|100%| O|  |TAMS 0x0000000089800000| PB 0x0000000089800000| Untracked 
| 152|0x0000000089800000, 0x0000000089900000, 0x0000000089900000|100%| O|  |TAMS 0x0000000089900000| PB 0x0000000089900000| Updating 
| 153|0x0000000089900000, 0x0000000089a00000, 0x0000000089a00000|100%| O|  |TAMS 0x0000000089a00000| PB 0x0000000089a00000| Updating 
| 154|0x0000000089a00000, 0x0000000089b00000, 0x0000000089b00000|100%|HS|  |TAMS 0x0000000089b00000| PB 0x0000000089a00000| Complete 
| 155|0x0000000089b00000, 0x0000000089c00000, 0x0000000089c00000|100%| O|  |TAMS 0x0000000089c00000| PB 0x0000000089c00000| Untracked 
| 156|0x0000000089c00000, 0x0000000089d00000, 0x0000000089d00000|100%| O|  |TAMS 0x0000000089d00000| PB 0x0000000089d00000| Untracked 
| 157|0x0000000089d00000, 0x0000000089e00000, 0x0000000089e00000|100%| O|  |TAMS 0x0000000089e00000| PB 0x0000000089e00000| Untracked 
| 158|0x0000000089e00000, 0x0000000089f00000, 0x0000000089f00000|100%| O|  |TAMS 0x0000000089f00000| PB 0x0000000089f00000| Untracked 
| 159|0x0000000089f00000, 0x000000008a000000, 0x000000008a000000|100%| O|  |TAMS 0x000000008a000000| PB 0x000000008a000000| Untracked 
| 160|0x000000008a000000, 0x000000008a100000, 0x000000008a100000|100%| O|  |TAMS 0x000000008a100000| PB 0x000000008a100000| Updating 
| 161|0x000000008a100000, 0x000000008a200000, 0x000000008a200000|100%| O|  |TAMS 0x000000008a200000| PB 0x000000008a200000| Updating 
| 162|0x000000008a200000, 0x000000008a300000, 0x000000008a300000|100%| O|  |TAMS 0x000000008a300000| PB 0x000000008a300000| Updating 
| 163|0x000000008a300000, 0x000000008a400000, 0x000000008a400000|100%| O|  |TAMS 0x000000008a400000| PB 0x000000008a400000| Updating 
| 164|0x000000008a400000, 0x000000008a500000, 0x000000008a500000|100%| O|  |TAMS 0x000000008a500000| PB 0x000000008a500000| Untracked 
| 165|0x000000008a500000, 0x000000008a600000, 0x000000008a600000|100%| O|  |TAMS 0x000000008a600000| PB 0x000000008a600000| Untracked 
| 166|0x000000008a600000, 0x000000008a700000, 0x000000008a700000|100%| O|  |TAMS 0x000000008a700000| PB 0x000000008a700000| Updating 
| 167|0x000000008a700000, 0x000000008a800000, 0x000000008a800000|100%| O|  |TAMS 0x000000008a800000| PB 0x000000008a800000| Updating 
| 168|0x000000008a800000, 0x000000008a900000, 0x000000008a900000|100%| O|  |TAMS 0x000000008a900000| PB 0x000000008a900000| Updating 
| 169|0x000000008a900000, 0x000000008aa00000, 0x000000008aa00000|100%| O|  |TAMS 0x000000008aa00000| PB 0x000000008aa00000| Updating 
| 170|0x000000008aa00000, 0x000000008ab00000, 0x000000008ab00000|100%| O|  |TAMS 0x000000008ab00000| PB 0x000000008ab00000| Updating 
| 171|0x000000008ab00000, 0x000000008ac00000, 0x000000008ac00000|100%| O|  |TAMS 0x000000008ac00000| PB 0x000000008ac00000| Untracked 
| 172|0x000000008ac00000, 0x000000008ad00000, 0x000000008ad00000|100%| O|  |TAMS 0x000000008ad00000| PB 0x000000008ad00000| Untracked 
| 173|0x000000008ad00000, 0x000000008ae00000, 0x000000008ae00000|100%| O|  |TAMS 0x000000008ae00000| PB 0x000000008ae00000| Untracked 
| 174|0x000000008ae00000, 0x000000008af00000, 0x000000008af00000|100%| O|  |TAMS 0x000000008af00000| PB 0x000000008af00000| Untracked 
| 175|0x000000008af00000, 0x000000008b000000, 0x000000008b000000|100%| O|  |TAMS 0x000000008b000000| PB 0x000000008b000000| Updating 
| 176|0x000000008b000000, 0x000000008b100000, 0x000000008b100000|100%| O|  |TAMS 0x000000008b100000| PB 0x000000008b100000| Updating 
| 177|0x000000008b100000, 0x000000008b200000, 0x000000008b200000|100%| O|  |TAMS 0x000000008b100000| PB 0x000000008b100000| Untracked 
| 178|0x000000008b200000, 0x000000008b300000, 0x000000008b300000|100%| O|  |TAMS 0x000000008b300000| PB 0x000000008b300000| Untracked 
| 179|0x000000008b300000, 0x000000008b400000, 0x000000008b400000|100%| O|  |TAMS 0x000000008b400000| PB 0x000000008b400000| Untracked 
| 180|0x000000008b400000, 0x000000008b500000, 0x000000008b500000|100%| O|  |TAMS 0x000000008b500000| PB 0x000000008b500000| Untracked 
| 181|0x000000008b500000, 0x000000008b600000, 0x000000008b600000|100%| O|  |TAMS 0x000000008b600000| PB 0x000000008b600000| Untracked 
| 182|0x000000008b600000, 0x000000008b700000, 0x000000008b700000|100%| O|  |TAMS 0x000000008b700000| PB 0x000000008b700000| Untracked 
| 183|0x000000008b700000, 0x000000008b800000, 0x000000008b800000|100%| O|  |TAMS 0x000000008b800000| PB 0x000000008b800000| Untracked 
| 184|0x000000008b800000, 0x000000008b900000, 0x000000008b900000|100%| O|  |TAMS 0x000000008b900000| PB 0x000000008b900000| Updating 
| 185|0x000000008b900000, 0x000000008ba00000, 0x000000008ba00000|100%| O|  |TAMS 0x000000008ba00000| PB 0x000000008ba00000| Updating 
| 186|0x000000008ba00000, 0x000000008bb00000, 0x000000008bb00000|100%| O|  |TAMS 0x000000008ba00000| PB 0x000000008ba00000| Untracked 
| 187|0x000000008bb00000, 0x000000008bc00000, 0x000000008bc00000|100%| O|  |TAMS 0x000000008bc00000| PB 0x000000008bc00000| Updating 
| 188|0x000000008bc00000, 0x000000008bd00000, 0x000000008bd00000|100%| O|  |TAMS 0x000000008bd00000| PB 0x000000008bd00000| Untracked 
| 189|0x000000008bd00000, 0x000000008be00000, 0x000000008be00000|100%| O|  |TAMS 0x000000008be00000| PB 0x000000008be00000| Untracked 
| 190|0x000000008be00000, 0x000000008bf00000, 0x000000008bf00000|100%| O|  |TAMS 0x000000008bf00000| PB 0x000000008bf00000| Updating 
| 191|0x000000008bf00000, 0x000000008c000000, 0x000000008c000000|100%| O|  |TAMS 0x000000008c000000| PB 0x000000008c000000| Updating 
| 192|0x000000008c000000, 0x000000008c100000, 0x000000008c100000|100%| O|  |TAMS 0x000000008c000000| PB 0x000000008c000000| Untracked 
| 193|0x000000008c100000, 0x000000008c200000, 0x000000008c200000|100%| O|  |TAMS 0x000000008c200000| PB 0x000000008c200000| Untracked 
| 194|0x000000008c200000, 0x000000008c300000, 0x000000008c300000|100%| O|  |TAMS 0x000000008c300000| PB 0x000000008c300000| Untracked 
| 195|0x000000008c300000, 0x000000008c400000, 0x000000008c400000|100%| O|  |TAMS 0x000000008c400000| PB 0x000000008c400000| Untracked 
| 196|0x000000008c400000, 0x000000008c500000, 0x000000008c500000|100%| O|  |TAMS 0x000000008c500000| PB 0x000000008c500000| Updating 
| 197|0x000000008c500000, 0x000000008c600000, 0x000000008c600000|100%| O|  |TAMS 0x000000008c500000| PB 0x000000008c500000| Untracked 
| 198|0x000000008c600000, 0x000000008c700000, 0x000000008c700000|100%| O|  |TAMS 0x000000008c600000| PB 0x000000008c600000| Untracked 
| 199|0x000000008c700000, 0x000000008c800000, 0x000000008c800000|100%| O|  |TAMS 0x000000008c700000| PB 0x000000008c700000| Untracked 
| 200|0x000000008c800000, 0x000000008c900000, 0x000000008c900000|100%| O|  |TAMS 0x000000008c800000| PB 0x000000008c800000| Untracked 
| 201|0x000000008c900000, 0x000000008ca00000, 0x000000008ca00000|100%| O|  |TAMS 0x000000008c900000| PB 0x000000008c900000| Untracked 
| 202|0x000000008ca00000, 0x000000008cb00000, 0x000000008cb00000|100%| O|  |TAMS 0x000000008ca00000| PB 0x000000008ca00000| Untracked 
| 203|0x000000008cb00000, 0x000000008cc00000, 0x000000008cc00000|100%| O|  |TAMS 0x000000008cb00000| PB 0x000000008cb00000| Untracked 
| 204|0x000000008cc00000, 0x000000008cd00000, 0x000000008cd00000|100%| O|  |TAMS 0x000000008cc00000| PB 0x000000008cc00000| Untracked 
| 205|0x000000008cd00000, 0x000000008ce00000, 0x000000008ce00000|100%| O|  |TAMS 0x000000008cd00000| PB 0x000000008cd00000| Untracked 
| 206|0x000000008ce00000, 0x000000008cf00000, 0x000000008cf00000|100%| O|  |TAMS 0x000000008ce00000| PB 0x000000008ce00000| Untracked 
| 207|0x000000008cf00000, 0x000000008d000000, 0x000000008d000000|100%| O|  |TAMS 0x000000008cf00000| PB 0x000000008cf00000| Untracked 
| 208|0x000000008d000000, 0x000000008d100000, 0x000000008d100000|100%| O|  |TAMS 0x000000008d100000| PB 0x000000008d100000| Untracked 
| 209|0x000000008d100000, 0x000000008d200000, 0x000000008d200000|100%| O|  |TAMS 0x000000008d200000| PB 0x000000008d200000| Updating 
| 210|0x000000008d200000, 0x000000008d300000, 0x000000008d300000|100%| O|  |TAMS 0x000000008d200000| PB 0x000000008d200000| Untracked 
| 211|0x000000008d300000, 0x000000008d400000, 0x000000008d400000|100%| O|  |TAMS 0x000000008d400000| PB 0x000000008d400000| Untracked 
| 212|0x000000008d400000, 0x000000008d416db0, 0x000000008d500000|  8%| O|  |TAMS 0x000000008d400000| PB 0x000000008d400000| Updating 
| 213|0x000000008d500000, 0x000000008d600000, 0x000000008d600000|100%| O|  |TAMS 0x000000008d600000| PB 0x000000008d600000| Untracked 
| 214|0x000000008d600000, 0x000000008d700000, 0x000000008d700000|100%| O|  |TAMS 0x000000008d700000| PB 0x000000008d700000| Untracked 
| 215|0x000000008d700000, 0x000000008d800000, 0x000000008d800000|100%| O|  |TAMS 0x000000008d800000| PB 0x000000008d800000| Updating 
| 216|0x000000008d800000, 0x000000008d900000, 0x000000008d900000|100%| O|  |TAMS 0x000000008d900000| PB 0x000000008d900000| Updating 
| 217|0x000000008d900000, 0x000000008da00000, 0x000000008da00000|100%| O|  |TAMS 0x000000008da00000| PB 0x000000008da00000| Untracked 
| 218|0x000000008da00000, 0x000000008db00000, 0x000000008db00000|100%| O|  |TAMS 0x000000008db00000| PB 0x000000008db00000| Untracked 
| 219|0x000000008db00000, 0x000000008dc00000, 0x000000008dc00000|100%| O|  |TAMS 0x000000008dc00000| PB 0x000000008dc00000| Untracked 
| 220|0x000000008dc00000, 0x000000008dd00000, 0x000000008dd00000|100%| O|  |TAMS 0x000000008dd00000| PB 0x000000008dd00000| Untracked 
| 221|0x000000008dd00000, 0x000000008de00000, 0x000000008de00000|100%| O|  |TAMS 0x000000008de00000| PB 0x000000008de00000| Untracked 
| 222|0x000000008de00000, 0x000000008de00000, 0x000000008df00000|  0%| F|  |TAMS 0x000000008de00000| PB 0x000000008de00000| Untracked 
| 223|0x000000008df00000, 0x000000008e000000, 0x000000008e000000|100%| O|  |TAMS 0x000000008e000000| PB 0x000000008e000000| Untracked 
| 224|0x000000008e000000, 0x000000008e100000, 0x000000008e100000|100%| O|  |TAMS 0x000000008e100000| PB 0x000000008e100000| Untracked 
| 225|0x000000008e100000, 0x000000008e200000, 0x000000008e200000|100%| O|  |TAMS 0x000000008e200000| PB 0x000000008e200000| Untracked 
| 226|0x000000008e200000, 0x000000008e300000, 0x000000008e300000|100%| O|  |TAMS 0x000000008e300000| PB 0x000000008e300000| Untracked 
| 227|0x000000008e300000, 0x000000008e300000, 0x000000008e400000|  0%| F|  |TAMS 0x000000008e300000| PB 0x000000008e300000| Untracked 
| 228|0x000000008e400000, 0x000000008e400000, 0x000000008e500000|  0%| F|  |TAMS 0x000000008e400000| PB 0x000000008e400000| Untracked 
| 229|0x000000008e500000, 0x000000008e500000, 0x000000008e600000|  0%| F|  |TAMS 0x000000008e500000| PB 0x000000008e500000| Untracked 
| 230|0x000000008e600000, 0x000000008e600000, 0x000000008e700000|  0%| F|  |TAMS 0x000000008e600000| PB 0x000000008e600000| Untracked 
| 231|0x000000008e700000, 0x000000008e700000, 0x000000008e800000|  0%| F|  |TAMS 0x000000008e700000| PB 0x000000008e700000| Untracked 
| 232|0x000000008e800000, 0x000000008e800000, 0x000000008e900000|  0%| F|  |TAMS 0x000000008e800000| PB 0x000000008e800000| Untracked 
| 233|0x000000008e900000, 0x000000008ea00000, 0x000000008ea00000|100%| O|  |TAMS 0x000000008ea00000| PB 0x000000008ea00000| Untracked 
| 234|0x000000008ea00000, 0x000000008eb00000, 0x000000008eb00000|100%| O|  |TAMS 0x000000008eb00000| PB 0x000000008eb00000| Untracked 
| 235|0x000000008eb00000, 0x000000008eb00000, 0x000000008ec00000|  0%| F|  |TAMS 0x000000008eb00000| PB 0x000000008eb00000| Untracked 
| 236|0x000000008ec00000, 0x000000008ed00000, 0x000000008ed00000|100%| O|  |TAMS 0x000000008ed00000| PB 0x000000008ed00000| Untracked 
| 237|0x000000008ed00000, 0x000000008ed00000, 0x000000008ee00000|  0%| F|  |TAMS 0x000000008ed00000| PB 0x000000008ed00000| Untracked 
| 238|0x000000008ee00000, 0x000000008ef00000, 0x000000008ef00000|100%| O|  |TAMS 0x000000008ef00000| PB 0x000000008ef00000| Untracked 
| 239|0x000000008ef00000, 0x000000008f000000, 0x000000008f000000|100%| O|  |TAMS 0x000000008f000000| PB 0x000000008f000000| Untracked 
| 240|0x000000008f000000, 0x000000008f100000, 0x000000008f100000|100%| O|  |TAMS 0x000000008f100000| PB 0x000000008f100000| Untracked 
| 241|0x000000008f100000, 0x000000008f200000, 0x000000008f200000|100%| O|  |TAMS 0x000000008f200000| PB 0x000000008f200000| Untracked 
| 242|0x000000008f200000, 0x000000008f300000, 0x000000008f300000|100%| O|  |TAMS 0x000000008f300000| PB 0x000000008f300000| Untracked 
| 243|0x000000008f300000, 0x000000008f400000, 0x000000008f400000|100%| O|  |TAMS 0x000000008f400000| PB 0x000000008f400000| Untracked 
| 244|0x000000008f400000, 0x000000008f500000, 0x000000008f500000|100%| O|  |TAMS 0x000000008f500000| PB 0x000000008f500000| Untracked 
| 245|0x000000008f500000, 0x000000008f600000, 0x000000008f600000|100%| O|  |TAMS 0x000000008f600000| PB 0x000000008f600000| Untracked 
| 246|0x000000008f600000, 0x000000008f700000, 0x000000008f700000|100%| O|  |TAMS 0x000000008f700000| PB 0x000000008f700000| Untracked 
| 247|0x000000008f700000, 0x000000008f800000, 0x000000008f800000|100%| O|  |TAMS 0x000000008f800000| PB 0x000000008f800000| Untracked 
| 248|0x000000008f800000, 0x000000008f900000, 0x000000008f900000|100%| O|  |TAMS 0x000000008f900000| PB 0x000000008f900000| Untracked 
| 249|0x000000008f900000, 0x000000008fa00000, 0x000000008fa00000|100%| O|  |TAMS 0x000000008fa00000| PB 0x000000008fa00000| Untracked 
| 250|0x000000008fa00000, 0x000000008fb00000, 0x000000008fb00000|100%| O|  |TAMS 0x000000008fb00000| PB 0x000000008fb00000| Untracked 
| 251|0x000000008fb00000, 0x000000008fb00000, 0x000000008fc00000|  0%| F|  |TAMS 0x000000008fb00000| PB 0x000000008fb00000| Untracked 
| 252|0x000000008fc00000, 0x000000008fc00000, 0x000000008fd00000|  0%| F|  |TAMS 0x000000008fc00000| PB 0x000000008fc00000| Untracked 
| 253|0x000000008fd00000, 0x000000008fd00000, 0x000000008fe00000|  0%| F|  |TAMS 0x000000008fd00000| PB 0x000000008fd00000| Untracked 
| 254|0x000000008fe00000, 0x000000008fe00000, 0x000000008ff00000|  0%| F|  |TAMS 0x000000008fe00000| PB 0x000000008fe00000| Untracked 
| 255|0x000000008ff00000, 0x000000008ff00000, 0x0000000090000000|  0%| F|  |TAMS 0x000000008ff00000| PB 0x000000008ff00000| Untracked 
| 256|0x0000000090000000, 0x0000000090100000, 0x0000000090100000|100%| O|  |TAMS 0x0000000090100000| PB 0x0000000090100000| Untracked 
| 257|0x0000000090100000, 0x0000000090100000, 0x0000000090200000|  0%| F|  |TAMS 0x0000000090100000| PB 0x0000000090100000| Untracked 
| 258|0x0000000090200000, 0x0000000090200000, 0x0000000090300000|  0%| F|  |TAMS 0x0000000090200000| PB 0x0000000090200000| Untracked 
| 259|0x0000000090300000, 0x0000000090400000, 0x0000000090400000|100%| O|  |TAMS 0x0000000090400000| PB 0x0000000090400000| Updating 
| 260|0x0000000090400000, 0x0000000090400000, 0x0000000090500000|  0%| F|  |TAMS 0x0000000090400000| PB 0x0000000090400000| Untracked 
| 261|0x0000000090500000, 0x0000000090500000, 0x0000000090600000|  0%| F|  |TAMS 0x0000000090500000| PB 0x0000000090500000| Untracked 
| 262|0x0000000090600000, 0x0000000090600000, 0x0000000090700000|  0%| F|  |TAMS 0x0000000090600000| PB 0x0000000090600000| Untracked 
| 263|0x0000000090700000, 0x0000000090700000, 0x0000000090800000|  0%| F|  |TAMS 0x0000000090700000| PB 0x0000000090700000| Untracked 
| 264|0x0000000090800000, 0x0000000090900000, 0x0000000090900000|100%| O|  |TAMS 0x0000000090900000| PB 0x0000000090900000| Untracked 
| 265|0x0000000090900000, 0x0000000090a00000, 0x0000000090a00000|100%| O|  |TAMS 0x0000000090a00000| PB 0x0000000090a00000| Updating 
| 266|0x0000000090a00000, 0x0000000090b00000, 0x0000000090b00000|100%| O|  |TAMS 0x0000000090b00000| PB 0x0000000090b00000| Updating 
| 267|0x0000000090b00000, 0x0000000090c00000, 0x0000000090c00000|100%| O|  |TAMS 0x0000000090c00000| PB 0x0000000090c00000| Updating 
| 268|0x0000000090c00000, 0x0000000090d00000, 0x0000000090d00000|100%| O|  |TAMS 0x0000000090ccd058| PB 0x0000000090ccd058| Updating 
| 269|0x0000000090d00000, 0x0000000090d00000, 0x0000000090e00000|  0%| F|  |TAMS 0x0000000090d00000| PB 0x0000000090d00000| Untracked 
| 270|0x0000000090e00000, 0x0000000090e00000, 0x0000000090f00000|  0%| F|  |TAMS 0x0000000090e00000| PB 0x0000000090e00000| Untracked 
| 271|0x0000000090f00000, 0x0000000090f00000, 0x0000000091000000|  0%| F|  |TAMS 0x0000000090f00000| PB 0x0000000090f00000| Untracked 
| 272|0x0000000091000000, 0x0000000091000000, 0x0000000091100000|  0%| F|  |TAMS 0x0000000091000000| PB 0x0000000091000000| Untracked 
| 273|0x0000000091100000, 0x0000000091100000, 0x0000000091200000|  0%| F|  |TAMS 0x0000000091100000| PB 0x0000000091100000| Untracked 
| 274|0x0000000091200000, 0x0000000091200000, 0x0000000091300000|  0%| F|  |TAMS 0x0000000091200000| PB 0x0000000091200000| Untracked 
| 275|0x0000000091300000, 0x0000000091300000, 0x0000000091400000|  0%| F|  |TAMS 0x0000000091300000| PB 0x0000000091300000| Untracked 
| 276|0x0000000091400000, 0x0000000091400000, 0x0000000091500000|  0%| F|  |TAMS 0x0000000091400000| PB 0x0000000091400000| Untracked 
| 277|0x0000000091500000, 0x0000000091500000, 0x0000000091600000|  0%| F|  |TAMS 0x0000000091500000| PB 0x0000000091500000| Untracked 
| 278|0x0000000091600000, 0x0000000091600000, 0x0000000091700000|  0%| F|  |TAMS 0x0000000091600000| PB 0x0000000091600000| Untracked 
| 279|0x0000000091700000, 0x0000000091700000, 0x0000000091800000|  0%| F|  |TAMS 0x0000000091700000| PB 0x0000000091700000| Untracked 
| 280|0x0000000091800000, 0x0000000091800000, 0x0000000091900000|  0%| F|  |TAMS 0x0000000091800000| PB 0x0000000091800000| Untracked 
| 281|0x0000000091900000, 0x0000000091900000, 0x0000000091a00000|  0%| F|  |TAMS 0x0000000091900000| PB 0x0000000091900000| Untracked 
| 282|0x0000000091a00000, 0x0000000091a00000, 0x0000000091b00000|  0%| F|  |TAMS 0x0000000091a00000| PB 0x0000000091a00000| Untracked 
| 283|0x0000000091b00000, 0x0000000091b00000, 0x0000000091c00000|  0%| F|  |TAMS 0x0000000091b00000| PB 0x0000000091b00000| Untracked 
| 284|0x0000000091c00000, 0x0000000091c00000, 0x0000000091d00000|  0%| F|  |TAMS 0x0000000091c00000| PB 0x0000000091c00000| Untracked 
| 285|0x0000000091d00000, 0x0000000091d00000, 0x0000000091e00000|  0%| F|  |TAMS 0x0000000091d00000| PB 0x0000000091d00000| Untracked 
| 286|0x0000000091e00000, 0x0000000091e00000, 0x0000000091f00000|  0%| F|  |TAMS 0x0000000091e00000| PB 0x0000000091e00000| Untracked 
| 287|0x0000000091f00000, 0x0000000091f00000, 0x0000000092000000|  0%| F|  |TAMS 0x0000000091f00000| PB 0x0000000091f00000| Untracked 
| 288|0x0000000092000000, 0x0000000092000000, 0x0000000092100000|  0%| F|  |TAMS 0x0000000092000000| PB 0x0000000092000000| Untracked 
| 289|0x0000000092100000, 0x0000000092100000, 0x0000000092200000|  0%| F|  |TAMS 0x0000000092100000| PB 0x0000000092100000| Untracked 
| 290|0x0000000092200000, 0x0000000092200000, 0x0000000092300000|  0%| F|  |TAMS 0x0000000092200000| PB 0x0000000092200000| Untracked 
| 291|0x0000000092300000, 0x00000000923ebce0, 0x0000000092400000| 92%| S|CS|TAMS 0x0000000092300000| PB 0x0000000092300000| Complete 
| 292|0x0000000092400000, 0x0000000092500000, 0x0000000092500000|100%| S|CS|TAMS 0x0000000092400000| PB 0x0000000092400000| Complete 
| 293|0x0000000092500000, 0x0000000092600000, 0x0000000092600000|100%| S|CS|TAMS 0x0000000092500000| PB 0x0000000092500000| Complete 
| 294|0x0000000092600000, 0x0000000092700000, 0x0000000092700000|100%| S|CS|TAMS 0x0000000092600000| PB 0x0000000092600000| Complete 
| 295|0x0000000092700000, 0x0000000092800000, 0x0000000092800000|100%| S|CS|TAMS 0x0000000092700000| PB 0x0000000092700000| Complete 
| 296|0x0000000092800000, 0x0000000092800000, 0x0000000092900000|  0%| F|  |TAMS 0x0000000092800000| PB 0x0000000092800000| Untracked 
| 297|0x0000000092900000, 0x0000000092900000, 0x0000000092a00000|  0%| F|  |TAMS 0x0000000092900000| PB 0x0000000092900000| Untracked 
| 298|0x0000000092a00000, 0x0000000092a00000, 0x0000000092b00000|  0%| F|  |TAMS 0x0000000092a00000| PB 0x0000000092a00000| Untracked 
| 299|0x0000000092b00000, 0x0000000092b00000, 0x0000000092c00000|  0%| F|  |TAMS 0x0000000092b00000| PB 0x0000000092b00000| Untracked 
| 300|0x0000000092c00000, 0x0000000092c00000, 0x0000000092d00000|  0%| F|  |TAMS 0x0000000092c00000| PB 0x0000000092c00000| Untracked 
| 301|0x0000000092d00000, 0x0000000092d00000, 0x0000000092e00000|  0%| F|  |TAMS 0x0000000092d00000| PB 0x0000000092d00000| Untracked 
| 302|0x0000000092e00000, 0x0000000092e00000, 0x0000000092f00000|  0%| F|  |TAMS 0x0000000092e00000| PB 0x0000000092e00000| Untracked 
| 303|0x0000000092f00000, 0x0000000092f00000, 0x0000000093000000|  0%| F|  |TAMS 0x0000000092f00000| PB 0x0000000092f00000| Untracked 
| 304|0x0000000093000000, 0x0000000093000000, 0x0000000093100000|  0%| F|  |TAMS 0x0000000093000000| PB 0x0000000093000000| Untracked 
| 305|0x0000000093100000, 0x0000000093100000, 0x0000000093200000|  0%| F|  |TAMS 0x0000000093100000| PB 0x0000000093100000| Untracked 
| 306|0x0000000093200000, 0x0000000093200000, 0x0000000093300000|  0%| F|  |TAMS 0x0000000093200000| PB 0x0000000093200000| Untracked 
| 307|0x0000000093300000, 0x0000000093300000, 0x0000000093400000|  0%| F|  |TAMS 0x0000000093300000| PB 0x0000000093300000| Untracked 
| 308|0x0000000093400000, 0x0000000093400000, 0x0000000093500000|  0%| F|  |TAMS 0x0000000093400000| PB 0x0000000093400000| Untracked 
| 309|0x0000000093500000, 0x0000000093500000, 0x0000000093600000|  0%| F|  |TAMS 0x0000000093500000| PB 0x0000000093500000| Untracked 
| 310|0x0000000093600000, 0x0000000093600000, 0x0000000093700000|  0%| F|  |TAMS 0x0000000093600000| PB 0x0000000093600000| Untracked 
| 311|0x0000000093700000, 0x0000000093700000, 0x0000000093800000|  0%| F|  |TAMS 0x0000000093700000| PB 0x0000000093700000| Untracked 
| 312|0x0000000093800000, 0x0000000093900000, 0x0000000093900000|100%| S|CS|TAMS 0x0000000093800000| PB 0x0000000093800000| Complete 
| 313|0x0000000093900000, 0x0000000093a00000, 0x0000000093a00000|100%| S|CS|TAMS 0x0000000093900000| PB 0x0000000093900000| Complete 
| 314|0x0000000093a00000, 0x0000000093b00000, 0x0000000093b00000|100%| S|CS|TAMS 0x0000000093a00000| PB 0x0000000093a00000| Complete 
| 315|0x0000000093b00000, 0x0000000093c00000, 0x0000000093c00000|100%| S|CS|TAMS 0x0000000093b00000| PB 0x0000000093b00000| Complete 
| 316|0x0000000093c00000, 0x0000000093c00000, 0x0000000093d00000|  0%| F|  |TAMS 0x0000000093c00000| PB 0x0000000093c00000| Untracked 
| 317|0x0000000093d00000, 0x0000000093d00000, 0x0000000093e00000|  0%| F|  |TAMS 0x0000000093d00000| PB 0x0000000093d00000| Untracked 
| 318|0x0000000093e00000, 0x0000000093e00000, 0x0000000093f00000|  0%| F|  |TAMS 0x0000000093e00000| PB 0x0000000093e00000| Untracked 
| 319|0x0000000093f00000, 0x0000000093f00000, 0x0000000094000000|  0%| F|  |TAMS 0x0000000093f00000| PB 0x0000000093f00000| Untracked 
| 320|0x0000000094000000, 0x0000000094000000, 0x0000000094100000|  0%| F|  |TAMS 0x0000000094000000| PB 0x0000000094000000| Untracked 
| 321|0x0000000094100000, 0x0000000094100000, 0x0000000094200000|  0%| F|  |TAMS 0x0000000094100000| PB 0x0000000094100000| Untracked 
| 322|0x0000000094200000, 0x0000000094200000, 0x0000000094300000|  0%| F|  |TAMS 0x0000000094200000| PB 0x0000000094200000| Untracked 
| 323|0x0000000094300000, 0x0000000094300000, 0x0000000094400000|  0%| F|  |TAMS 0x0000000094300000| PB 0x0000000094300000| Untracked 
| 324|0x0000000094400000, 0x0000000094400000, 0x0000000094500000|  0%| F|  |TAMS 0x0000000094400000| PB 0x0000000094400000| Untracked 
| 325|0x0000000094500000, 0x0000000094500000, 0x0000000094600000|  0%| F|  |TAMS 0x0000000094500000| PB 0x0000000094500000| Untracked 
| 326|0x0000000094600000, 0x0000000094600000, 0x0000000094700000|  0%| F|  |TAMS 0x0000000094600000| PB 0x0000000094600000| Untracked 
| 327|0x0000000094700000, 0x0000000094700000, 0x0000000094800000|  0%| F|  |TAMS 0x0000000094700000| PB 0x0000000094700000| Untracked 
| 328|0x0000000094800000, 0x0000000094800000, 0x0000000094900000|  0%| F|  |TAMS 0x0000000094800000| PB 0x0000000094800000| Untracked 
| 329|0x0000000094900000, 0x0000000094900000, 0x0000000094a00000|  0%| F|  |TAMS 0x0000000094900000| PB 0x0000000094900000| Untracked 
| 330|0x0000000094a00000, 0x0000000094a00000, 0x0000000094b00000|  0%| F|  |TAMS 0x0000000094a00000| PB 0x0000000094a00000| Untracked 
| 331|0x0000000094b00000, 0x0000000094b00000, 0x0000000094c00000|  0%| F|  |TAMS 0x0000000094b00000| PB 0x0000000094b00000| Untracked 
| 332|0x0000000094c00000, 0x0000000094c00000, 0x0000000094d00000|  0%| F|  |TAMS 0x0000000094c00000| PB 0x0000000094c00000| Untracked 
| 333|0x0000000094d00000, 0x0000000094d00000, 0x0000000094e00000|  0%| F|  |TAMS 0x0000000094d00000| PB 0x0000000094d00000| Untracked 
| 334|0x0000000094e00000, 0x0000000094e00000, 0x0000000094f00000|  0%| F|  |TAMS 0x0000000094e00000| PB 0x0000000094e00000| Untracked 
| 335|0x0000000094f00000, 0x0000000094f00000, 0x0000000095000000|  0%| F|  |TAMS 0x0000000094f00000| PB 0x0000000094f00000| Untracked 
| 336|0x0000000095000000, 0x0000000095000000, 0x0000000095100000|  0%| F|  |TAMS 0x0000000095000000| PB 0x0000000095000000| Untracked 
| 337|0x0000000095100000, 0x0000000095100000, 0x0000000095200000|  0%| F|  |TAMS 0x0000000095100000| PB 0x0000000095100000| Untracked 
| 338|0x0000000095200000, 0x0000000095200000, 0x0000000095300000|  0%| F|  |TAMS 0x0000000095200000| PB 0x0000000095200000| Untracked 
| 339|0x0000000095300000, 0x0000000095300000, 0x0000000095400000|  0%| F|  |TAMS 0x0000000095300000| PB 0x0000000095300000| Untracked 
| 340|0x0000000095400000, 0x0000000095400000, 0x0000000095500000|  0%| F|  |TAMS 0x0000000095400000| PB 0x0000000095400000| Untracked 
| 341|0x0000000095500000, 0x0000000095500000, 0x0000000095600000|  0%| F|  |TAMS 0x0000000095500000| PB 0x0000000095500000| Untracked 
| 342|0x0000000095600000, 0x0000000095600000, 0x0000000095700000|  0%| F|  |TAMS 0x0000000095600000| PB 0x0000000095600000| Untracked 
| 343|0x0000000095700000, 0x0000000095700000, 0x0000000095800000|  0%| F|  |TAMS 0x0000000095700000| PB 0x0000000095700000| Untracked 
| 344|0x0000000095800000, 0x0000000095800000, 0x0000000095900000|  0%| F|  |TAMS 0x0000000095800000| PB 0x0000000095800000| Untracked 
| 345|0x0000000095900000, 0x0000000095900000, 0x0000000095a00000|  0%| F|  |TAMS 0x0000000095900000| PB 0x0000000095900000| Untracked 
| 346|0x0000000095a00000, 0x0000000095a00000, 0x0000000095b00000|  0%| F|  |TAMS 0x0000000095a00000| PB 0x0000000095a00000| Untracked 
| 347|0x0000000095b00000, 0x0000000095b00000, 0x0000000095c00000|  0%| F|  |TAMS 0x0000000095b00000| PB 0x0000000095b00000| Untracked 
| 348|0x0000000095c00000, 0x0000000095c00000, 0x0000000095d00000|  0%| F|  |TAMS 0x0000000095c00000| PB 0x0000000095c00000| Untracked 
| 349|0x0000000095d00000, 0x0000000095d00000, 0x0000000095e00000|  0%| F|  |TAMS 0x0000000095d00000| PB 0x0000000095d00000| Untracked 
| 350|0x0000000095e00000, 0x0000000095e00000, 0x0000000095f00000|  0%| F|  |TAMS 0x0000000095e00000| PB 0x0000000095e00000| Untracked 
| 351|0x0000000095f00000, 0x0000000095f00000, 0x0000000096000000|  0%| F|  |TAMS 0x0000000095f00000| PB 0x0000000095f00000| Untracked 
| 352|0x0000000096000000, 0x0000000096000000, 0x0000000096100000|  0%| F|  |TAMS 0x0000000096000000| PB 0x0000000096000000| Untracked 
| 353|0x0000000096100000, 0x0000000096100000, 0x0000000096200000|  0%| F|  |TAMS 0x0000000096100000| PB 0x0000000096100000| Untracked 
| 354|0x0000000096200000, 0x0000000096200000, 0x0000000096300000|  0%| F|  |TAMS 0x0000000096200000| PB 0x0000000096200000| Untracked 
| 355|0x0000000096300000, 0x0000000096300000, 0x0000000096400000|  0%| F|  |TAMS 0x0000000096300000| PB 0x0000000096300000| Untracked 
| 356|0x0000000096400000, 0x0000000096400000, 0x0000000096500000|  0%| F|  |TAMS 0x0000000096400000| PB 0x0000000096400000| Untracked 
| 357|0x0000000096500000, 0x0000000096500000, 0x0000000096600000|  0%| F|  |TAMS 0x0000000096500000| PB 0x0000000096500000| Untracked 
| 358|0x0000000096600000, 0x0000000096600000, 0x0000000096700000|  0%| F|  |TAMS 0x0000000096600000| PB 0x0000000096600000| Untracked 
| 359|0x0000000096700000, 0x0000000096700000, 0x0000000096800000|  0%| F|  |TAMS 0x0000000096700000| PB 0x0000000096700000| Untracked 
| 360|0x0000000096800000, 0x0000000096800000, 0x0000000096900000|  0%| F|  |TAMS 0x0000000096800000| PB 0x0000000096800000| Untracked 
| 361|0x0000000096900000, 0x0000000096900000, 0x0000000096a00000|  0%| F|  |TAMS 0x0000000096900000| PB 0x0000000096900000| Untracked 
| 362|0x0000000096a00000, 0x0000000096a00000, 0x0000000096b00000|  0%| F|  |TAMS 0x0000000096a00000| PB 0x0000000096a00000| Untracked 
| 363|0x0000000096b00000, 0x0000000096b00000, 0x0000000096c00000|  0%| F|  |TAMS 0x0000000096b00000| PB 0x0000000096b00000| Untracked 
| 364|0x0000000096c00000, 0x0000000096c00000, 0x0000000096d00000|  0%| F|  |TAMS 0x0000000096c00000| PB 0x0000000096c00000| Untracked 
| 365|0x0000000096d00000, 0x0000000096d00000, 0x0000000096e00000|  0%| F|  |TAMS 0x0000000096d00000| PB 0x0000000096d00000| Untracked 
| 366|0x0000000096e00000, 0x0000000096e00000, 0x0000000096f00000|  0%| F|  |TAMS 0x0000000096e00000| PB 0x0000000096e00000| Untracked 
| 367|0x0000000096f00000, 0x0000000096f00000, 0x0000000097000000|  0%| F|  |TAMS 0x0000000096f00000| PB 0x0000000096f00000| Untracked 
| 368|0x0000000097000000, 0x0000000097000000, 0x0000000097100000|  0%| F|  |TAMS 0x0000000097000000| PB 0x0000000097000000| Untracked 
| 369|0x0000000097100000, 0x0000000097100000, 0x0000000097200000|  0%| F|  |TAMS 0x0000000097100000| PB 0x0000000097100000| Untracked 
| 370|0x0000000097200000, 0x0000000097200000, 0x0000000097300000|  0%| F|  |TAMS 0x0000000097200000| PB 0x0000000097200000| Untracked 
| 371|0x0000000097300000, 0x0000000097300000, 0x0000000097400000|  0%| F|  |TAMS 0x0000000097300000| PB 0x0000000097300000| Untracked 
|1990|0x00000000fc600000, 0x00000000fc600000, 0x00000000fc700000|  0%| F|  |TAMS 0x00000000fc600000| PB 0x00000000fc600000| Untracked 
|1991|0x00000000fc700000, 0x00000000fc700000, 0x00000000fc800000|  0%| F|  |TAMS 0x00000000fc700000| PB 0x00000000fc700000| Untracked 
|1992|0x00000000fc800000, 0x00000000fc800000, 0x00000000fc900000|  0%| F|  |TAMS 0x00000000fc800000| PB 0x00000000fc800000| Untracked 
|1993|0x00000000fc900000, 0x00000000fc900000, 0x00000000fca00000|  0%| F|  |TAMS 0x00000000fc900000| PB 0x00000000fc900000| Untracked 
|1994|0x00000000fca00000, 0x00000000fca00000, 0x00000000fcb00000|  0%| F|  |TAMS 0x00000000fca00000| PB 0x00000000fca00000| Untracked 
|1995|0x00000000fcb00000, 0x00000000fcb00000, 0x00000000fcc00000|  0%| F|  |TAMS 0x00000000fcb00000| PB 0x00000000fcb00000| Untracked 
|1996|0x00000000fcc00000, 0x00000000fcc00000, 0x00000000fcd00000|  0%| F|  |TAMS 0x00000000fcc00000| PB 0x00000000fcc00000| Untracked 
|1997|0x00000000fcd00000, 0x00000000fcd00000, 0x00000000fce00000|  0%| F|  |TAMS 0x00000000fcd00000| PB 0x00000000fcd00000| Untracked 
|1998|0x00000000fce00000, 0x00000000fce00000, 0x00000000fcf00000|  0%| F|  |TAMS 0x00000000fce00000| PB 0x00000000fce00000| Untracked 
|1999|0x00000000fcf00000, 0x00000000fcf00000, 0x00000000fd000000|  0%| F|  |TAMS 0x00000000fcf00000| PB 0x00000000fcf00000| Untracked 
|2000|0x00000000fd000000, 0x00000000fd100000, 0x00000000fd100000|100%| O|  |TAMS 0x00000000fd100000| PB 0x00000000fd100000| Updating 
|2001|0x00000000fd100000, 0x00000000fd100000, 0x00000000fd200000|  0%| F|  |TAMS 0x00000000fd100000| PB 0x00000000fd100000| Untracked 
|2002|0x00000000fd200000, 0x00000000fd200000, 0x00000000fd300000|  0%| F|  |TAMS 0x00000000fd200000| PB 0x00000000fd200000| Untracked 
|2003|0x00000000fd300000, 0x00000000fd300000, 0x00000000fd400000|  0%| F|  |TAMS 0x00000000fd300000| PB 0x00000000fd300000| Untracked 
|2004|0x00000000fd400000, 0x00000000fd400000, 0x00000000fd500000|  0%| F|  |TAMS 0x00000000fd400000| PB 0x00000000fd400000| Untracked 
|2005|0x00000000fd500000, 0x00000000fd500000, 0x00000000fd600000|  0%| F|  |TAMS 0x00000000fd500000| PB 0x00000000fd500000| Untracked 
|2006|0x00000000fd600000, 0x00000000fd600000, 0x00000000fd700000|  0%| F|  |TAMS 0x00000000fd600000| PB 0x00000000fd600000| Untracked 
|2007|0x00000000fd700000, 0x00000000fd700000, 0x00000000fd800000|  0%| F|  |TAMS 0x00000000fd700000| PB 0x00000000fd700000| Untracked 
|2008|0x00000000fd800000, 0x00000000fd800000, 0x00000000fd900000|  0%| F|  |TAMS 0x00000000fd800000| PB 0x00000000fd800000| Untracked 
|2009|0x00000000fd900000, 0x00000000fd900000, 0x00000000fda00000|  0%| F|  |TAMS 0x00000000fd900000| PB 0x00000000fd900000| Untracked 
|2010|0x00000000fda00000, 0x00000000fda00000, 0x00000000fdb00000|  0%| F|  |TAMS 0x00000000fda00000| PB 0x00000000fda00000| Untracked 
|2011|0x00000000fdb00000, 0x00000000fdb00000, 0x00000000fdc00000|  0%| F|  |TAMS 0x00000000fdb00000| PB 0x00000000fdb00000| Untracked 
|2012|0x00000000fdc00000, 0x00000000fdc00000, 0x00000000fdd00000|  0%| F|  |TAMS 0x00000000fdc00000| PB 0x00000000fdc00000| Untracked 
|2013|0x00000000fdd00000, 0x00000000fdd00000, 0x00000000fde00000|  0%| F|  |TAMS 0x00000000fdd00000| PB 0x00000000fdd00000| Untracked 
|2014|0x00000000fde00000, 0x00000000fde00000, 0x00000000fdf00000|  0%| F|  |TAMS 0x00000000fde00000| PB 0x00000000fde00000| Untracked 
|2015|0x00000000fdf00000, 0x00000000fdf00000, 0x00000000fe000000|  0%| F|  |TAMS 0x00000000fdf00000| PB 0x00000000fdf00000| Untracked 
|2016|0x00000000fe000000, 0x00000000fe000000, 0x00000000fe100000|  0%| F|  |TAMS 0x00000000fe000000| PB 0x00000000fe000000| Untracked 
|2017|0x00000000fe100000, 0x00000000fe100000, 0x00000000fe200000|  0%| F|  |TAMS 0x00000000fe100000| PB 0x00000000fe100000| Untracked 
|2018|0x00000000fe200000, 0x00000000fe200000, 0x00000000fe300000|  0%| F|  |TAMS 0x00000000fe200000| PB 0x00000000fe200000| Untracked 
|2019|0x00000000fe300000, 0x00000000fe300000, 0x00000000fe400000|  0%| F|  |TAMS 0x00000000fe300000| PB 0x00000000fe300000| Untracked 
|2020|0x00000000fe400000, 0x00000000fe400000, 0x00000000fe500000|  0%| F|  |TAMS 0x00000000fe400000| PB 0x00000000fe400000| Untracked 
|2021|0x00000000fe500000, 0x00000000fe500000, 0x00000000fe600000|  0%| F|  |TAMS 0x00000000fe500000| PB 0x00000000fe500000| Untracked 
|2022|0x00000000fe600000, 0x00000000fe600000, 0x00000000fe700000|  0%| F|  |TAMS 0x00000000fe600000| PB 0x00000000fe600000| Untracked 
|2023|0x00000000fe700000, 0x00000000fe700000, 0x00000000fe800000|  0%| F|  |TAMS 0x00000000fe700000| PB 0x00000000fe700000| Untracked 
|2024|0x00000000fe800000, 0x00000000fe800000, 0x00000000fe900000|  0%| F|  |TAMS 0x00000000fe800000| PB 0x00000000fe800000| Untracked 
|2025|0x00000000fe900000, 0x00000000fe900000, 0x00000000fea00000|  0%| F|  |TAMS 0x00000000fe900000| PB 0x00000000fe900000| Untracked 
|2026|0x00000000fea00000, 0x00000000fea00000, 0x00000000feb00000|  0%| F|  |TAMS 0x00000000fea00000| PB 0x00000000fea00000| Untracked 
|2027|0x00000000feb00000, 0x00000000feb00000, 0x00000000fec00000|  0%| F|  |TAMS 0x00000000feb00000| PB 0x00000000feb00000| Untracked 
|2028|0x00000000fec00000, 0x00000000fec00000, 0x00000000fed00000|  0%| F|  |TAMS 0x00000000fec00000| PB 0x00000000fec00000| Untracked 
|2029|0x00000000fed00000, 0x00000000fee00000, 0x00000000fee00000|100%| O|  |TAMS 0x00000000fee00000| PB 0x00000000fee00000| Updating 
|2030|0x00000000fee00000, 0x00000000fee00000, 0x00000000fef00000|  0%| F|  |TAMS 0x00000000fee00000| PB 0x00000000fee00000| Untracked 
|2031|0x00000000fef00000, 0x00000000fef00000, 0x00000000ff000000|  0%| F|  |TAMS 0x00000000fef00000| PB 0x00000000fef00000| Untracked 
|2032|0x00000000ff000000, 0x00000000ff000000, 0x00000000ff100000|  0%| F|  |TAMS 0x00000000ff000000| PB 0x00000000ff000000| Untracked 
|2033|0x00000000ff100000, 0x00000000ff100000, 0x00000000ff200000|  0%| F|  |TAMS 0x00000000ff100000| PB 0x00000000ff100000| Untracked 
|2034|0x00000000ff200000, 0x00000000ff200000, 0x00000000ff300000|  0%| F|  |TAMS 0x00000000ff200000| PB 0x00000000ff200000| Untracked 
|2035|0x00000000ff300000, 0x00000000ff300000, 0x00000000ff400000|  0%| F|  |TAMS 0x00000000ff300000| PB 0x00000000ff300000| Untracked 
|2036|0x00000000ff400000, 0x00000000ff480000, 0x00000000ff500000| 50%| E|  |TAMS 0x00000000ff400000| PB 0x00000000ff400000| Complete 
|2037|0x00000000ff500000, 0x00000000ff600000, 0x00000000ff600000|100%| E|CS|TAMS 0x00000000ff500000| PB 0x00000000ff500000| Complete 
|2038|0x00000000ff600000, 0x00000000ff700000, 0x00000000ff700000|100%| E|CS|TAMS 0x00000000ff600000| PB 0x00000000ff600000| Complete 
|2039|0x00000000ff700000, 0x00000000ff800000, 0x00000000ff800000|100%| E|CS|TAMS 0x00000000ff700000| PB 0x00000000ff700000| Complete 
|2040|0x00000000ff800000, 0x00000000ff900000, 0x00000000ff900000|100%| O|  |TAMS 0x00000000ff900000| PB 0x00000000ff900000| Untracked 
|2041|0x00000000ff900000, 0x00000000ffa00000, 0x00000000ffa00000|100%| O|  |TAMS 0x00000000ffa00000| PB 0x00000000ffa00000| Untracked 
|2042|0x00000000ffa00000, 0x00000000ffb00000, 0x00000000ffb00000|100%| O|  |TAMS 0x00000000ffb00000| PB 0x00000000ffb00000| Untracked 
|2043|0x00000000ffb00000, 0x00000000ffc00000, 0x00000000ffc00000|100%| O|  |TAMS 0x00000000ffc00000| PB 0x00000000ffc00000| Untracked 
|2044|0x00000000ffc00000, 0x00000000ffd00000, 0x00000000ffd00000|100%| O|  |TAMS 0x00000000ffd00000| PB 0x00000000ffd00000| Untracked 
|2045|0x00000000ffd00000, 0x00000000ffe00000, 0x00000000ffe00000|100%| O|  |TAMS 0x00000000ffe00000| PB 0x00000000ffe00000| Untracked 
|2046|0x00000000ffe00000, 0x00000000fff00000, 0x00000000fff00000|100%| O|  |TAMS 0x00000000fff00000| PB 0x00000000fff00000| Untracked 
|2047|0x00000000fff00000, 0x0000000100000000, 0x0000000100000000|100%| O|  |TAMS 0x0000000100000000| PB 0x0000000100000000| Untracked 

Card table byte_map: [0x0000020173df0000,0x00000201741f0000] _byte_map_base: 0x00000201739f0000

Marking Bits: (CMBitMap*) 0x00000201703c9da0
 Bits: [0x00000201741f0000, 0x00000201761f0000)

Polling page: 0x000002016df20000

Metaspace:

Usage:
  Non-class:    211.16 MB used.
      Class:     31.08 MB used.
       Both:    242.24 MB used.

Virtual space:
  Non-class space:      256.00 MB reserved,     212.62 MB ( 83%) committed,  4 nodes.
      Class space:        1.00 GB reserved,      32.50 MB (  3%) committed,  1 nodes.
             Both:        1.25 GB reserved,     245.12 MB ( 19%) committed. 

Chunk freelists:
   Non-Class:  10.72 MB
       Class:  15.48 MB
        Both:  26.20 MB

MaxMetaspaceSize: unlimited
CompressedClassSpaceSize: 1.00 GB
Initial GC threshold: 21.00 MB
Current GC threshold: 396.81 MB
CDS: off
 - commit_granule_bytes: 65536.
 - commit_granule_words: 8192.
 - virtual_space_node_default_size: 8388608.
 - enlarge_chunks_in_place: 1.
 - use_allocation_guard: 0.


Internal statistics:

num_allocs_failed_limit: 9.
num_arena_births: 5470.
num_arena_deaths: 2.
num_vsnodes_births: 5.
num_vsnodes_deaths: 0.
num_space_committed: 3917.
num_space_uncommitted: 0.
num_chunks_returned_to_freelist: 11.
num_chunks_taken_from_freelist: 15438.
num_chunk_merges: 6.
num_chunk_splits: 10945.
num_chunks_enlarged: 7919.
num_inconsistent_stats: 0.

CodeHeap 'non-profiled nmethods': size=120000Kb used=10986Kb max_used=13542Kb free=109013Kb
 bounds [0x0000020107ad0000, 0x0000020108870000, 0x000002010f000000]
CodeHeap 'profiled nmethods': size=120000Kb used=39312Kb max_used=47219Kb free=80687Kb
 bounds [0x0000020100000000, 0x0000020102ec0000, 0x0000020107530000]
CodeHeap 'non-nmethods': size=5760Kb used=2424Kb max_used=2489Kb free=3335Kb
 bounds [0x0000020107530000, 0x00000201077b0000, 0x0000020107ad0000]
CodeCache: size=245760Kb, used=52722Kb, max_used=63250Kb, free=193035Kb
 total_blobs=15921, nmethods=14681, adapters=1141, full_count=0
Compilation: enabled, stopped_count=0, restarted_count=0

Compilation events (20 events):
Event: 447.671 Thread 0x000002017d0f59e0 28357       3       kotlin.jvm.internal.SpreadBuilder::size (8 bytes)
Event: 447.671 Thread 0x000002017d0f59e0 nmethod 28357 0x0000020101ba3490 code [0x0000020101ba3640, 0x0000020101ba3810]
Event: 447.705 Thread 0x000002017d0f59e0 28358       1       org.gradle.api.internal.artifacts.configurations.DefaultConfiguration::isCanBeResolved (5 bytes)
Event: 447.705 Thread 0x000002017d0f59e0 nmethod 28358 0x0000020107ed4790 code [0x0000020107ed4920, 0x0000020107ed49f0]
Event: 447.705 Thread 0x000002017d0f59e0 28359       3       org.gradle.api.internal.CompositeDomainObjectSet::getStore (11 bytes)
Event: 447.706 Thread 0x000002017d0f59e0 nmethod 28359 0x0000020102810490 code [0x0000020102810660, 0x0000020102810a70]
Event: 447.706 Thread 0x000002017d0f59e0 28360       3       org.gradle.api.internal.artifacts.configurations.DefaultConfigurationFactory::create (113 bytes)
Event: 447.706 Thread 0x000002017d0f59e0 nmethod 28360 0x0000020102eaaf10 code [0x0000020102eab1e0, 0x0000020102eac8b0]
Event: 447.706 Thread 0x000002017d0f59e0 28362       3       org.gradle.api.internal.artifacts.configurations.DefaultConfigurationContainer_Decorated::getEventRegister (39 bytes)
Event: 447.707 Thread 0x000002017d0f59e0 nmethod 28362 0x0000020100680110 code [0x0000020100680300, 0x0000020100680808]
Event: 447.707 Thread 0x000002017d0f59e0 28361       3       java.lang.invoke.LambdaForm$MH/0x0000000100833400::invoke (251 bytes)
Event: 447.708 Thread 0x000002017d0f59e0 nmethod 28361 0x0000020102eacd90 code [0x0000020102ead0a0, 0x0000020102eaec78]
Event: 447.756 Thread 0x000002017d0f59e0 28363       3       com.google.common.collect.Iterables::transform (20 bytes)
Event: 447.757 Thread 0x000002017d0f59e0 nmethod 28363 0x0000020101b6ef90 code [0x0000020101b6f1a0, 0x0000020101b6f878]
Event: 447.757 Thread 0x000002017d0f59e0 28364       3       com.google.common.collect.Iterables$5::<init> (15 bytes)
Event: 447.757 Thread 0x000002017d0f59e0 nmethod 28364 0x000002010281fa90 code [0x000002010281fc60, 0x0000020102820000]
Event: 447.877 Thread 0x000002017d0f59e0 28365       3       java.lang.invoke.LambdaFormEditor::filterArgumentsForm (74 bytes)
Event: 447.877 Thread 0x000002017d0f59e0 nmethod 28365 0x0000020101599e90 code [0x000002010159a080, 0x000002010159a330]
Event: 447.979 Thread 0x000002017d0f59e0 28366       3       org.gradle.api.internal.project.DefaultProject::files (16 bytes)
Event: 447.982 Thread 0x000002017d0f59e0 nmethod 28366 0x0000020102eaf590 code [0x0000020102eaf8e0, 0x0000020102eb0f00]

GC Heap History (20 events):
Event: 431.170 GC heap before
{Heap before GC invocations=76 (full 0):
 garbage-first heap   total 401408K, used 262550K [0x0000000080000000, 0x0000000100000000)
  region size 1024K, 80 young (81920K), 18 survivors (18432K)
 Metaspace       used 226475K, committed 229248K, reserved 1310720K
  class space    used 29248K, committed 30592K, reserved 1048576K
}
Event: 431.214 GC heap after
{Heap after GC invocations=77 (full 0):
 garbage-first heap   total 401408K, used 220160K [0x0000000080000000, 0x0000000100000000)
  region size 1024K, 24 young (24576K), 24 survivors (24576K)
 Metaspace       used 226475K, committed 229248K, reserved 1310720K
  class space    used 29248K, committed 30592K, reserved 1048576K
}
Event: 433.331 GC heap before
{Heap before GC invocations=78 (full 0):
 garbage-first heap   total 401408K, used 331776K [0x0000000080000000, 0x0000000100000000)
  region size 1024K, 132 young (135168K), 24 survivors (24576K)
 Metaspace       used 226850K, committed 229696K, reserved 1310720K
  class space    used 29263K, committed 30656K, reserved 1048576K
}
Event: 433.380 GC heap after
{Heap after GC invocations=79 (full 0):
 garbage-first heap   total 401408K, used 254470K [0x0000000080000000, 0x0000000100000000)
  region size 1024K, 17 young (17408K), 17 survivors (17408K)
 Metaspace       used 226850K, committed 229696K, reserved 1310720K
  class space    used 29263K, committed 30656K, reserved 1048576K
}
Event: 434.096 GC heap before
{Heap before GC invocations=79 (full 0):
 garbage-first heap   total 401408K, used 343558K [0x0000000080000000, 0x0000000100000000)
  region size 1024K, 103 young (105472K), 17 survivors (17408K)
 Metaspace       used 227068K, committed 229888K, reserved 1310720K
  class space    used 29263K, committed 30656K, reserved 1048576K
}
Event: 434.130 GC heap after
{Heap after GC invocations=80 (full 0):
 garbage-first heap   total 401408K, used 286208K [0x0000000080000000, 0x0000000100000000)
  region size 1024K, 13 young (13312K), 13 survivors (13312K)
 Metaspace       used 227068K, committed 229888K, reserved 1310720K
  class space    used 29263K, committed 30656K, reserved 1048576K
}
Event: 434.140 GC heap before
{Heap before GC invocations=80 (full 0):
 garbage-first heap   total 401408K, used 288256K [0x0000000080000000, 0x0000000100000000)
  region size 1024K, 16 young (16384K), 13 survivors (13312K)
 Metaspace       used 227071K, committed 229952K, reserved 1310720K
  class space    used 29263K, committed 30656K, reserved 1048576K
}
Event: 434.150 GC heap after
{Heap after GC invocations=81 (full 0):
 garbage-first heap   total 401408K, used 291181K [0x0000000080000000, 0x0000000100000000)
  region size 1024K, 3 young (3072K), 3 survivors (3072K)
 Metaspace       used 227071K, committed 229952K, reserved 1310720K
  class space    used 29263K, committed 30656K, reserved 1048576K
}
Event: 435.717 GC heap before
{Heap before GC invocations=82 (full 0):
 garbage-first heap   total 440320K, used 330093K [0x0000000080000000, 0x0000000100000000)
  region size 1024K, 67 young (68608K), 3 survivors (3072K)
 Metaspace       used 229191K, committed 232064K, reserved 1310720K
  class space    used 29510K, committed 30912K, reserved 1048576K
}
Event: 435.727 GC heap after
{Heap after GC invocations=83 (full 0):
 garbage-first heap   total 440320K, used 274432K [0x0000000080000000, 0x0000000100000000)
  region size 1024K, 9 young (9216K), 9 survivors (9216K)
 Metaspace       used 229191K, committed 232064K, reserved 1310720K
  class space    used 29510K, committed 30912K, reserved 1048576K
}
Event: 438.506 GC heap before
{Heap before GC invocations=83 (full 0):
 garbage-first heap   total 440320K, used 377856K [0x0000000080000000, 0x0000000100000000)
  region size 1024K, 106 young (108544K), 9 survivors (9216K)
 Metaspace       used 236704K, committed 239552K, reserved 1310720K
  class space    used 30359K, committed 31744K, reserved 1048576K
}
Event: 438.528 GC heap after
{Heap after GC invocations=84 (full 0):
 garbage-first heap   total 440320K, used 263168K [0x0000000080000000, 0x0000000100000000)
  region size 1024K, 7 young (7168K), 7 survivors (7168K)
 Metaspace       used 236704K, committed 239552K, reserved 1310720K
  class space    used 30359K, committed 31744K, reserved 1048576K
}
Event: 440.207 GC heap before
{Heap before GC invocations=84 (full 0):
 garbage-first heap   total 440320K, used 329728K [0x0000000080000000, 0x0000000100000000)
  region size 1024K, 73 young (74752K), 7 survivors (7168K)
 Metaspace       used 240907K, committed 243776K, reserved 1310720K
  class space    used 30921K, committed 32320K, reserved 1048576K
}
Event: 440.216 GC heap after
{Heap after GC invocations=85 (full 0):
 garbage-first heap   total 440320K, used 261656K [0x0000000080000000, 0x0000000100000000)
  region size 1024K, 9 young (9216K), 9 survivors (9216K)
 Metaspace       used 240907K, committed 243776K, reserved 1310720K
  class space    used 30921K, committed 32320K, reserved 1048576K
}
Event: 442.861 GC heap before
{Heap before GC invocations=86 (full 0):
 garbage-first heap   total 440320K, used 358936K [0x0000000080000000, 0x0000000100000000)
  region size 1024K, 124 young (126976K), 9 survivors (9216K)
 Metaspace       used 241053K, committed 243968K, reserved 1310720K
  class space    used 30921K, committed 32320K, reserved 1048576K
}
Event: 442.886 GC heap after
{Heap after GC invocations=87 (full 0):
 garbage-first heap   total 440320K, used 261922K [0x0000000080000000, 0x0000000100000000)
  region size 1024K, 16 young (16384K), 16 survivors (16384K)
 Metaspace       used 241053K, committed 243968K, reserved 1310720K
  class space    used 30921K, committed 32320K, reserved 1048576K
}
Event: 444.310 GC heap before
{Heap before GC invocations=87 (full 0):
 garbage-first heap   total 440320K, used 374562K [0x0000000080000000, 0x0000000100000000)
  region size 1024K, 124 young (126976K), 16 survivors (16384K)
 Metaspace       used 241517K, committed 244416K, reserved 1310720K
  class space    used 30923K, committed 32320K, reserved 1048576K
}
Event: 444.340 GC heap after
{Heap after GC invocations=88 (full 0):
 garbage-first heap   total 440320K, used 261940K [0x0000000080000000, 0x0000000100000000)
  region size 1024K, 16 young (16384K), 16 survivors (16384K)
 Metaspace       used 241517K, committed 244416K, reserved 1310720K
  class space    used 30923K, committed 32320K, reserved 1048576K
}
Event: 447.780 GC heap before
{Heap before GC invocations=88 (full 0):
 garbage-first heap   total 440320K, used 368436K [0x0000000080000000, 0x0000000100000000)
  region size 1024K, 120 young (122880K), 16 survivors (16384K)
 Metaspace       used 247826K, committed 250752K, reserved 1310720K
  class space    used 31788K, committed 33216K, reserved 1048576K
}
Event: 447.801 GC heap after
{Heap after GC invocations=89 (full 0):
 garbage-first heap   total 440320K, used 273418K [0x0000000080000000, 0x0000000100000000)
  region size 1024K, 9 young (9216K), 9 survivors (9216K)
 Metaspace       used 247826K, committed 250752K, reserved 1310720K
  class space    used 31788K, committed 33216K, reserved 1048576K
}

Dll operation events (3 events):
Event: 0.027 Loaded shared library C:\Program Files\Android\Android Studio\jbr\bin\java.dll
Event: 0.041 Loaded shared library C:\Program Files\Android\Android Studio\jbr\bin\zip.dll
Event: 0.961 Loaded shared library C:\Program Files\Android\Android Studio\jbr\bin\verify.dll

Deoptimization events (20 events):
Event: 440.711 Thread 0x000002017d60da40 DEOPT PACKING pc=0x00000201087f80d0 sp=0x00000019809f4bb0
Event: 440.711 Thread 0x000002017d60da40 DEOPT UNPACKING pc=0x00000201075843a2 sp=0x00000019809f4c78 mode 2
Event: 440.711 Thread 0x000002017d60da40 Uncommon trap: trap_request=0xffffffbe fr.pc=0x00000201087f80d0 relative=0x000000000000bb90
Event: 440.711 Thread 0x000002017d60da40 Uncommon trap: reason=profile_predicate action=maybe_recompile pc=0x00000201087f80d0 method=org.jetbrains.org.objectweb.asm.ClassReader.accept(Lorg/jetbrains/org/objectweb/asm/ClassVisitor;[Lorg/jetbrains/org/objectweb/asm/Attribute;I)V @ 1152 c2
Event: 440.711 Thread 0x000002017d60da40 DEOPT PACKING pc=0x00000201087f80d0 sp=0x00000019809f4d50
Event: 440.711 Thread 0x000002017d60da40 DEOPT UNPACKING pc=0x00000201075843a2 sp=0x00000019809f4e18 mode 2
Event: 444.403 Thread 0x000002017d60da40 Uncommon trap: trap_request=0xffffffbe fr.pc=0x00000201087f80d0 relative=0x000000000000bb90
Event: 444.403 Thread 0x000002017d60da40 Uncommon trap: reason=profile_predicate action=maybe_recompile pc=0x00000201087f80d0 method=org.jetbrains.org.objectweb.asm.ClassReader.accept(Lorg/jetbrains/org/objectweb/asm/ClassVisitor;[Lorg/jetbrains/org/objectweb/asm/Attribute;I)V @ 1152 c2
Event: 444.403 Thread 0x000002017d60da40 DEOPT PACKING pc=0x00000201087f80d0 sp=0x00000019809eab40
Event: 444.404 Thread 0x000002017d60da40 DEOPT UNPACKING pc=0x00000201075843a2 sp=0x00000019809eac08 mode 2
Event: 444.413 Thread 0x000002017d60da40 Uncommon trap: trap_request=0xffffffc6 fr.pc=0x0000020108316ee0 relative=0x0000000000003080
Event: 444.414 Thread 0x000002017d60da40 Uncommon trap: reason=bimorphic_or_optimized_type_check action=maybe_recompile pc=0x0000020108316ee0 method=org.jetbrains.kotlin.fir.declarations.DeprecationUtilsKt.extractDeprecationAnnotationInfoPerUseSite(Ljava/util/List;ZLorg/jetbrains/kotlin/fir/FirS
Event: 444.414 Thread 0x000002017d60da40 DEOPT PACKING pc=0x0000020108316ee0 sp=0x00000019809edad0
Event: 444.414 Thread 0x000002017d60da40 DEOPT UNPACKING pc=0x00000201075843a2 sp=0x00000019809eda30 mode 2
Event: 445.160 Thread 0x000002017d60da40 Uncommon trap: trap_request=0xffffffde fr.pc=0x0000020108307830 relative=0x0000000000003e90
Event: 445.161 Thread 0x000002017d60da40 Uncommon trap: reason=class_check action=maybe_recompile pc=0x0000020108307830 method=org.jetbrains.kotlin.fir.deserialization.FirTypeDeserializer.typeSymbol(Lorg/jetbrains/kotlin/metadata/ProtoBuf$Type;)Lorg/jetbrains/kotlin/fir/types/ConeClassifierLooku
Event: 445.161 Thread 0x000002017d60da40 DEOPT PACKING pc=0x0000020108307830 sp=0x00000019809ec870
Event: 445.161 Thread 0x000002017d60da40 DEOPT UNPACKING pc=0x00000201075843a2 sp=0x00000019809ec7b0 mode 2
Event: 445.556 Thread 0x000002017d60da40 DEOPT PACKING pc=0x000002010040d021 sp=0x00000019809f7660
Event: 445.556 Thread 0x000002017d60da40 DEOPT UNPACKING pc=0x0000020107584b42 sp=0x00000019809f6b60 mode 0

Classes loaded (20 events):
Event: 60.561 Loading class java/time/temporal/TemporalQueries$5
Event: 60.561 Loading class java/time/temporal/TemporalQueries$5 done
Event: 60.561 Loading class java/time/temporal/TemporalQueries$6
Event: 60.561 Loading class java/time/temporal/TemporalQueries$6 done
Event: 60.561 Loading class java/time/temporal/TemporalQueries$7
Event: 60.561 Loading class java/time/temporal/TemporalQueries$7 done
Event: 60.561 Loading class java/time/LocalDate$1
Event: 60.562 Loading class java/time/LocalDate$1 done
Event: 60.760 Loading class java/time/Clock
Event: 60.761 Loading class java/time/InstantSource
Event: 60.761 Loading class java/time/InstantSource done
Event: 60.761 Loading class java/time/Clock done
Event: 60.761 Loading class java/time/Instant$1
Event: 60.762 Loading class java/time/Instant$1 done
Event: 60.829 Loading class java/util/concurrent/CompletableFuture$AsyncRun
Event: 60.830 Loading class java/util/concurrent/CompletableFuture$AsyncRun done
Event: 60.830 Loading class java/util/concurrent/ForkJoinTask$Aux
Event: 60.830 Loading class java/util/concurrent/ForkJoinTask$Aux done
Event: 424.008 Loading class jdk/internal/math/FormattedFPDecimal
Event: 424.176 Loading class jdk/internal/math/FormattedFPDecimal done

Classes unloaded (1 events):
Event: 434.257 Thread 0x000002017d01d890 Unloading class 0x0000000101870000 'java/lang/invoke/LambdaForm$MH+0x0000000101870000'

Classes redefined (0 events):
No events

Internal exceptions (20 events):
Event: 447.922 Thread 0x000002017d60da40 Exception <a 'sun/nio/fs/WindowsException'{0x00000000ff5164e8}> (0x00000000ff5164e8) 
thrown [s\src\hotspot\share\prims\jni.cpp, line 537]
Event: 447.926 Thread 0x000002017d60da40 Exception <a 'sun/nio/fs/WindowsException'{0x00000000ff526c20}> (0x00000000ff526c20) 
thrown [s\src\hotspot\share\prims\jni.cpp, line 537]
Event: 447.928 Thread 0x000002017d60da40 Exception <a 'sun/nio/fs/WindowsException'{0x00000000ff535838}> (0x00000000ff535838) 
thrown [s\src\hotspot\share\prims\jni.cpp, line 537]
Event: 447.932 Thread 0x000002017d60da40 Exception <a 'sun/nio/fs/WindowsException'{0x00000000ff543a80}> (0x00000000ff543a80) 
thrown [s\src\hotspot\share\prims\jni.cpp, line 537]
Event: 447.934 Thread 0x000002017d60da40 Exception <a 'sun/nio/fs/WindowsException'{0x00000000ff550e60}> (0x00000000ff550e60) 
thrown [s\src\hotspot\share\prims\jni.cpp, line 537]
Event: 447.936 Thread 0x000002017d60da40 Exception <a 'sun/nio/fs/WindowsException'{0x00000000ff55c0e8}> (0x00000000ff55c0e8) 
thrown [s\src\hotspot\share\prims\jni.cpp, line 537]
Event: 447.939 Thread 0x000002017d60da40 Exception <a 'sun/nio/fs/WindowsException'{0x00000000ff567628}> (0x00000000ff567628) 
thrown [s\src\hotspot\share\prims\jni.cpp, line 537]
Event: 447.942 Thread 0x000002017d60da40 Exception <a 'sun/nio/fs/WindowsException'{0x00000000ff57c068}> (0x00000000ff57c068) 
thrown [s\src\hotspot\share\prims\jni.cpp, line 537]
Event: 447.947 Thread 0x000002017d60da40 Exception <a 'sun/nio/fs/WindowsException'{0x00000000ff58c3d8}> (0x00000000ff58c3d8) 
thrown [s\src\hotspot\share\prims\jni.cpp, line 537]
Event: 447.952 Thread 0x000002017d60da40 Exception <a 'sun/nio/fs/WindowsException'{0x00000000ff59cc30}> (0x00000000ff59cc30) 
thrown [s\src\hotspot\share\prims\jni.cpp, line 537]
Event: 447.955 Thread 0x000002017d60da40 Exception <a 'sun/nio/fs/WindowsException'{0x00000000ff5a7330}> (0x00000000ff5a7330) 
thrown [s\src\hotspot\share\prims\jni.cpp, line 537]
Event: 447.958 Thread 0x000002017d60da40 Exception <a 'sun/nio/fs/WindowsException'{0x00000000ff5b2cb0}> (0x00000000ff5b2cb0) 
thrown [s\src\hotspot\share\prims\jni.cpp, line 537]
Event: 447.963 Thread 0x000002017d60da40 Exception <a 'sun/nio/fs/WindowsException'{0x00000000ff5d4000}> (0x00000000ff5d4000) 
thrown [s\src\hotspot\share\prims\jni.cpp, line 537]
Event: 447.965 Thread 0x000002017d60da40 Exception <a 'sun/nio/fs/WindowsException'{0x00000000ff5e1a68}> (0x00000000ff5e1a68) 
thrown [s\src\hotspot\share\prims\jni.cpp, line 537]
Event: 447.969 Thread 0x000002017d60da40 Exception <a 'sun/nio/fs/WindowsException'{0x00000000ff5f10c0}> (0x00000000ff5f10c0) 
thrown [s\src\hotspot\share\prims\jni.cpp, line 537]
Event: 447.971 Thread 0x000002017d60da40 Exception <a 'sun/nio/fs/WindowsException'{0x00000000ff5fb728}> (0x00000000ff5fb728) 
thrown [s\src\hotspot\share\prims\jni.cpp, line 537]
Event: 447.973 Thread 0x000002017d60da40 Exception <a 'sun/nio/fs/WindowsException'{0x00000000ff409188}> (0x00000000ff409188) 
thrown [s\src\hotspot\share\prims\jni.cpp, line 537]
Event: 447.975 Thread 0x000002017d60da40 Exception <a 'sun/nio/fs/WindowsException'{0x00000000ff4154f0}> (0x00000000ff4154f0) 
thrown [s\src\hotspot\share\prims\jni.cpp, line 537]
Event: 447.977 Thread 0x000002017d60da40 Exception <a 'sun/nio/fs/WindowsException'{0x00000000ff41f360}> (0x00000000ff41f360) 
thrown [s\src\hotspot\share\prims\jni.cpp, line 537]
Event: 447.980 Thread 0x000002017d60da40 Exception <a 'sun/nio/fs/WindowsException'{0x00000000ff42eea8}> (0x00000000ff42eea8) 
thrown [s\src\hotspot\share\prims\jni.cpp, line 537]

ZGC Phase Switch (0 events):
No events

VM Operations (20 events):
Event: 441.426 Executing safepoint VM operation: Cleanup done
Event: 442.441 Executing safepoint VM operation: Cleanup
Event: 442.441 Executing safepoint VM operation: Cleanup done
Event: 442.861 Executing safepoint VM operation: G1CollectForAllocation (G1 Evacuation Pause)
Event: 442.886 Executing safepoint VM operation: G1CollectForAllocation (G1 Evacuation Pause) done
Event: 443.898 Executing safepoint VM operation: Cleanup
Event: 443.899 Executing safepoint VM operation: Cleanup done
Event: 444.309 Executing safepoint VM operation: G1CollectForAllocation (G1 Evacuation Pause)
Event: 444.340 Executing safepoint VM operation: G1CollectForAllocation (G1 Evacuation Pause) done
Event: 445.009 Executing safepoint VM operation: ICBufferFull
Event: 445.009 Executing safepoint VM operation: ICBufferFull done
Event: 445.295 Executing safepoint VM operation: ICBufferFull
Event: 445.295 Executing safepoint VM operation: ICBufferFull done
Event: 446.309 Executing safepoint VM operation: Cleanup
Event: 446.309 Executing safepoint VM operation: Cleanup done
Event: 447.320 Executing safepoint VM operation: Cleanup
Event: 447.320 Executing safepoint VM operation: Cleanup done
Event: 447.777 Executing safepoint VM operation: G1CollectForAllocation (G1 Evacuation Pause)
Event: 447.802 Executing safepoint VM operation: G1CollectForAllocation (G1 Evacuation Pause) done
Event: 447.983 Executing safepoint VM operation: G1PauseRemark

Memory protections (0 events):
No events

Nmethod flushes (20 events):
Event: 448.034 Thread 0x000002017d01d890 flushing  nmethod 0x0000020102b5fd90
Event: 448.034 Thread 0x000002017d01d890 flushing  nmethod 0x0000020102b60390
Event: 448.034 Thread 0x000002017d01d890 flushing  nmethod 0x0000020102b60e10
Event: 448.034 Thread 0x000002017d01d890 flushing  nmethod 0x0000020102b62510
Event: 448.034 Thread 0x000002017d01d890 flushing  nmethod 0x0000020102b63610
Event: 448.034 Thread 0x000002017d01d890 flushing  nmethod 0x0000020102b63a90
Event: 448.034 Thread 0x000002017d01d890 flushing  nmethod 0x0000020102b63e10
Event: 448.034 Thread 0x000002017d01d890 flushing  nmethod 0x0000020102b64910
Event: 448.034 Thread 0x000002017d01d890 flushing  nmethod 0x0000020102ba7c10
Event: 448.034 Thread 0x000002017d01d890 flushing  nmethod 0x0000020102baa710
Event: 448.034 Thread 0x000002017d01d890 flushing  nmethod 0x0000020102bac490
Event: 448.034 Thread 0x000002017d01d890 flushing  nmethod 0x0000020102bada90
Event: 448.034 Thread 0x000002017d01d890 flushing  nmethod 0x0000020102bade90
Event: 448.034 Thread 0x000002017d01d890 flushing  nmethod 0x0000020102bae710
Event: 448.034 Thread 0x000002017d01d890 flushing  nmethod 0x0000020102baeb90
Event: 448.034 Thread 0x000002017d01d890 flushing  nmethod 0x0000020102c00f10
Event: 448.034 Thread 0x000002017d01d890 flushing  nmethod 0x0000020102c02310
Event: 448.034 Thread 0x000002017d01d890 flushing  nmethod 0x0000020102c02e10
Event: 448.034 Thread 0x000002017d01d890 flushing  nmethod 0x0000020102c05b90
Event: 448.034 Thread 0x000002017d01d890 flushing  nmethod 0x0000020102c09d90

Events (20 events):
Event: 432.853 Thread 0x000002017d60da40 Thread added: 0x00000201225d5690
Event: 432.853 Thread 0x000002017d60da40 Thread added: 0x000002011bb04590
Event: 432.854 Thread 0x000002017d60da40 Thread added: 0x000002011bb04c20
Event: 432.855 Thread 0x000002017d60da40 Thread added: 0x000002011bb052b0
Event: 432.855 Thread 0x000002017d60da40 Thread added: 0x000002011bb05940
Event: 432.855 Thread 0x000002017d60da40 Thread added: 0x000002011bb05fd0
Event: 432.856 Thread 0x000002017d60da40 Thread added: 0x000002011bb06660
Event: 432.927 Thread 0x000002017d60da40 Thread added: 0x000002011bb06cf0
Event: 432.928 Thread 0x000002017d60da40 Thread added: 0x000002017e655f80
Event: 432.929 Thread 0x000002017d60da40 Thread added: 0x000002017e659400
Event: 432.929 Thread 0x000002017d60da40 Thread added: 0x000002017e658050
Event: 432.930 Thread 0x000002017d60da40 Thread added: 0x000002017e656610
Event: 432.931 Thread 0x000002017d60da40 Thread added: 0x000002017e656ca0
Event: 432.932 Thread 0x000002017d60da40 Thread added: 0x000002017e658d70
Event: 432.932 Thread 0x000002017d60da40 Thread added: 0x000002017e657330
Event: 432.933 Thread 0x000002017d60da40 Thread added: 0x000002017e6579c0
Event: 432.934 Thread 0x000002017d60da40 Thread added: 0x000002017e6586e0
Event: 432.934 Thread 0x000002017d60da40 Thread added: 0x0000020127f38450
Event: 439.915 Thread 0x000002017d0f59e0 Thread added: 0x00000201286273a0
Event: 440.083 Thread 0x00000201286273a0 Thread exited: 0x00000201286273a0


Dynamic libraries:
0x00007ff674f70000 - 0x00007ff674f7a000 	C:\Program Files\Android\Android Studio\jbr\bin\java.exe
0x00007ffae90a0000 - 0x00007ffae9307000 	C:\WINDOWS\SYSTEM32\ntdll.dll
0x00007ffae8bb0000 - 0x00007ffae8c79000 	C:\WINDOWS\System32\KERNEL32.DLL
0x00007ffae5ae0000 - 0x00007ffae5ed4000 	C:\WINDOWS\System32\KERNELBASE.dll
0x00007ffae68c0000 - 0x00007ffae6a0b000 	C:\WINDOWS\System32\ucrtbase.dll
0x00007ffac7710000 - 0x00007ffac772b000 	C:\Program Files\Android\Android Studio\jbr\bin\VCRUNTIME140.dll
0x00007ffac13a0000 - 0x00007ffac13b8000 	C:\Program Files\Android\Android Studio\jbr\bin\jli.dll
0x00007ffae8e90000 - 0x00007ffae9055000 	C:\WINDOWS\System32\USER32.dll
0x00007ffae5ab0000 - 0x00007ffae5ad7000 	C:\WINDOWS\System32\win32u.dll
0x00007ffae8c80000 - 0x00007ffae8cab000 	C:\WINDOWS\System32\GDI32.dll
0x00007ffae6a10000 - 0x00007ffae6b3b000 	C:\WINDOWS\System32\gdi32full.dll
0x00007ffacd6a0000 - 0x00007ffacd933000 	C:\WINDOWS\WinSxS\amd64_microsoft.windows.common-controls_6595b64144ccf1df_6.0.26100.8115_none_3e075c82e3354f9c\COMCTL32.dll
0x00007ffae6d80000 - 0x00007ffae6e23000 	C:\WINDOWS\System32\msvcp_win.dll
0x00007ffae8b00000 - 0x00007ffae8ba9000 	C:\WINDOWS\System32\msvcrt.dll
0x00007ffae71b0000 - 0x00007ffae71e2000 	C:\WINDOWS\System32\IMM32.DLL
0x0000000050240000 - 0x000000005024c000 	C:\Program Files (x86)\360\Total Security\safemon\SafeWrapper.dll
0x00007ffae89c0000 - 0x00007ffae8a76000 	C:\WINDOWS\System32\ADVAPI32.dll
0x00007ffae87b0000 - 0x00007ffae8857000 	C:\WINDOWS\System32\sechost.dll
0x00007ffae7fd0000 - 0x00007ffae80e8000 	C:\WINDOWS\System32\RPCRT4.dll
0x00007ffa0c3a0000 - 0x00007ffa0c44c000 	C:\Program Files (x86)\360\Total Security\safemon\libzdtp64.dll
0x00007ffae71f0000 - 0x00007ffae7957000 	C:\WINDOWS\System32\SHELL32.dll
0x00007ffae6750000 - 0x00007ffae68ba000 	C:\WINDOWS\System32\wintypes.dll
0x00007ffae8320000 - 0x00007ffae86a2000 	C:\WINDOWS\System32\combase.dll
0x00007ffae7f60000 - 0x00007ffae7fc6000 	C:\WINDOWS\System32\SHLWAPI.dll
0x00007ffae5ee0000 - 0x00007ffae6748000 	C:\WINDOWS\System32\Windows.Storage.dll
0x00007ffae5290000 - 0x00007ffae529b000 	C:\WINDOWS\SYSTEM32\VERSION.dll
0x00007ffae30c0000 - 0x00007ffae30cc000 	C:\Program Files\Android\Android Studio\jbr\bin\vcruntime140_1.dll
0x00007ffaa55e0000 - 0x00007ffaa566d000 	C:\Program Files\Android\Android Studio\jbr\bin\msvcp140.dll
0x00007ff9fb5d0000 - 0x00007ff9fc266000 	C:\Program Files\Android\Android Studio\jbr\bin\server\jvm.dll
0x00007ffae80f0000 - 0x00007ffae8170000 	C:\WINDOWS\System32\WS2_32.dll
0x00007ffae57d0000 - 0x00007ffae582e000 	C:\WINDOWS\SYSTEM32\POWRPROF.dll
0x00007ffadcb20000 - 0x00007ffadcb56000 	C:\WINDOWS\SYSTEM32\WINMM.dll
0x00007ffae57b0000 - 0x00007ffae57c4000 	C:\WINDOWS\SYSTEM32\UMPDC.dll
0x00007ffae4650000 - 0x00007ffae466b000 	C:\WINDOWS\SYSTEM32\kernel.appcore.dll
0x00007ffadd450000 - 0x00007ffadd45a000 	C:\Program Files\Android\Android Studio\jbr\bin\jimage.dll
0x00007ffad9470000 - 0x00007ffad96b2000 	C:\WINDOWS\SYSTEM32\DBGHELP.DLL
0x00007ffae7e80000 - 0x00007ffae7f58000 	C:\WINDOWS\System32\OLEAUT32.dll
0x00007ffac6ef0000 - 0x00007ffac6f2b000 	C:\WINDOWS\SYSTEM32\dbgcore.DLL
0x00007ffae5a00000 - 0x00007ffae5aa5000 	C:\WINDOWS\System32\bcryptPrimitives.dll
0x00007ffada5e0000 - 0x00007ffada5ee000 	C:\Program Files\Android\Android Studio\jbr\bin\instrument.dll
0x00007ffac76a0000 - 0x00007ffac76c0000 	C:\Program Files\Android\Android Studio\jbr\bin\java.dll
0x00007ffac7530000 - 0x00007ffac7548000 	C:\Program Files\Android\Android Studio\jbr\bin\zip.dll
0x00007ffae70b0000 - 0x00007ffae71a8000 	C:\WINDOWS\System32\SHCORE.dll
0x00007ffae5890000 - 0x00007ffae58b9000 	C:\WINDOWS\SYSTEM32\profapi.dll
0x00007ffadd240000 - 0x00007ffadd250000 	C:\Program Files\Android\Android Studio\jbr\bin\net.dll
0x00007ffaddd70000 - 0x00007ffadde9d000 	C:\WINDOWS\SYSTEM32\WINHTTP.dll
0x00007ffae4c00000 - 0x00007ffae4c6c000 	C:\WINDOWS\system32\mswsock.dll
0x00007ffac7510000 - 0x00007ffac7526000 	C:\Program Files\Android\Android Studio\jbr\bin\nio.dll
0x00007ffad1250000 - 0x00007ffad1260000 	C:\Program Files\Android\Android Studio\jbr\bin\verify.dll
0x00007ffac9da0000 - 0x00007ffac9dc7000 	C:\Users\JHAMIL YEYDER TURPO\.gradle\native\660c5614fbf4a5f2a75b1949f50a0caf5cd603558e7d8a26e50b933a0cfb79d1\windows-amd64\native-platform.dll
0x00007ffac9910000 - 0x00007ffac9987000 	C:\Users\JHAMIL YEYDER TURPO\.gradle\native\0.2.8\x86_64-windows-gnu\gradle-fileevents.dll
0x00007ffadc970000 - 0x00007ffadc979000 	C:\Program Files\Android\Android Studio\jbr\bin\management.dll
0x00007ffadc650000 - 0x00007ffadc65b000 	C:\Program Files\Android\Android Studio\jbr\bin\management_ext.dll
0x00007ffae7e70000 - 0x00007ffae7e78000 	C:\WINDOWS\System32\PSAPI.DLL
0x00007ffae4020000 - 0x00007ffae4052000 	C:\WINDOWS\SYSTEM32\IPHLPAPI.DLL
0x00007ffae89b0000 - 0x00007ffae89ba000 	C:\WINDOWS\System32\NSI.dll
0x00007ffadca70000 - 0x00007ffadca79000 	C:\Program Files\Android\Android Studio\jbr\bin\extnet.dll
0x00007ffae4ee0000 - 0x00007ffae4efb000 	C:\WINDOWS\SYSTEM32\CRYPTSP.dll
0x00007ffae45b0000 - 0x00007ffae45e9000 	C:\WINDOWS\system32\rsaenh.dll
0x00007ffae4cb0000 - 0x00007ffae4ce3000 	C:\WINDOWS\SYSTEM32\USERENV.dll
0x00007ffae5860000 - 0x00007ffae588a000 	C:\WINDOWS\SYSTEM32\bcrypt.dll
0x00007ffae4f00000 - 0x00007ffae4f0c000 	C:\WINDOWS\SYSTEM32\CRYPTBASE.dll
0x00007ffa82f10000 - 0x00007ffa82f18000 	C:\WINDOWS\system32\wshunix.dll

JVMTI agents:
C:\Users\JHAMIL YEYDER TURPO\.gradle\wrapper\dists\gradle-9.3.1-bin\23ovyewtku6u96viwx3xl3oks\gradle-9.3.1\lib\agents\gradle-instrumentation-agent-9.3.1.jar path:C:\Program Files\Android\Android Studio\jbr\bin\instrument.dll, loaded, initialized, instrumentlib options:none

dbghelp: loaded successfully - version: 4.0.5 - missing functions: none
symbol engine: initialized successfully - sym options: 0x614 - pdb path: .;C:\Program Files\Android\Android Studio\jbr\bin;C:\WINDOWS\SYSTEM32;C:\WINDOWS\WinSxS\amd64_microsoft.windows.common-controls_6595b64144ccf1df_6.0.26100.8115_none_3e075c82e3354f9c;C:\Program Files (x86)\360\Total Security\safemon;C:\Program Files\Android\Android Studio\jbr\bin\server;C:\Users\JHAMIL YEYDER TURPO\.gradle\native\660c5614fbf4a5f2a75b1949f50a0caf5cd603558e7d8a26e50b933a0cfb79d1\windows-amd64;C:\Users\JHAMIL YEYDER TURPO\.gradle\native\0.2.8\x86_64-windows-gnu

VM Arguments:
jvm_args: --add-opens=java.base/java.lang=ALL-UNNAMED --add-opens=java.base/java.lang.invoke=ALL-UNNAMED --add-opens=java.base/java.util=ALL-UNNAMED --add-opens=java.prefs/java.util.prefs=ALL-UNNAMED --add-exports=jdk.compiler/com.sun.tools.javac.api=ALL-UNNAMED --add-exports=jdk.compiler/com.sun.tools.javac.util=ALL-UNNAMED --add-opens=java.base/java.util=ALL-UNNAMED --add-opens=java.prefs/java.util.prefs=ALL-UNNAMED --add-opens=java.base/java.nio.charset=ALL-UNNAMED --add-opens=java.base/java.net=ALL-UNNAMED --add-opens=java.base/java.util.concurrent=ALL-UNNAMED --add-opens=java.base/java.util.concurrent.atomic=ALL-UNNAMED --add-opens=java.xml/javax.xml.namespace=ALL-UNNAMED --add-opens=java.base/java.time=ALL-UNNAMED -Xmx2048m -Dfile.encoding=UTF-8 -Duser.country=PE -Duser.language=es -Duser.variant -javaagent:C:\Users\JHAMIL YEYDER TURPO\.gradle\wrapper\dists\gradle-9.3.1-bin\23ovyewtku6u96viwx3xl3oks\gradle-9.3.1\lib\agents\gradle-instrumentation-agent-9.3.1.jar 
java_command: org.gradle.launcher.daemon.bootstrap.GradleDaemon 9.3.1
java_class_path (initial): C:\Users\JHAMIL YEYDER TURPO\.gradle\wrapper\dists\gradle-9.3.1-bin\23ovyewtku6u96viwx3xl3oks\gradle-9.3.1\lib\gradle-daemon-main-9.3.1.jar
Launcher Type: SUN_STANDARD

[Global flags]
     intx CICompilerCount                          = 4                                         {product} {ergonomic}
     uint ConcGCThreads                            = 3                                         {product} {ergonomic}
     uint G1ConcRefinementThreads                  = 10                                        {product} {ergonomic}
   size_t G1HeapRegionSize                         = 1048576                                   {product} {ergonomic}
    uintx GCDrainStackTargetSize                   = 64                                        {product} {ergonomic}
   size_t InitialHeapSize                          = 123731968                                 {product} {ergonomic}
   size_t MarkStackSize                            = 4194304                                   {product} {ergonomic}
   size_t MaxHeapSize                              = 2147483648                                {product} {command line}
   size_t MaxNewSize                               = 1287651328                                {product} {ergonomic}
   size_t MinHeapDeltaBytes                        = 1048576                                   {product} {ergonomic}
   size_t MinHeapSize                              = 8388608                                   {product} {ergonomic}
    uintx NonNMethodCodeHeapSize                   = 5839372                                {pd product} {ergonomic}
    uintx NonProfiledCodeHeapSize                  = 122909434                              {pd product} {ergonomic}
    uintx ProfiledCodeHeapSize                     = 122909434                              {pd product} {ergonomic}
    uintx ReservedCodeCacheSize                    = 251658240                              {pd product} {ergonomic}
     bool SegmentedCodeCache                       = true                                      {product} {ergonomic}
   size_t SoftMaxHeapSize                          = 2147483648                             {manageable} {ergonomic}
     bool UseCompressedOops                        = true                           {product lp64_product} {ergonomic}
     bool UseG1GC                                  = true                                      {product} {ergonomic}
     bool UseLargePagesIndividualAllocation        = false                                  {pd product} {ergonomic}

Logging:
Log output configuration:
 #0: stdout all=warning uptime,level,tags foldmultilines=false
 #1: stderr all=off uptime,level,tags foldmultilines=false

Release file:
JAVA_VERSION="21.0.10" 
MODULES="java.base java.compiler java.datatransfer java.xml java.prefs java.desktop java.instrument java.logging java.management java.security.sasl java.naming java.rmi java.management.rmi java.net.http java.scripting java.security.jgss java.transaction.xa java.sql java.sql.rowset java.xml.crypto java.se java.smartcardio jdk.accessibility jdk.internal.jvmstat jdk.attach jdk.charsets jdk.internal.opt jdk.zipfs jdk.compiler jdk.crypto.ec jdk.crypto.cryptoki jdk.dynalink jdk.hotspot.agent jdk.httpserver jdk.internal.ed jdk.internal.le jdk.internal.vm.ci jdk.jartool jdk.javadoc jdk.jcmd jdk.jdeps jdk.jdwp.agent jdk.jdi jdk.jfr jdk.jlink jdk.jsobject jdk.localedata jdk.management jdk.management.agent jdk.management.jfr jdk.naming.dns jdk.naming.rmi jdk.net jdk.sctp jdk.security.auth jdk.security.jgss jdk.unsupported jdk.unsupported.desktop jdk.xml.dom" 
IMPLEMENTOR="JetBrains s.r.o." 
JAVA_RUNTIME_VERSION="21.0.10+-14961533-b1163.108" 
LIBC="default" 
OS_ARCH="x86_64" 
OS_NAME="Windows" 
SOURCE=".:git:1351622c2ff2" 

Environment Variables:
JAVA_HOME=C:\Program Files\Java\jdk1.8.0_202
CLASSPATH=D:\LINGO64_20\Lingo20.jar
PATH=C:\Program Files\Java\jdk-21.0.7.6\bin;C:\Program Files\Common Files\Oracle\Java\javapath;C:\Program Files (x86)\Common Files\Oracle\Java\java8path;C:\Program Files (x86)\Common Files\Oracle\Java\javapath;C:\windows\system32;C:\windows;C:\windows\System32\Wbem;C:\windows\System32\WindowsPowerShell\v1.0\;C:\windows\System32\OpenSSH\;C:\Program Files (x86)\NVIDIA Corporation\PhysX\Common;C:\Program Files\NVIDIA Corporation\NVIDIA NvDLISR;C:\WINDOWS\system32;C:\WINDOWS;C:\WINDOWS\System32\Wbem;C:\WINDOWS\System32\WindowsPowerShell\v1.0\;C:\WINDOWS\System32\OpenSSH\;C:\Program Files\Java\jdk-18.0.1.1\bin;C:\Program Files\Git\cmd;D:\LINGO64_20\;C:\WINDOWS\system32;C:\WINDOWS;C:\WINDOWS\System32\Wbem;C:\WINDOWS\System32\WindowsPowerShell\v1.0\;C:\WINDOWS\System32\OpenSSH\;C:\Program Files\Docker\Docker\resources\bin;C:\Program Files\dotnet\;C:\Users\JHAMIL YEYDER TURPO\AppData\Local\nvm;C:\nvm4w\nodejs;C:\Users\JHAMIL YEYDER TURPO\AppData\Local\Programs\Python\Python313\Scripts\;C:\Users\JHAMIL YEYDER TURPO\AppData\Local\Programs\Python\Python313\;C:\Users\JHAMIL YEYDER TURPO\AppData\Local\Programs\Python\Launcher\;C:\Users\JHAMIL YEYDER TURPO\AppData\Local\Programs\Python\Python312\Scripts\;C:\Users\JHAMIL YEYDER TURPO\AppData\Local\Programs\Python\Python312\;C:\gradle-8.8\bin;C:\Users\JHAMIL YEYDER TURPO\AppData\Local\Microsoft\WindowsApps;E:\visual studio\Microsoft VS Code\bin;C:\Users\JHAMIL YEYDER TURPO\AppData\Local\Programs\MiKTeX\miktex\bin\x64\;C:\msys64\ucrt64\bin;C:\Users\JHAMIL YEYDER TURPO\AppData\Local\Microsoft\WinGet\Links;C:\Program Files\JetBrains\IntelliJ IDEA 2024.2.3\bin;;C:\Program Files\JetBrains\IntelliJ IDEA Community Edition 2024.2.3\bin;;C:\Program Files\Java\jdk1.8.0_202\bin;D:\VSCODE\sonar-scanner-7.1.0.4889-windows-x64\bin;C:\Program Files\Apache\maven\apache-maven-3.9.11\bin;C:\Users\JHAMIL YEYDER TURPO\.dotnet\tools;C:\Users\JHAMIL YEYDER TURPO\AppData\Roaming\npm;C:\Users\JHAMIL YEYDER TURPO\AppData\Local\nvm;C:\nvm4w\nodejs;C:\Users\JHAMIL YEYDER TURPO\.local\bin;;C:\Users\JHAMIL YEYDER TURPO\AppData\Local\Programs\Ollama
USERNAME=JHAMIL YEYDER TURPO
OS=Windows_NT
PROCESSOR_IDENTIFIER=AMD64 Family 23 Model 96 Stepping 1, AuthenticAMD
TMP=C:\Users\JHAMIL YEYDER TURPO\AppData\Local\Temp
TEMP=C:\Users\JHAMIL YEYDER TURPO\AppData\Local\Temp




Periodic native trim disabled

JNI global refs:
JNI global refs: 28, weak refs: 0

JNI global refs memory usage: 835, weak refs: 833

Process memory usage:
Resident Set Size: 23308K (0% of 7722040K total physical memory with 4760K free physical memory)

OOME stack traces (most recent first):
Classloader memory used:
Loader org.gradle.internal.classloader.VisitableURLClassLoader                         : 115M
Loader org.gradle.internal.classloader.VisitableURLClassLoader$InstrumentingVisitableURLClassLoader: 65501K
Loader bootstrap                                                                       : 29557K
Loader org.gradle.initialization.MixInLegacyTypesClassLoader                           : 14861K
Loader org.gradle.internal.classloader.VisitableURLClassLoader                         : 9669K
Loader jdk.internal.loader.ClassLoaders$AppClassLoader                                 : 8179K
Loader jdk.internal.reflect.DelegatingClassLoader                                      : 877K
Loader jdk.internal.loader.ClassLoaders$PlatformClassLoader                            : 660K
Loader jdk.internal.jrtfs.JrtFileSystemProvider$JrtFsLoader                            : 345K
Loader org.gradle.groovy.scripts.internal.DefaultScriptCompilationHandler$ScriptClassLoader: 123K

Classes loaded by more than one classloader:
Class Program                                                                         : loaded 8 times (x 72B)
Class Build_gradle                                                                    : loaded 6 times (x 126B)
Class com.google.common.collect.Iterators$SingletonIterator                           : loaded 5 times (x 81B)
Class com.google.common.collect.UnmodifiableIterator                                  : loaded 5 times (x 80B)
Class com.google.common.base.Preconditions                                            : loaded 5 times (x 71B)
Class com.google.common.collect.UnmodifiableListIterator                              : loaded 5 times (x 95B)
Class com.google.common.collect.Iterators                                             : loaded 5 times (x 71B)
Class com.google.common.collect.Lists$StringAsImmutableList                           : loaded 5 times (x 207B)
Class com.google.common.collect.ImmutableList                                         : loaded 5 times (x 206B)
Class com.google.common.collect.PeekingIterator                                       : loaded 5 times (x 70B)
Class com.google.common.collect.AbstractIterator                                      : loaded 5 times (x 82B)
Class com.google.common.collect.Iterators$9                                           : loaded 5 times (x 81B)
Class com.google.common.collect.Iterators$MergingIterator                             : loaded 5 times (x 81B)
Class com.google.common.collect.AbstractIndexedListIterator                           : loaded 5 times (x 96B)
Class com.google.common.collect.Lists                                                 : loaded 5 times (x 71B)
Class com.google.common.collect.Iterators$ArrayItr                                    : loaded 5 times (x 97B)
Class com.google.common.collect.ImmutableCollection                                   : loaded 5 times (x 125B)
Class com.google.common.collect.Iterators$5                                           : loaded 5 times (x 82B)
Class com.google.common.collect.Iterators$1                                           : loaded 5 times (x 81B)
Class com.google.common.collect.Iterators$4                                           : loaded 5 times (x 82B)
Class com.google.common.collect.ImmutableList$SubList                                 : loaded 4 times (x 209B)
Class com.google.common.collect.SingletonImmutableSet                                 : loaded 4 times (x 146B)
Class com.google.common.collect.ImmutableList$ReverseImmutableList                    : loaded 4 times (x 209B)
Class com.google.common.base.CharMatcher$ForPredicate                                 : loaded 4 times (x 112B)
Class com.google.common.base.CharMatcher$AnyOf                                        : loaded 4 times (x 112B)
Class com.google.common.collect.ImmutableSet$SetBuilderImpl                           : loaded 4 times (x 76B)
Class com.google.common.collect.SingletonImmutableList                                : loaded 4 times (x 207B)
Class com.google.common.collect.Multimap                                              : loaded 4 times (x 70B)
Class com.google.common.collect.ImmutableSet$CachingAsList                            : loaded 4 times (x 148B)
Class com.google.common.collect.RegularImmutableSet                                   : loaded 4 times (x 149B)
Class com.google.common.base.CharMatcher$And                                          : loaded 4 times (x 112B)
Class com.google.common.base.CharMatcher$IsNot                                        : loaded 4 times (x 111B)
Class com.google.common.base.Function                                                 : loaded 4 times (x 70B)
Class com.google.common.collect.RegularImmutableList                                  : loaded 4 times (x 213B)
Class org.jetbrains.kotlin.tooling.core.HasExtras                                     : loaded 4 times (x 70B)
Class com.google.common.collect.ImmutableCollection$Builder                           : loaded 4 times (x 76B)
Class org.jetbrains.kotlin.tooling.core.Extras                                        : loaded 4 times (x 70B)
Class com.google.common.base.CharMatcher$BitSetMatcher                                : loaded 4 times (x 112B)
Class org.gradle.kotlin.dsl.VersionCatalogAccessorsKt                                 : loaded 4 times (x 71B)
Class com.google.common.collect.ImmutableSet                                          : loaded 4 times (x 145B)
Class com.google.common.collect.RegularImmutableAsList                                : loaded 4 times (x 217B)
Class com.google.common.base.CharMatcher$Or                                           : loaded 4 times (x 112B)
Class org.gradle.internal.Cast                                                        : loaded 4 times (x 71B)
Class org.gradle.api.Action                                                           : loaded 4 times (x 70B)
Class com.google.common.base.CharMatcher$FastMatcher                                  : loaded 4 times (x 111B)
Class com.google.common.base.Predicate                                                : loaded 4 times (x 70B)
Class com.google.common.collect.ImmutableList$Builder                                 : loaded 4 times (x 77B)
Class com.google.common.base.CharMatcher$NegatedFastMatcher                           : loaded 4 times (x 113B)
Class org.gradle.api.GradleException                                                  : loaded 4 times (x 82B)
Class org.jetbrains.kotlin.tooling.core.HasMutableExtras                              : loaded 4 times (x 70B)
Class com.google.common.collect.ImmutableList$1                                       : loaded 4 times (x 97B)
Class org.gradle.internal.IoActions                                                   : loaded 4 times (x 71B)
Class com.google.common.collect.ImmutableSet$RegularSetBuilderImpl                    : loaded 4 times (x 77B)
Class com.google.common.base.CharMatcher$Is                                           : loaded 4 times (x 111B)
Class com.google.common.base.CharMatcher$InRange                                      : loaded 4 times (x 111B)
Class com.google.common.base.CharMatcher$Negated                                      : loaded 4 times (x 113B)
Class com.google.common.base.Joiner                                                   : loaded 4 times (x 79B)
Class com.google.common.base.Joiner$1                                                 : loaded 4 times (x 80B)
Class com.google.common.base.CharMatcher                                              : loaded 4 times (x 111B)
Class com.google.common.collect.ImmutableAsList                                       : loaded 4 times (x 209B)
Class com.google.common.base.Joiner$2                                                 : loaded 4 times (x 79B)
Class com.google.common.base.CharMatcher$1                                            : loaded 4 times (x 113B)
Class com.google.common.base.CharMatcher$NamedFastMatcher                             : loaded 4 times (x 112B)
Class com.google.common.base.CharMatcher$IsEither                                     : loaded 4 times (x 111B)
Class org.objectweb.asm.ModuleWriter                                                  : loaded 3 times (x 82B)
Class org.jetbrains.plugins.gradle.model.DependencyAccessorsModel                     : loaded 3 times (x 70B)
Class com.google.gson.internal.bind.JsonAdapterAnnotationTypeAdapterFactory           : loaded 3 times (x 75B)
Class com.google.common.cache.LocalCache$EntryFactory$2                               : loaded 3 times (x 83B)
Class com.android.ide.common.repository.AgpVersion$PreviewKind                        : loaded 3 times (x 79B)
Class [Lcom.google.common.cache.RemovalListener;                                      : loaded 3 times (x 69B)
Class com.google.common.cache.LocalCache$EntryFactory$3                               : loaded 3 times (x 83B)
Class com.google.common.cache.LocalCache$EntryFactory$1                               : loaded 3 times (x 83B)
Class com.google.common.base.Ticker$1                                                 : loaded 3 times (x 72B)
Class com.google.gson.internal.bind.NumberTypeAdapter                                 : loaded 3 times (x 74B)
Class com.android.ide.common.gradle.Version$Companion$ParseState$NUMERIC              : loaded 3 times (x 74B)
Class org.objectweb.asm.MethodVisitor                                                 : loaded 3 times (x 105B)
Class org.objectweb.asm.Frame                                                         : loaded 3 times (x 73B)
Class com.google.common.collect.Maps$BiMapConverter                                   : loaded 3 times (x 90B)
Class org.gradle.internal.time.Time                                                   : loaded 3 times (x 71B)
Class com.google.common.collect.ImmutableMapEntrySet$RegularEntrySet                  : loaded 3 times (x 152B)
Class com.google.gson.stream.JsonReader                                               : loaded 3 times (x 97B)
Class org.gradle.tooling.model.BuildIdentifier                                        : loaded 3 times (x 70B)
Class org.objectweb.asm.ClassTooLargeException                                        : loaded 3 times (x 83B)
Class org.objectweb.asm.CurrentFrame                                                  : loaded 3 times (x 73B)
Class org.objectweb.asm.Label                                                         : loaded 3 times (x 73B)
Class org.jetbrains.kotlin.idea.gradleTooling.KotlinMPPGradleModel                    : loaded 3 times (x 70B)
Class org.gradle.tooling.model.HierarchicalElement                                    : loaded 3 times (x 70B)
Class kotlin.NoWhenBranchMatchedException                                             : loaded 3 times (x 82B)
Class com.google.common.collect.Hashing                                               : loaded 3 times (x 71B)
Class com.google.gson.internal.LazilyParsedNumber                                     : loaded 3 times (x 78B)
Class com.google.common.base.Equivalence$Equals                                       : loaded 3 times (x 82B)
Class com.google.common.util.concurrent.AbstractFuture$Failure                        : loaded 3 times (x 72B)
Class org.jetbrains.plugins.gradle.model.tests.ExternalTestsModel                     : loaded 3 times (x 70B)
Class org.gradle.internal.exceptions.DefaultMultiCauseException                       : loaded 3 times (x 95B)
Class org.gradle.tooling.internal.adapter.WeakIdentityHashMap$WeakKey                 : loaded 3 times (x 79B)
Class org.gradle.tooling.internal.adapter.ProtocolToModelAdapter$SafeMethodInvoker    : loaded 3 times (x 76B)
Class com.google.gson.internal.bind.DefaultDateTypeAdapter$DateType$1                 : loaded 3 times (x 73B)
Class com.google.common.cache.LocalCache$ValueReference                               : loaded 3 times (x 70B)
Class com.google.common.collect.ImmutableSet$Builder                                  : loaded 3 times (x 85B)
Class com.google.common.cache.LocalCache$EntryFactory$4                               : loaded 3 times (x 83B)
Class com.google.common.collect.RegularImmutableBiMap                                 : loaded 3 times (x 149B)
Class kotlin.KotlinNullPointerException                                               : loaded 3 times (x 83B)
Class com.android.ide.common.gradle.Version$Companion$ParseState$EMPTY                : loaded 3 times (x 74B)
Class org.gradle.tooling.model.ProjectModel                                           : loaded 3 times (x 70B)
Class com.google.common.collect.RegularImmutableMap$BucketOverflowException           : loaded 3 times (x 82B)
Class com.google.gson.JsonNull                                                        : loaded 3 times (x 92B)
Class com.google.gson.internal.bind.TypeAdapters$29                                   : loaded 3 times (x 75B)
Class com.google.gson.internal.bind.MapTypeAdapterFactory                             : loaded 3 times (x 75B)
Class [Lcom.google.common.cache.Weigher;                                              : loaded 3 times (x 69B)
Class org.objectweb.asm.MethodWriter                                                  : loaded 3 times (x 106B)
Class kotlin.jvm.internal.Intrinsics                                                  : loaded 3 times (x 71B)
Class org.gradle.internal.time.CountdownTimer                                         : loaded 3 times (x 70B)
Class org.gradle.internal.exceptions.MultiCauseException                              : loaded 3 times (x 70B)
Class [Lcom.google.gson.LongSerializationPolicy;                                      : loaded 3 times (x 69B)
Class com.google.common.cache.LoadingCache                                            : loaded 3 times (x 70B)
Class com.google.common.collect.ImmutableEnumSet                                      : loaded 3 times (x 146B)
Class com.google.common.util.concurrent.AbstractFuture$TrustedFuture                  : loaded 3 times (x 114B)
Class com.google.common.cache.LocalCache$StrongEntry                                  : loaded 3 times (x 108B)
Class com.intellij.gradle.toolingExtension.model.repositoryModel.ProjectRepositoriesModel: loaded 3 times (x 70B)
Class com.google.gson.ToNumberPolicy$1                                                : loaded 3 times (x 83B)
Class com.google.gson.FieldNamingPolicy$7                                             : loaded 3 times (x 83B)
Class com.google.gson.internal.bind.TypeAdapters$27                                   : loaded 3 times (x 75B)
Class com.google.common.cache.CacheLoader$InvalidCacheLoadException                   : loaded 3 times (x 82B)
Class org.objectweb.asm.SymbolTable                                                   : loaded 3 times (x 72B)
Class com.google.common.util.concurrent.ExecutionError                                : loaded 3 times (x 82B)
Class kotlin.enums.EnumEntriesKt                                                      : loaded 3 times (x 71B)
Class [Lcom.google.gson.FieldNamingStrategy;                                          : loaded 3 times (x 69B)
Class com.google.gson.JsonObject                                                      : loaded 3 times (x 93B)
Class com.google.gson.internal.Excluder                                               : loaded 3 times (x 75B)
Class com.google.gson.FieldNamingPolicy$6                                             : loaded 3 times (x 83B)
Class org.gradle.tooling.internal.adapter.ProtocolToModelAdapter$InvocationHandlerImpl: loaded 3 times (x 77B)
Class com.google.gson.internal.bind.TypeAdapters$26                                   : loaded 3 times (x 75B)
Class com.google.gson.internal.bind.ArrayTypeAdapter                                  : loaded 3 times (x 74B)
Class com.google.common.cache.LocalCache$AbstractReferenceEntry                       : loaded 3 times (x 107B)
Class org.jetbrains.kotlin.idea.gradleTooling.PrepareKotlinIdeImportTaskModel         : loaded 3 times (x 70B)
Class [Lcom.android.ide.common.gradle.Separator;                                      : loaded 3 times (x 69B)
Class org.gradle.tooling.internal.adapter.ProtocolToModelAdapter$ReflectionMethodInvoker: loaded 3 times (x 76B)
Class com.google.gson.FieldNamingPolicy$5                                             : loaded 3 times (x 83B)
Class com.google.gson.internal.bind.TypeAdapters$25                                   : loaded 3 times (x 75B)
Class com.google.common.cache.LocalCache$EntryFactory                                 : loaded 3 times (x 83B)
Class com.google.common.collect.SortedMapDifference                                   : loaded 3 times (x 70B)
Class com.google.gson.FieldNamingPolicy$4                                             : loaded 3 times (x 83B)
Class com.google.gson.internal.bind.TypeAdapters$24                                   : loaded 3 times (x 75B)
Class org.jetbrains.plugins.gradle.model.AnnotationProcessingConfig                   : loaded 3 times (x 70B)
Class com.google.common.collect.CollectPreconditions                                  : loaded 3 times (x 71B)
Class com.google.gson.FieldNamingPolicy$3                                             : loaded 3 times (x 83B)
Class com.google.gson.internal.bind.TypeAdapters$23                                   : loaded 3 times (x 75B)
Class com.android.ide.common.gradle.Version                                           : loaded 3 times (x 75B)
Class org.gradle.tooling.internal.adapter.ViewBuilder                                 : loaded 3 times (x 70B)
Class org.gradle.tooling.model.idea.IdeaModuleDependency                              : loaded 3 times (x 70B)
Class org.gradle.internal.exceptions.NonGradleCauseExceptionsHolder                   : loaded 3 times (x 70B)
Class com.google.common.cache.LocalCache$EntryFactory$5                               : loaded 3 times (x 83B)
Class com.google.common.collect.ImmutableEntry                                        : loaded 3 times (x 82B)
Class [Lcom.google.common.collect.AbstractMapEntry;                                   : loaded 3 times (x 69B)
Class com.google.gson.internal.Excluder$1                                             : loaded 3 times (x 74B)
Class com.google.gson.FieldNamingPolicy$2                                             : loaded 3 times (x 83B)
Class com.google.gson.internal.bind.TypeAdapters$22                                   : loaded 3 times (x 75B)
Class com.google.common.cache.CacheBuilder$3                                          : loaded 3 times (x 72B)
Class com.google.common.collect.ArrayListMultimap                                     : loaded 3 times (x 172B)
Class org.gradle.tooling.internal.adapter.WeakIdentityHashMap$AbsentValueProvider     : loaded 3 times (x 70B)
Class com.google.gson.FieldNamingPolicy$1                                             : loaded 3 times (x 83B)
Class com.google.gson.internal.bind.TypeAdapters$21                                   : loaded 3 times (x 75B)
Class com.google.common.cache.CacheBuilder$2                                          : loaded 3 times (x 79B)
Class com.google.common.cache.LocalCache                                              : loaded 3 times (x 187B)
Class com.google.gson.ToNumberPolicy$2                                                : loaded 3 times (x 83B)
Class com.google.gson.stream.MalformedJsonException                                   : loaded 3 times (x 82B)
Class com.google.common.collect.RegularImmutableMap                                   : loaded 3 times (x 121B)
Class com.google.common.collect.ImmutableMap$MapViewOfValuesAsSingletonSets           : loaded 3 times (x 126B)
Class com.google.common.collect.ImmutableMap                                          : loaded 3 times (x 120B)
Class com.google.gson.internal.bind.TypeAdapters$20                                   : loaded 3 times (x 75B)
Class com.google.common.cache.CacheBuilder$1                                          : loaded 3 times (x 85B)
Class org.jetbrains.plugins.gradle.model.UnresolvedExternalDependency                 : loaded 3 times (x 70B)
Class org.jetbrains.plugins.gradle.model.GradleExtensions                             : loaded 3 times (x 70B)
Class org.jetbrains.plugins.gradle.model.AnnotationProcessingModel                    : loaded 3 times (x 70B)
Class org.gradle.tooling.internal.adapter.TargetTypeProvider                          : loaded 3 times (x 70B)
Class [Lcom.google.common.cache.LocalCache$Strength;                                  : loaded 3 times (x 69B)
Class com.google.common.cache.LocalCache$EntryFactory$6                               : loaded 3 times (x 83B)
Class [Lcom.google.common.cache.LocalCache$Segment;                                   : loaded 3 times (x 69B)
Class com.android.builder.model.v2.models.ndk.NativeModelBuilderParameter             : loaded 3 times (x 70B)
Class com.google.gson.internal.sql.SqlTimeTypeAdapter                                 : loaded 3 times (x 74B)
Class com.google.gson.internal.bind.TreeTypeAdapter                                   : loaded 3 times (x 75B)
Class com.google.common.base.Ticker                                                   : loaded 3 times (x 72B)
Class com.google.gson.ToNumberPolicy$3                                                : loaded 3 times (x 83B)
Class com.android.ide.common.gradle.Version$Companion                                 : loaded 3 times (x 71B)
Class org.objectweb.asm.Handler                                                       : loaded 3 times (x 72B)
Class com.google.common.collect.Sets                                                  : loaded 3 times (x 71B)
Class org.gradle.tooling.model.idea.IdeaDependency                                    : loaded 3 times (x 70B)
Class org.gradle.internal.time.Timer                                                  : loaded 3 times (x 70B)
Class kotlin.jvm.internal.markers.KMappedMarker                                       : loaded 3 times (x 70B)
Class com.android.ide.common.repository.AgpVersion$Companion                          : loaded 3 times (x 71B)
Class org.gradle.tooling.internal.adapter.ProtocolToModelAdapter$ViewGraphDetails$1   : loaded 3 times (x 77B)
Class com.android.utils.FileUtils                                                     : loaded 3 times (x 71B)
Class com.google.gson.internal.bind.CollectionTypeAdapterFactory                      : loaded 3 times (x 75B)
Class com.google.common.base.Supplier                                                 : loaded 3 times (x 70B)
Class [Lorg.objectweb.asm.Symbol;                                                     : loaded 3 times (x 69B)
Class org.objectweb.asm.ClassVisitor                                                  : loaded 3 times (x 88B)
Class com.android.ide.common.gradle.Version$Companion$ParseState                      : loaded 3 times (x 70B)
Class org.objectweb.asm.Attribute                                                     : loaded 3 times (x 77B)
Class org.gradle.tooling.internal.adapter.ProtocolToModelAdapter$DefaultViewBuilder   : loaded 3 times (x 80B)
Class com.google.gson.JsonElement                                                     : loaded 3 times (x 92B)
Class com.google.common.collect.ImmutableSet$EmptySetBuilderImpl                      : loaded 3 times (x 76B)
Class com.google.common.util.concurrent.AbstractFuture$Listener                       : loaded 3 times (x 72B)
Class [Lcom.android.builder.model.v2.ide.ProjectType;                                 : loaded 3 times (x 69B)
Class org.objectweb.asm.RecordComponentWriter                                         : loaded 3 times (x 78B)
Class com.google.gson.JsonPrimitive                                                   : loaded 3 times (x 93B)
Class com.google.gson.internal.sql.SqlTimestampTypeAdapter$1                          : loaded 3 times (x 75B)
Class com.google.common.cache.CacheStats                                              : loaded 3 times (x 71B)
Class org.objectweb.asm.AnnotationWriter                                              : loaded 3 times (x 79B)
Class com.google.gson.internal.bind.TypeAdapters$30                                   : loaded 3 times (x 76B)
Class com.google.gson.internal.bind.JsonTreeReader                                    : loaded 3 times (x 98B)
Class com.google.gson.TypeAdapterFactory                                              : loaded 3 times (x 70B)
Class com.google.common.cache.LocalCache$EntryFactory$7                               : loaded 3 times (x 83B)
Class com.google.gson.ToNumberPolicy$4                                                : loaded 3 times (x 83B)
Class com.google.common.collect.RegularImmutableMap$Values                            : loaded 3 times (x 207B)
Class com.google.gson.reflect.TypeToken                                               : loaded 3 times (x 75B)
Class org.gradle.tooling.internal.adapter.MethodInvocation                            : loaded 3 times (x 85B)
Class [Lcom.google.gson.Strictness;                                                   : loaded 3 times (x 69B)
Class org.gradle.tooling.internal.adapter.ProtocolToModelAdapter$ViewGraphDetails     : loaded 3 times (x 72B)
Class org.gradle.internal.operations.MultipleBuildOperationFailures                   : loaded 3 times (x 95B)
Class org.gradle.util.internal.DefaultGradleVersion                                   : loaded 3 times (x 82B)
Class [Lorg.jetbrains.kotlin.build.report.metrics.GradleBuildTime;                    : loaded 3 times (x 69B)
Class org.objectweb.asm.Symbol                                                        : loaded 3 times (x 73B)
Class com.google.gson.LongSerializationPolicy$2                                       : loaded 3 times (x 80B)
Class [Lcom.google.common.cache.CacheBuilder$NullListener;                            : loaded 3 times (x 69B)
Class org.objectweb.asm.ByteVector                                                    : loaded 3 times (x 79B)
Class com.google.common.math.IntMath$1                                                : loaded 3 times (x 71B)
Class org.gradle.tooling.model.internal.ImmutableDomainObjectSet                      : loaded 3 times (x 155B)
Class com.google.gson.LongSerializationPolicy$1                                       : loaded 3 times (x 80B)
Class org.objectweb.asm.Type                                                          : loaded 3 times (x 72B)
Class com.google.common.cache.LocalCache$StrongValueReference                         : loaded 3 times (x 90B)
Class org.gradle.tooling.model.idea.IdeaProject                                       : loaded 3 times (x 70B)
Class com.google.common.collect.Sets$SetView                                          : loaded 3 times (x 138B)
Class com.google.common.collect.Lists$ReverseList$1                                   : loaded 3 times (x 99B)
Class kotlin.collections.AbstractCollection                                           : loaded 3 times (x 117B)
Class org.objectweb.asm.MethodTooLargeException                                       : loaded 3 times (x 83B)
Class kotlin.collections.AbstractList                                                 : loaded 3 times (x 197B)
Class kotlin.NotImplementedError                                                      : loaded 3 times (x 82B)
Class org.gradle.tooling.internal.adapter.ProtocolToModelAdapter$NoOpDecoration       : loaded 3 times (x 79B)
Class org.gradle.tooling.internal.adapter.TypeInspector                               : loaded 3 times (x 73B)
Class com.google.common.collect.Maps$8                                                : loaded 3 times (x 82B)
Class com.google.gson.JsonIOException                                                 : loaded 3 times (x 82B)
Class [Lorg.objectweb.asm.AnnotationWriter;                                           : loaded 3 times (x 69B)
Class org.jetbrains.plugins.gradle.model.FileCollectionDependency                     : loaded 3 times (x 70B)
Class org.gradle.internal.time.Clock                                                  : loaded 3 times (x 70B)
Class [Lcom.google.common.cache.CacheBuilder$OneWeigher;                              : loaded 3 times (x 69B)
Class com.google.common.base.Suppliers                                                : loaded 3 times (x 71B)
Class com.intellij.gradle.toolingExtension.impl.model.utilDummyModel.DummyModel       : loaded 3 times (x 70B)
Class com.google.gson.internal.bind.ReflectiveTypeAdapterFactory$RecordAdapter        : loaded 3 times (x 77B)
Class com.google.gson.internal.bind.JsonAdapterAnnotationTypeAdapterFactory$DummyTypeAdapterFactory: loaded 3 times (x 75B)
Class com.google.gson.internal.bind.TypeAdapters$31                                   : loaded 3 times (x 76B)
Class com.google.gson.JsonSyntaxException                                             : loaded 3 times (x 82B)
Class com.google.common.cache.LocalCache$LoadingValueReference                        : loaded 3 times (x 96B)
Class [Lcom.google.common.collect.ImmutableEntry;                                     : loaded 3 times (x 69B)
Class com.google.gson.internal.sql.SqlDateTypeAdapter                                 : loaded 3 times (x 74B)
Class org.jetbrains.kotlin.idea.gradleTooling.AndroidAwareGradleModelProvider$Companion: loaded 3 times (x 71B)
Class kotlin.jvm.internal.DefaultConstructorMarker                                    : loaded 3 times (x 71B)
Class org.gradle.internal.time.TimeSource$1                                           : loaded 3 times (x 77B)
Class com.google.common.collect.Maps                                                  : loaded 3 times (x 71B)
Class com.google.common.util.concurrent.LazyLogger                                    : loaded 3 times (x 72B)
Class com.android.builder.model.v2.ide.ProjectType                                    : loaded 3 times (x 79B)
Class com.google.common.util.concurrent.Uninterruptibles                              : loaded 3 times (x 71B)
Class org.gradle.tooling.model.DomainObjectSet                                        : loaded 3 times (x 70B)
Class org.gradle.tooling.model.ProjectIdentifier                                      : loaded 3 times (x 70B)
Class org.gradle.internal.exceptions.ResolutionProvider                               : loaded 3 times (x 70B)
Class org.gradle.tooling.internal.adapter.ProtocolToModelAdapter$MixInMappingAction   : loaded 3 times (x 80B)
Class org.jetbrains.kotlin.util.capitalizeDecapitalize.CapitalizeDecapitalizeKt       : loaded 3 times (x 71B)
Class com.google.gson.JsonParseException                                              : loaded 3 times (x 82B)
Class com.google.common.cache.CacheBuilder$OneWeigher                                 : loaded 3 times (x 82B)
Class com.google.common.collect.IndexedImmutableSet$1                                 : loaded 3 times (x 213B)
Class kotlin.enums.EnumEntries                                                        : loaded 3 times (x 70B)
Class org.gradle.tooling.internal.gradle.GradleBuildIdentity                          : loaded 3 times (x 70B)
Class com.google.common.collect.ImmutableMapEntry$NonTerminalImmutableMapEntry        : loaded 3 times (x 85B)
Class com.google.common.collect.RegularImmutableMap$KeySet                            : loaded 3 times (x 152B)
Class com.google.gson.internal.bind.TypeAdapters$9                                    : loaded 3 times (x 75B)
Class com.google.common.base.Equivalence                                              : loaded 3 times (x 82B)
Class org.gradle.tooling.model.kotlin.dsl.KotlinDslScriptsModel                       : loaded 3 times (x 70B)
Class org.gradle.internal.time.TimeSource                                             : loaded 3 times (x 70B)
Class com.google.common.collect.ImmutableMapEntry                                     : loaded 3 times (x 85B)
Class com.google.gson.internal.bind.TypeAdapters$8                                    : loaded 3 times (x 75B)
Class com.google.gson.internal.bind.CollectionTypeAdapterFactory$Adapter              : loaded 3 times (x 74B)
Class org.jetbrains.kotlin.build.report.metrics.BuildTime                             : loaded 3 times (x 70B)
Class org.jetbrains.plugins.gradle.model.RepositoryModels                             : loaded 3 times (x 70B)
Class com.google.gson.internal.bind.TypeAdapters$32                                   : loaded 3 times (x 76B)
Class com.google.gson.internal.bind.TypeAdapters$7                                    : loaded 3 times (x 75B)
Class com.google.common.math.IntMath                                                  : loaded 3 times (x 71B)
Class com.google.gson.internal.bind.TypeAdapters$6                                    : loaded 3 times (x 75B)
Class com.google.gson.internal.bind.TypeAdapters$19                                   : loaded 3 times (x 75B)
Class kotlin.collections.AbstractList$Companion                                       : loaded 3 times (x 71B)
Class com.google.gson.internal.bind.ReflectiveTypeAdapterFactory$FieldReflectionAdapter: loaded 3 times (x 77B)
Class com.google.common.cache.LocalCache$LocalManualCache                             : loaded 3 times (x 99B)
Class com.google.common.cache.LocalCache$EntryFactory$8                               : loaded 3 times (x 83B)
Class com.google.gson.internal.bind.TypeAdapters$5                                    : loaded 3 times (x 75B)
Class com.google.gson.internal.bind.TypeAdapters$18                                   : loaded 3 times (x 75B)
Class com.google.gson.internal.bind.SerializationDelegatingTypeAdapter                : loaded 3 times (x 74B)
Class [Lcom.google.common.cache.LocalCache$EntryFactory;                              : loaded 3 times (x 69B)
Class com.google.common.collect.Lists$ReverseList                                     : loaded 3 times (x 200B)
Class org.jetbrains.kotlin.idea.gradleTooling.AndroidAwareGradleModelProvider         : loaded 3 times (x 79B)
Class org.gradle.internal.time.MonotonicClock                                         : loaded 3 times (x 77B)
Class com.google.gson.internal.bind.TypeAdapters$4                                    : loaded 3 times (x 75B)
Class com.google.gson.internal.bind.TypeAdapters$17                                   : loaded 3 times (x 75B)
Class com.google.gson.internal.bind.TypeAdapters$3                                    : loaded 3 times (x 75B)
Class com.google.gson.internal.bind.TypeAdapters$16                                   : loaded 3 times (x 75B)
Class com.google.gson.internal.sql.SqlTypesSupport$2                                  : loaded 3 times (x 74B)
Class com.google.common.cache.CacheLoader$SupplierToCacheLoader                       : loaded 3 times (x 75B)
Class org.objectweb.asm.RecordComponentVisitor                                        : loaded 3 times (x 77B)
Class com.google.gson.internal.bind.ObjectTypeAdapter$1                               : loaded 3 times (x 76B)
Class com.google.common.base.Equivalence$Identity                                     : loaded 3 times (x 82B)
Class com.google.gson.internal.bind.TypeAdapters$15                                   : loaded 3 times (x 75B)
Class com.google.gson.internal.bind.TypeAdapters$2                                    : loaded 3 times (x 75B)
Class com.google.gson.internal.sql.SqlTypesSupport$1                                  : loaded 3 times (x 74B)
Class com.google.gson.Strictness                                                      : loaded 3 times (x 79B)
Class com.google.common.base.FunctionalEquivalence                                    : loaded 3 times (x 83B)
Class com.google.common.util.concurrent.AbstractFuture                                : loaded 3 times (x 106B)
Class com.google.common.collect.AbstractMapBasedMultimap                              : loaded 3 times (x 139B)
Class com.google.common.base.PairwiseEquivalence                                      : loaded 3 times (x 83B)
Class com.google.common.base.Converter                                                : loaded 3 times (x 90B)
Class com.google.gson.internal.bind.TypeAdapters$14                                   : loaded 3 times (x 75B)
Class com.google.gson.internal.bind.TypeAdapters$1                                    : loaded 3 times (x 75B)
Class com.google.gson.internal.bind.NumberTypeAdapter$1                               : loaded 3 times (x 76B)
Class com.google.common.cache.ReferenceEntry                                          : loaded 3 times (x 70B)
Class com.google.common.util.concurrent.ListenableFuture                              : loaded 3 times (x 70B)
Class org.jetbrains.kotlin.build.report.metrics.GradleBuildTime$Companion             : loaded 3 times (x 71B)
Class com.google.gson.internal.sql.SqlTypesSupport                                    : loaded 3 times (x 71B)
Class com.google.gson.internal.bind.ObjectTypeAdapter                                 : loaded 3 times (x 74B)
Class com.google.gson.Gson                                                            : loaded 3 times (x 72B)
Class com.google.gson.internal.bind.TypeAdapters$13                                   : loaded 3 times (x 75B)
Class [Lcom.google.common.collect.ImmutableMapEntry;                                  : loaded 3 times (x 69B)
Class [Lcom.android.ide.common.repository.AgpVersion$PreviewKind;                     : loaded 3 times (x 69B)
Class org.gradle.util.GradleVersion                                                   : loaded 3 times (x 81B)
Class org.jetbrains.plugins.gradle.model.ProjectImportModelProvider                   : loaded 3 times (x 70B)
Class [Lcom.google.gson.ToNumberStrategy;                                             : loaded 3 times (x 69B)
Class com.google.gson.internal.bind.TypeAdapters$12                                   : loaded 3 times (x 75B)
Class com.google.common.cache.LocalCache$LocalManualCache$1                           : loaded 3 times (x 75B)
Class com.google.common.cache.CacheLoader$1                                           : loaded 3 times (x 75B)
Class org.jetbrains.plugins.gradle.model.VersionCatalogsModel                         : loaded 3 times (x 70B)
Class org.gradle.tooling.internal.adapter.ObjectGraphAdapter                          : loaded 3 times (x 70B)
Class com.android.ide.common.repository.AgpVersion$PreviewKind$Companion              : loaded 3 times (x 71B)
Class com.google.common.collect.ForwardingObject                                      : loaded 3 times (x 72B)
Class [Lcom.google.gson.FieldNamingPolicy;                                            : loaded 3 times (x 69B)
Class com.google.gson.internal.bind.TypeAdapters$11                                   : loaded 3 times (x 75B)
Class com.google.common.util.concurrent.internal.InternalFutureFailureAccess          : loaded 3 times (x 72B)
Class com.google.common.collect.ImmutableSet$JdkBackedSetBuilderImpl                  : loaded 3 times (x 76B)
Class org.jetbrains.plugins.gradle.model.ExternalDependency                           : loaded 3 times (x 70B)
Class com.google.common.collect.ImmutableBiMap                                        : loaded 3 times (x 143B)
Class com.google.gson.Gson$1                                                          : loaded 3 times (x 76B)
Class com.google.gson.internal.bind.TypeAdapters$10                                   : loaded 3 times (x 75B)
Class com.google.gson.internal.bind.ReflectiveTypeAdapterFactory$Adapter              : loaded 3 times (x 77B)
Class com.google.common.cache.CacheLoader                                             : loaded 3 times (x 74B)
Class [Lorg.objectweb.asm.SymbolTable$Entry;                                          : loaded 3 times (x 69B)
Class com.google.common.collect.AbstractListMultimap                                  : loaded 3 times (x 172B)
Class com.android.builder.model.v2.models.ndk.NativeModule                            : loaded 3 times (x 70B)
Class org.jetbrains.plugins.gradle.model.IntelliJProjectSettings                      : loaded 3 times (x 70B)
Class com.google.common.collect.ListMultimap                                          : loaded 3 times (x 70B)
Class org.gradle.tooling.internal.adapter.ProtocolToModelAdapter$MethodInvocationCache: loaded 3 times (x 73B)
Class com.google.common.cache.LocalCache$Segment                                      : loaded 3 times (x 154B)
Class kotlin.UninitializedPropertyAccessException                                     : loaded 3 times (x 82B)
Class com.google.common.collect.ImmutableMap$IteratorBasedImmutableMap                : loaded 3 times (x 126B)
Class org.gradle.tooling.internal.adapter.ProtocolToModelAdapter$MethodInvocationCache$MethodInvocationKey: loaded 3 times (x 73B)
Class com.google.gson.internal.sql.SqlDateTypeAdapter$1                               : loaded 3 times (x 75B)
Class com.google.common.cache.LocalCache$ComputingValueReference                      : loaded 3 times (x 96B)
Class com.google.common.collect.ImmutableEnumMap                                      : loaded 3 times (x 126B)
Class org.gradle.tooling.model.Model                                                  : loaded 3 times (x 70B)
Class org.jetbrains.plugins.gradle.javaModel.JavaGradleManifestModel                  : loaded 3 times (x 70B)
Class com.google.gson.internal.sql.SqlTimestampTypeAdapter                            : loaded 3 times (x 76B)
Class com.google.gson.internal.bind.ReflectiveTypeAdapterFactory                      : loaded 3 times (x 75B)
Class com.google.common.base.Suppliers$SupplierOfInstance                             : loaded 3 times (x 79B)
Class org.gradle.tooling.internal.gradle.DefaultProjectIdentifier                     : loaded 3 times (x 86B)
Class org.objectweb.asm.Edge                                                          : loaded 3 times (x 72B)
Class org.jetbrains.kotlin.idea.gradleTooling.KotlinGradleModel                       : loaded 3 times (x 70B)
Class org.objectweb.asm.SymbolTable$Entry                                             : loaded 3 times (x 74B)
Class org.jetbrains.plugins.gradle.model.ExternalProjectDependency                    : loaded 3 times (x 70B)
Class com.android.utils.StringHelper                                                  : loaded 3 times (x 71B)
Class com.google.common.cache.AbstractCache$StatsCounter                              : loaded 3 times (x 70B)
Class com.google.gson.internal.bind.JsonTreeWriter                                    : loaded 3 times (x 98B)
Class com.google.gson.internal.bind.ArrayTypeAdapter$1                                : loaded 3 times (x 75B)
Class com.google.common.cache.CacheBuilder                                            : loaded 3 times (x 72B)
Class com.android.builder.model.v2.AndroidModel                                       : loaded 3 times (x 70B)
Class com.google.gson.Gson$2                                                          : loaded 3 times (x 76B)
Class com.google.common.base.ExtraObjectsMethodsForWeb                                : loaded 3 times (x 71B)
Class org.jetbrains.kotlin.buildtools.api.jvm.ClassSnapshotGranularity                : loaded 3 times (x 79B)
Class com.google.gson.internal.bind.ReflectiveTypeAdapterFactory$BoundField           : loaded 3 times (x 75B)
Class com.google.common.primitives.IntsMethodsForWeb                                  : loaded 3 times (x 71B)
Class org.gradle.tooling.internal.gradle.GradleProjectIdentity                        : loaded 3 times (x 70B)
Class com.google.gson.ToNumberPolicy                                                  : loaded 3 times (x 83B)
Class [Lcom.google.gson.ToNumberPolicy;                                               : loaded 3 times (x 69B)
Class com.google.common.cache.RemovalListener                                         : loaded 3 times (x 70B)
Class com.google.common.collect.ImmutableMap$Builder                                  : loaded 3 times (x 82B)
Class com.google.common.util.concurrent.AbstractFuture$Cancellation                   : loaded 3 times (x 72B)
Class com.intellij.openapi.externalSystem.model.project.dependencies.ProjectDependencies: loaded 3 times (x 70B)
Class com.google.common.cache.Cache                                                   : loaded 3 times (x 70B)
Class com.google.common.cache.LocalCache$Strength                                     : loaded 3 times (x 81B)
Class com.google.common.base.Stopwatch                                                : loaded 3 times (x 72B)
Class com.google.common.cache.Weigher                                                 : loaded 3 times (x 70B)
Class org.gradle.tooling.internal.gradle.DefaultBuildIdentifier                       : loaded 3 times (x 79B)
Class com.google.common.collect.Sets$1                                                : loaded 3 times (x 139B)
Class org.objectweb.asm.AnnotationVisitor                                             : loaded 3 times (x 78B)
Class com.android.ide.common.gradle.Numeric                                           : loaded 3 times (x 77B)
Class org.gradle.tooling.internal.adapter.ProtocolToModelAdapter$AdaptingMethodInvoker: loaded 3 times (x 76B)
Class com.google.common.collect.ImmutableMapEntrySet                                  : loaded 3 times (x 152B)
Class com.google.gson.internal.ObjectConstructor                                      : loaded 3 times (x 70B)
Class com.intellij.openapi.externalSystem.model.ExternalSystemException               : loaded 3 times (x 86B)
Class org.gradle.internal.time.DefaultCountdownTimer                                  : loaded 3 times (x 88B)
Class com.google.gson.Gson$3                                                          : loaded 3 times (x 75B)
Class com.google.gson.internal.bind.TypeAdapters                                      : loaded 3 times (x 71B)
Class com.google.gson.FormattingStyle                                                 : loaded 3 times (x 78B)
Class com.google.gson.FieldNamingPolicy                                               : loaded 3 times (x 83B)
Class com.google.common.collect.ArrayListMultimapGwtSerializationDependencies         : loaded 3 times (x 172B)
Class com.google.common.collect.Multiset                                              : loaded 3 times (x 70B)
Class com.google.common.math.MathPreconditions                                        : loaded 3 times (x 71B)
Class com.google.common.collect.ObjectArrays                                          : loaded 3 times (x 71B)
Class org.gradle.tooling.internal.adapter.ProtocolToModelAdapter$PropertyCachingMethodInvoker: loaded 3 times (x 76B)
Class com.android.ide.common.repository.AgpVersion                                    : loaded 3 times (x 75B)
Class org.gradle.tooling.internal.adapter.WeakIdentityHashMap                         : loaded 3 times (x 76B)
Class com.google.common.primitives.Ints                                               : loaded 3 times (x 71B)
Class com.android.builder.model.v2.CustomSourceDirectory                              : loaded 3 times (x 70B)
Class com.google.common.base.Objects                                                  : loaded 3 times (x 71B)
Class org.gradle.tooling.internal.adapter.ProtocolToModelAdapter$ViewKey              : loaded 3 times (x 72B)
Class com.google.common.collect.BiMap                                                 : loaded 3 times (x 70B)
Class com.google.common.collect.ImmutableMap$1                                        : loaded 3 times (x 81B)
Class com.google.common.collect.IndexedImmutableSet                                   : loaded 3 times (x 152B)
Class com.google.gson.TypeAdapter                                                     : loaded 3 times (x 73B)
Class com.google.gson.ToNumberStrategy                                                : loaded 3 times (x 70B)
Class org.objectweb.asm.FieldVisitor                                                  : loaded 3 times (x 77B)
Class org.gradle.internal.time.DefaultTimer                                           : loaded 3 times (x 80B)
Class com.google.gson.internal.bind.ReflectiveTypeAdapterFactory$2                    : loaded 3 times (x 79B)
Class com.google.common.cache.CacheLoader$UnsupportedLoadingOperationException        : loaded 3 times (x 82B)
Class org.gradle.tooling.GradleConnectionException                                    : loaded 3 times (x 83B)
Class com.android.ide.common.gradle.Separator                                         : loaded 3 times (x 79B)
Class org.objectweb.asm.ClassWriter                                                   : loaded 3 times (x 106B)
Class org.gradle.tooling.internal.adapter.ProtocolToModelAdapter                      : loaded 3 times (x 80B)
Class com.google.common.collect.Sets$2                                                : loaded 3 times (x 139B)
Class com.google.gson.internal.bind.ReflectiveTypeAdapterFactory$1                    : loaded 3 times (x 74B)
Class org.gradle.tooling.internal.adapter.ProtocolToModelAdapter$1                    : loaded 3 times (x 75B)
Class com.google.gson.internal.bind.DefaultDateTypeAdapter$DateType                   : loaded 3 times (x 73B)
Class com.google.common.util.concurrent.UncheckedExecutionException                   : loaded 3 times (x 82B)
Class [Lorg.jetbrains.kotlin.build.report.metrics.BuildTime;                          : loaded 3 times (x 69B)
Class org.gradle.tooling.internal.adapter.ProtocolToModelAdapter$ViewDecoration       : loaded 3 times (x 70B)
Class org.jetbrains.kotlin.idea.gradleTooling.KotlinGradlePluginVersion               : loaded 3 times (x 70B)
Class com.intellij.compose.ide.plugin.gradleTooling.rt.ComposeResourcesModel          : loaded 3 times (x 70B)
Class com.google.gson.JsonArray                                                       : loaded 3 times (x 100B)
Class com.google.gson.FieldNamingStrategy                                             : loaded 3 times (x 70B)
Class org.gradle.tooling.internal.adapter.CollectionMapper                            : loaded 3 times (x 73B)
Class com.google.common.collect.Iterables                                             : loaded 3 times (x 71B)
Class com.google.common.util.concurrent.AbstractFuture$Trusted                        : loaded 3 times (x 70B)
Class com.google.gson.internal.bind.DefaultDateTypeAdapter$1                          : loaded 3 times (x 75B)
Class com.google.gson.internal.sql.SqlTimeTypeAdapter$1                               : loaded 3 times (x 75B)
Class com.google.gson.internal.bind.MapTypeAdapterFactory$Adapter                     : loaded 3 times (x 74B)
Class com.google.common.cache.LocalCache$2                                            : loaded 3 times (x 142B)
Class com.google.common.collect.AbstractMultimap                                      : loaded 3 times (x 123B)
Class com.google.gson.Gson$4                                                          : loaded 3 times (x 76B)
Class org.gradle.tooling.model.UnsupportedMethodException                             : loaded 3 times (x 82B)
Class org.gradle.tooling.internal.adapter.ProtocolToModelAdapter$SupportedPropertyInvoker: loaded 3 times (x 76B)
Class com.intellij.gradle.toolingExtension.util.GradleVersionUtil                     : loaded 3 times (x 71B)
Class com.google.common.collect.AbstractMapEntry                                      : loaded 3 times (x 81B)
Class com.google.gson.internal.ConstructorConstructor                                 : loaded 3 times (x 72B)
Class com.google.gson.internal.bind.TypeAdapterRuntimeTypeWrapper                     : loaded 3 times (x 74B)
Class com.google.common.cache.LocalCache$1                                            : loaded 3 times (x 89B)
Class com.google.common.collect.SingletonImmutableBiMap                               : loaded 3 times (x 143B)
Class com.google.common.base.Ascii                                                    : loaded 3 times (x 71B)
Class org.jetbrains.kotlin.idea.gradleTooling.KotlinSourceSetContainer                : loaded 3 times (x 70B)
Class org.jetbrains.plugins.gradle.model.IntelliJSettings                             : loaded 3 times (x 70B)
Class org.gradle.tooling.internal.adapter.MethodInvoker                               : loaded 3 times (x 70B)
Class com.google.gson.stream.JsonWriter                                               : loaded 3 times (x 98B)
Class org.jetbrains.kotlin.build.report.metrics.GradleBuildTime                       : loaded 3 times (x 86B)
Class [Lorg.objectweb.asm.Type;                                                       : loaded 3 times (x 69B)
Class com.google.common.collect.Platform                                              : loaded 3 times (x 71B)
Class com.google.gson.GsonBuilder                                                     : loaded 3 times (x 72B)
Class [Lorg.objectweb.asm.AnnotationVisitor;                                          : loaded 3 times (x 69B)
Class com.google.gson.internal.bind.DefaultDateTypeAdapter                            : loaded 3 times (x 74B)
Class com.google.common.base.MoreObjects                                              : loaded 3 times (x 71B)
Class com.google.common.collect.Lists$RandomAccessReverseList                         : loaded 3 times (x 200B)
Class kotlin.enums.EnumEntriesList                                                    : loaded 3 times (x 223B)
Class org.gradle.tooling.model.Element                                                : loaded 3 times (x 70B)
Class com.google.gson.Gson$5                                                          : loaded 3 times (x 76B)
Class com.google.common.collect.Sets$3                                                : loaded 3 times (x 139B)
Class com.google.common.cache.CacheLoader$FunctionToCacheLoader                       : loaded 3 times (x 75B)
Class org.jetbrains.plugins.gradle.model.ExternalLibraryDependency                    : loaded 3 times (x 70B)
Class com.google.gson.LongSerializationPolicy                                         : loaded 3 times (x 80B)
Class com.google.common.cache.CacheBuilder$NullListener                               : loaded 3 times (x 82B)
Class org.objectweb.asm.FieldWriter                                                   : loaded 3 times (x 78B)
Class com.google.common.collect.MapDifference                                         : loaded 3 times (x 70B)
Class com.google.common.cache.LocalCache$Strength$3                                   : loaded 3 times (x 81B)
Class org.gradle.tooling.model.Dependency                                             : loaded 3 times (x 70B)
Class com.google.common.cache.LocalCache$Strength$2                                   : loaded 3 times (x 81B)
Class com.google.common.util.concurrent.SettableFuture                                : loaded 3 times (x 114B)
Class org.jetbrains.kotlin.idea.gradleTooling.KotlinDslScriptAdditionalTask           : loaded 3 times (x 70B)
Class com.google.common.cache.LocalCache$LocalLoadingCache                            : loaded 3 times (x 134B)
Class com.google.common.cache.LocalCache$Strength$1                                   : loaded 3 times (x 81B)
Class org.objectweb.asm.ModuleVisitor                                                 : loaded 3 times (x 81B)
Class com.google.common.collect.Sets$4                                                : loaded 3 times (x 139B)
Class com.android.ide.common.gradle.Part                                              : loaded 3 times (x 77B)
Class com.android.build.gradle.internal.component.ConsumableCreationConfig            : loaded 2 times (x 70B)
Class com.android.tools.idea.gradle.project.sync.SyncTestMode                         : loaded 2 times (x 79B)
Class com.android.tools.idea.gradle.project.sync.ModelProviderCachedData              : loaded 2 times (x 72B)
Class jdk.internal.jrtfs.SystemImage                                                  : loaded 2 times (x 74B)
Class com.amazon.ion.impl.lite.IonBoolLite                                            : loaded 2 times (x 178B)
Class kotlin.collections.CollectionsKt___CollectionsKt$asSequence$$inlined$Sequence$1 : loaded 2 times (x 75B)
Class org.gradle.internal.service.UnknownServiceException                             : loaded 2 times (x 83B)
Class com.android.build.gradle.internal.tasks.creationconfig.JavaPreCompileTaskCreationConfigKt: loaded 2 times (x 71B)
Class com.android.build.gradle.tasks.ProcessMultiApkApplicationManifest               : loaded 2 times (x 337B)
Class com.android.build.gradle.internal.tasks.VariantTask                             : loaded 2 times (x 70B)
Class android.databinding.tool.writer.JavaFileWriter                                  : loaded 2 times (x 74B)
Class com.android.build.api.component.analytics.AnalyticsEnabledDeviceTest            : loaded 2 times (x 175B)
Class com.android.build.gradle.internal.core.dsl.impl.HostTestComponentDslInfoImpl    : loaded 2 times (x 128B)
Class com.google.wireless.android.sdk.stats.AsmClassesTransformRegistrationOrBuilder  : loaded 2 times (x 70B)
Class org.jetbrains.kotlin.compose.compiler.gradle.ComposeCompilerGradlePluginExtension$featureFlags$2: loaded 2 times (x 76B)
Class com.android.build.gradle.internal.TaskManager$Companion$createTasksBeforeEvaluate$8: loaded 2 times (x 74B)
Class com.android.build.gradle.internal.dsl.decorator.LockableSet$LockableIterator    : loaded 2 times (x 81B)
Class com.android.builder.model.TestOptions$Execution                                 : loaded 2 times (x 79B)
Class com.android.build.api.dsl.AdbOptions                                            : loaded 2 times (x 70B)
Class com.android.build.gradle.internal.api.DefaultAndroidSourceDirectorySet          : loaded 2 times (x 119B)
Class com.android.build.gradle.internal.plugins.AndroidPluginBaseServices$projectServices$2$1: loaded 2 times (x 79B)
Class com.android.build.gradle.internal.dsl.ExternalNativeNdkBuildOptions_Decorated   : loaded 2 times (x 153B)
Class com.google.common.base.CaseFormat$3                                             : loaded 2 times (x 83B)
Class org.objectweb.asm.commons.GeneratorAdapter                                      : loaded 2 times (x 187B)
Class com.android.build.gradle.options.ApiStage                                       : loaded 2 times (x 72B)
Class com.android.build.api.dsl.LibraryKeepRules                                      : loaded 2 times (x 70B)
Class org.jetbrains.kotlin.gradle.targets.android.internal.InternalKotlinTargetPreset : loaded 2 times (x 70B)
Class org.jetbrains.kotlin.gradle.dsl.KotlinSingleTargetExtension                     : loaded 2 times (x 124B)
Class org.jetbrains.kotlin.gradle.internal.properties.NativePropertiesLoader$kotlinNativeVersion$1: loaded 2 times (x 75B)
Class org.jetbrains.kotlin.gradle.plugin.mpp.AbstractKotlinTarget                     : loaded 2 times (x 150B)
Class com.android.build.gradle.internal.AvdComponentsBuildService$Parameters          : loaded 2 times (x 70B)
Class com.google.protobuf.UnsafeUtil$Android64MemoryAccessor                          : loaded 2 times (x 91B)
Class com.google.wireless.android.sdk.stats.GradleBuildVariant                        : loaded 2 times (x 282B)
Class [Lcom.android.build.gradle.options.StringOption;                                : loaded 2 times (x 69B)
Class com.google.wireless.android.sdk.stats.GradleBuildProjectOrBuilder               : loaded 2 times (x 70B)
Class com.android.build.gradle.internal.profile.AnalyticsResourceManager              : loaded 2 times (x 72B)
Class com.android.tools.analytics.AnalyticsSettingsData                               : loaded 2 times (x 72B)
Class com.android.build.gradle.internal.errors.DeprecationReporterImpl$Companion      : loaded 2 times (x 71B)
Class com.android.ide.common.blame.MessageReceiver                                    : loaded 2 times (x 70B)
Class [Lcom.android.build.gradle.options.Option;                                      : loaded 2 times (x 69B)
Class com.google.common.annotations.VisibleForTesting                                 : loaded 2 times (x 70B)
Class com.android.build.api.dsl.Lint                                                  : loaded 2 times (x 70B)
Class com.android.build.gradle.internal.variant.LegacyVariantInputManager             : loaded 2 times (x 97B)
Class com.google.wireless.android.sdk.stats.GarbageCollectionStats$1                  : loaded 2 times (x 151B)
Class com.google.common.io.ByteArrayDataInput                                         : loaded 2 times (x 70B)
Class org.jetbrains.kotlin.idea.gradleTooling.model.kapt.KaptGradleModel              : loaded 2 times (x 70B)
Class org.jetbrains.plugins.gradle.model.ClasspathEntryModel                          : loaded 2 times (x 70B)
Class org.jetbrains.kotlin.compose.compiler.gradle.internal.ComposeWithAgpConfig$AgpVersionProvider: loaded 2 times (x 70B)
Class org.jetbrains.kotlin.gradle.plugin.mpp.compilationImpl.KotlinCompilationTaskNamesContainer: loaded 2 times (x 72B)
Class org.jetbrains.kotlin.gradle.plugin.LanguageSettingsBuilder                      : loaded 2 times (x 70B)
Class org.jetbrains.kotlin.gradle.plugin.mpp.compilationImpl.factory.KotlinCompilationImplFactory$KotlinCompilerOptionsFactory: loaded 2 times (x 70B)
Class com.android.build.gradle.internal.dependency.VariantDependencies$Companion$getComponentFilter$3: loaded 2 times (x 74B)
Class com.android.build.gradle.internal.tasks.AndroidVariantTask                      : loaded 2 times (x 324B)
Class com.android.build.gradle.tasks.ExtractDeepLinksTask$CreationAction              : loaded 2 times (x 93B)
Class [Lcom.google.wireless.android.sdk.stats.GradleBuildVariant$Java8LangSupport;    : loaded 2 times (x 69B)
Class com.android.build.gradle.internal.component.features.ShadersCreationConfig      : loaded 2 times (x 70B)
Class com.android.build.gradle.internal.core.dsl.features.DexingDslInfo               : loaded 2 times (x 70B)
Class com.android.build.gradle.internal.core.dsl.impl.ApplicationVariantDslInfoImpl$localeFilters$2: loaded 2 times (x 79B)
Class com.android.build.gradle.internal.TaskManager$Companion$createTasksBeforeEvaluate$9: loaded 2 times (x 74B)
Class com.android.build.api.extension.impl.VariantSelectorImpl                        : loaded 2 times (x 92B)
Class com.android.build.api.dsl.TestFixtures                                          : loaded 2 times (x 70B)
Class com.android.build.gradle.internal.VariantDimensionData                          : loaded 2 times (x 72B)
Class com.google.common.base.CaseFormat$4                                             : loaded 2 times (x 83B)
Class com.android.build.api.dsl.Shaders                                               : loaded 2 times (x 70B)
Class com.google.wireless.android.sdk.stats.GradleTransformExecution                  : loaded 2 times (x 201B)
Class com.google.protobuf.Utf8$UnpairedSurrogateException                             : loaded 2 times (x 82B)
Class com.google.common.util.concurrent.AbstractFuture$SafeAtomicHelper               : loaded 2 times (x 79B)
Class [Lcom.google.protobuf.Descriptors$ServiceDescriptor;                            : loaded 2 times (x 69B)
Class com.google.protobuf.ExtensionRegistry                                           : loaded 2 times (x 87B)
Class com.android.build.gradle.internal.profile.AnalyticsConfiguratorService          : loaded 2 times (x 82B)
Class com.android.build.gradle.internal.services.RunOnceBuildServiceImpl              : loaded 2 times (x 82B)
Class com.intellij.platform.diagnostic.telemetry.rt.context.TelemetryContextGetter    : loaded 2 times (x 75B)
Class com.intellij.gradle.toolingExtension.impl.util.GradleExecutorServiceUtil$SimpleThreadFactory: loaded 2 times (x 75B)
Class org.jetbrains.kotlin.gradle.internal.properties.PropertiesBuildService$NullableBooleanGradleProperty: loaded 2 times (x 76B)
Class org.jetbrains.kotlin.idea.gradleTooling.IdeaKotlinDependenciesContainer         : loaded 2 times (x 70B)
Class com.amazon.ion.IonTimestamp                                                     : loaded 2 times (x 70B)
Class com.amazon.ion.impl.bin.PooledBlockAllocatorProvider$PooledBlockAllocator       : loaded 2 times (x 81B)
Class org.jetbrains.plugins.gradle.tooling.serialization.GradleExtensionsSerializationService: loaded 2 times (x 77B)
Class org.gradle.api.JavaVersion                                                      : loaded 2 times (x 79B)
Class com.android.build.gradle.internal.tasks.MergeJavaResourceTask$CreationAction    : loaded 2 times (x 90B)
Class org.jetbrains.kotlin.gradle.plugin.KotlinBaseApiPlugin$registerKotlinJvmCompileTask$3: loaded 2 times (x 75B)
Class com.android.build.gradle.tasks.ProcessManifestForBundleTask$CreationAction$handleProvider$1: loaded 2 times (x 127B)
Class com.android.build.gradle.internal.dependency.VariantDependencies$Companion$getComponentFilter$4: loaded 2 times (x 74B)
Class com.android.build.api.component.analytics.AnalyticsEnabledApplicationVariant$userVisibleTestFixtures$2: loaded 2 times (x 79B)
Class com.android.build.api.variant.impl.VariantImpl$minSdk$2                         : loaded 2 times (x 79B)
Class com.android.build.gradle.internal.component.features.ManifestPlaceholdersCreationConfig: loaded 2 times (x 70B)
Class com.google.wireless.android.sdk.stats.GradleBuildVariant$PrivacySandboxDependenciesInfoOrBuilder: loaded 2 times (x 70B)
Class com.android.build.gradle.internal.tasks.factory.TaskConfigurationActions        : loaded 2 times (x 75B)
Class com.android.build.gradle.internal.VariantManager$Companion                      : loaded 2 times (x 71B)
Class com.android.build.gradle.internal.tasks.factory.BootClasspathConfigImpl$mockableJarArtifact$2: loaded 2 times (x 79B)
Class com.android.build.gradle.internal.packaging.PackagingOptionsUtilsKt             : loaded 2 times (x 71B)
Class com.google.common.base.CaseFormat$5                                             : loaded 2 times (x 83B)
Class com.android.builder.model.ClassField                                            : loaded 2 times (x 70B)
Class com.android.build.api.dsl.DataBinding                                           : loaded 2 times (x 70B)
Class org.jetbrains.kotlin.gradle.plugin.mpp.KotlinUsages$KotlinCinteropDisambiguation: loaded 2 times (x 76B)
Class org.jetbrains.kotlin.gradle.report.BuildReportType$Companion                    : loaded 2 times (x 71B)
Class org.jetbrains.kotlin.gradle.plugin.KotlinPluginInMultipleProjectsHolder         : loaded 2 times (x 72B)
Class com.android.build.gradle.internal.plugins.BasePlugin$sdkComponentsBuildService$2$1: loaded 2 times (x 79B)
Class com.google.protobuf.InvalidProtocolBufferException$InvalidWireTypeException     : loaded 2 times (x 88B)
Class org.jetbrains.kotlin.build.report.metrics.GradleBuildPerformanceMetric          : loaded 2 times (x 92B)
Class com.google.protobuf.Internal$BooleanList                                        : loaded 2 times (x 70B)
Class com.google.protobuf.Internal$FloatList                                          : loaded 2 times (x 70B)
Class com.google.protobuf.MessageLiteOrBuilder                                        : loaded 2 times (x 70B)
Class [Lcom.android.builder.core.ComponentTypeImpl;                                   : loaded 2 times (x 69B)
Class org.gradle.accessors.dm.LibrariesForLibs$AndroidxComposeLibraryAccessors        : loaded 2 times (x 79B)
Class com.google.common.io.ByteStreams                                                : loaded 2 times (x 71B)
Class com.android.builder.model.v2.ide.AbstractArtifact                               : loaded 2 times (x 70B)
Class com.amazon.ion.IonDatagram                                                      : loaded 2 times (x 70B)
Class com.amazon.ion.impl._Private_RecyclingStack$ElementFactory                      : loaded 2 times (x 70B)
Class com.amazon.ion.impl.bin.IonManagedBinaryWriter$ImportedSymbolResolverMode$1$1   : loaded 2 times (x 78B)
Class com.amazon.ion.impl._Private_ByteTransferSink                                   : loaded 2 times (x 70B)
Class com.intellij.openapi.externalSystem.model.project.dependencies.ResolutionState  : loaded 2 times (x 79B)
Class kotlin.text.StringsKt__RegexExtensionsJVMKt                                     : loaded 2 times (x 71B)
Class com.google.common.collect.AllEqualOrdering                                      : loaded 2 times (x 114B)
Class kotlin.collections.ArraysKt___ArraysJvmKt                                       : loaded 2 times (x 71B)
Class kotlin.collections.CollectionsKt__CollectionsKt                                 : loaded 2 times (x 71B)
Class com.android.build.gradle.internal.tasks.factory.TaskFactoryUtils$dependsOn$7    : loaded 2 times (x 75B)
Class org.jetbrains.kotlin.gradle.plugin.sources.FragmentConsistencyChecks$optInAnnotationsCheck$1: loaded 2 times (x 79B)
Class org.jetbrains.kotlin.gradle.plugin.mpp.compilationImpl.DefaultKotlinCompilationFriendPathsResolver$CompositeFriendArtifactResolver: loaded 2 times (x 75B)
Class com.android.build.api.artifact.impl.TaskBasedOperationImpl                      : loaded 2 times (x 84B)
Class com.android.build.api.component.impl.MutableMapBackedUpWithMapProperty          : loaded 2 times (x 124B)
Class com.google.wireless.android.sdk.stats.GradleBuildVariant$Java8LangSupport       : loaded 2 times (x 87B)
Class com.android.build.gradle.internal.component.VariantCreationConfig$Companion     : loaded 2 times (x 71B)
Class com.android.build.api.variant.impl.DependenciesInfoBuilderImpl                  : loaded 2 times (x 90B)
Class com.android.build.gradle.internal.variant.VariantPathHelper$dirName$2           : loaded 2 times (x 79B)
Class com.google.wireless.android.sdk.stats.GradleBuildVariant$NativeBuildConfigInfo  : loaded 2 times (x 211B)
Class com.android.build.gradle.internal.core.dsl.impl.TestedVariantDslInfoImpl        : loaded 2 times (x 151B)
Class com.android.build.gradle.internal.manifest.ManifestDataProvider                 : loaded 2 times (x 70B)
Class com.android.build.gradle.internal.dsl.ComposeOptionsImpl                        : loaded 2 times (x 82B)
Class com.android.build.api.dsl.TestCoverage                                          : loaded 2 times (x 70B)
Class com.android.build.gradle.api.AndroidSourceSet                                   : loaded 2 times (x 70B)
Class com.android.build.gradle.internal.dsl.AaptOptions                               : loaded 2 times (x 115B)
Class com.android.build.api.dsl.BaselineProfile                                       : loaded 2 times (x 70B)
Class org.bouncycastle.jcajce.provider.config.ConfigurableProvider                    : loaded 2 times (x 70B)
Class com.android.build.api.dsl.DynamicFeatureBaseFlavor                              : loaded 2 times (x 70B)
Class com.android.builder.core.ComponentTypeImpl                                      : loaded 2 times (x 105B)
Class [Lorg.jetbrains.kotlin.gradle.dsl.JvmTarget;                                    : loaded 2 times (x 69B)
Class org.jetbrains.kotlin.gradle.plugin.mpp.KotlinUsages$KotlinMetadataCompatibility : loaded 2 times (x 76B)
Class org.jetbrains.kotlin.gradle.internal.properties.PropertiesBuildService$property$1$1: loaded 2 times (x 75B)
Class org.jetbrains.kotlin.gradle.utils.ConfigurationsKt$maybeCreateResolvable$1      : loaded 2 times (x 78B)
Class org.jetbrains.kotlin.tooling.core.Extras$Type                                   : loaded 2 times (x 72B)
Class org.jetbrains.kotlin.gradle.plugin.mpp.AbstractKotlinCompilationToRunnableFiles : loaded 2 times (x 196B)
Class com.android.build.gradle.internal.plugins.BasePlugin$versionedSdkLoaderService$2$1$1: loaded 2 times (x 79B)
Class com.android.build.gradle.internal.services.Aapt2DaemonBuildService$Parameters_Decorated: loaded 2 times (x 127B)
Class com.google.protobuf.GeneratedMessageV3$ExtendableBuilder                        : loaded 2 times (x 317B)
Class com.google.protobuf.ByteString$ByteArrayCopier                                  : loaded 2 times (x 70B)
Class com.google.protobuf.GeneratedMessageV3$ExtendableMessage                        : loaded 2 times (x 212B)
Class com.android.builder.model.SigningConfig                                         : loaded 2 times (x 70B)
Class com.android.build.gradle.internal.res.Aapt2FromMaven$Companion$Aapt2Extractor   : loaded 2 times (x 78B)
Class com.android.build.gradle.internal.dsl.decorator.LockableSet                     : loaded 2 times (x 145B)
Class com.android.build.gradle.internal.plugins.AndroidPluginBaseServices$syncIssueReporter$2$1: loaded 2 times (x 79B)
Class com.android.build.gradle.internal.plugins.BasePlugin$extensionData$2            : loaded 2 times (x 79B)
Class com.android.build.api.variant.HasAndroidTestBuilder                             : loaded 2 times (x 70B)
Class com.android.build.api.dsl.ConsumerKeepRules                                     : loaded 2 times (x 70B)
Class jdk.internal.jimage.ImageReader$LinkNode                                        : loaded 2 times (x 84B)
Class kotlin.text.Regex$Companion                                                     : loaded 2 times (x 71B)
Class org.gradle.internal.classpath.TransformedClassPath                              : loaded 2 times (x 96B)
Class org.gradle.internal.classloader.InstrumentingClassLoader                        : loaded 2 times (x 70B)
Class org.jetbrains.kotlin.gradle.plugin.sources.FragmentConsistencyChecks$optInAnnotationsCheck$2: loaded 2 times (x 78B)
Class com.android.build.api.artifact.MultipleArtifact$PRE_COMPILATION_CLASSES         : loaded 2 times (x 74B)
Class com.android.build.gradle.tasks.ManifestProcessor                                : loaded 2 times (x 70B)
Class com.android.build.api.artifact.Artifact$Transformable                           : loaded 2 times (x 70B)
Class com.android.build.gradle.internal.TaskManager$createCompileAnchorTask$1         : loaded 2 times (x 74B)
Class com.android.build.gradle.internal.scope.InternalArtifactType$CODE_COVERAGE_HTML_REPORT: loaded 2 times (x 74B)
Class com.android.build.gradle.internal.TaskManager$AbstractPreBuildCreationAction    : loaded 2 times (x 91B)
Class com.android.build.gradle.internal.component.DeviceTestCreationConfig            : loaded 2 times (x 70B)
Class com.android.build.gradle.internal.testsuites.impl.TestSuiteBuilderImpl$Companion: loaded 2 times (x 71B)
Class com.android.build.gradle.internal.dsl.CompileSdkSpecImpl$AgpDecorated           : loaded 2 times (x 90B)
Class com.android.buildanalyzer.common.TaskCategory                                   : loaded 2 times (x 80B)
Class com.android.build.gradle.internal.tasks.UsesAnalytics                           : loaded 2 times (x 70B)
Class com.android.build.gradle.internal.tasks.SigningConfigUtils                      : loaded 2 times (x 71B)
Class com.android.build.gradle.internal.dsl.BundleOptionsDeviceTier$AgpDecorated      : loaded 2 times (x 85B)
Class com.android.build.gradle.internal.dsl.EmulatorControl$AgpDecorated_Decorated    : loaded 2 times (x 134B)
Class com.android.build.gradle.internal.dsl.CommonExtensionImpl$compileSdkDelegate$1  : loaded 2 times (x 79B)
Class com.android.build.gradle.internal.dsl.BaselineProfileImpl$AgpDecorated          : loaded 2 times (x 84B)
Class com.android.build.gradle.internal.dsl.decorator.DslDecorator$CollectingInfoVisitor: loaded 2 times (x 75B)
Class com.android.build.gradle.internal.dsl.decorator.DslDecorator$Companion          : loaded 2 times (x 71B)
Class com.android.build.api.dsl.AnnotationProcessorOptions                            : loaded 2 times (x 70B)
Class com.android.builder.model.BuildType                                             : loaded 2 times (x 70B)
Class org.jetbrains.kotlin.gradle.plugin.statistics.BuildFusServiceKt                 : loaded 2 times (x 71B)
Class org.jetbrains.kotlin.gradle.plugin.BuildFinishedListenerService$Companion       : loaded 2 times (x 71B)
Class org.jetbrains.kotlin.gradle.plugin.BuildFinishedListenerService                 : loaded 2 times (x 80B)
Class org.jetbrains.kotlin.gradle.plugin.KotlinBaseApiPlugin$kotlinExtension$2        : loaded 2 times (x 79B)
Class com.android.build.gradle.internal.plugins.BasePlugin$versionedSdkLoaderService$2$1$2: loaded 2 times (x 79B)
Class com.android.build.gradle.internal.AvdComponentsBuildService$Parameters_Decorated: loaded 2 times (x 157B)
Class com.android.build.gradle.internal.plugins.BasePlugin$configureProject$1         : loaded 2 times (x 75B)
Class com.android.build.gradle.internal.services.StringCachingBuildService$RegistrationAction: loaded 2 times (x 74B)
Class [Lcom.google.protobuf.Descriptors$EnumValueDescriptor;                          : loaded 2 times (x 69B)
Class com.google.common.base.CaseFormat$2                                             : loaded 2 times (x 83B)
Class com.google.protobuf.AbstractParser                                              : loaded 2 times (x 150B)
Class com.google.common.collect.AbstractBiMap$Inverse                                 : loaded 2 times (x 162B)
Class com.android.build.gradle.internal.dsl.ApplicationExtensionImpl$AgpDecorated     : loaded 2 times (x 388B)
Class com.android.build.gradle.options.IntegerOption                                  : loaded 2 times (x 85B)
Class [Lcom.android.repository.Revision$Precision;                                    : loaded 2 times (x 69B)
Class com.android.build.gradle.internal.core.dsl.ComponentDslInfo                     : loaded 2 times (x 70B)
Class com.android.build.api.variant.AndroidComponents                                 : loaded 2 times (x 70B)
Class com.android.build.gradle.internal.plugins.BasePlugin                            : loaded 2 times (x 93B)
Class org.gradle.accessors.dm.LibrariesForLibs$AndroidxLifecycleRuntimeLibraryAccessors: loaded 2 times (x 77B)
Class com.android.build.api.dsl.ManagedDevices                                        : loaded 2 times (x 70B)
Class com.google.common.collect.ImmutableListMultimap                                 : loaded 2 times (x 176B)
Class jdk.internal.jrtfs.SystemImage$1                                                : loaded 2 times (x 78B)
Class com.amazon.ion.IonValue                                                         : loaded 2 times (x 70B)
Class sync_studio_tooling7_88wldbqquuzb0edrvf9voedq7                                  : loaded 2 times (x 171B)
Class com.google.common.collect.ImmutableRangeSet$AsSet                               : loaded 2 times (x 300B)
Class kotlin.jvm.internal.FunctionReference                                           : loaded 2 times (x 122B)
Class [Lkotlin.coroutines.intrinsics.CoroutineSingletons;                             : loaded 2 times (x 69B)
Class kotlin.jvm.internal.FunctionBase                                                : loaded 2 times (x 70B)
Class org.jetbrains.kotlin.gradle.plugin.mpp.compilationImpl.factory.DefaultKotlinCompilationOutputFactory: loaded 2 times (x 74B)
Class org.jetbrains.kotlin.gradle.tasks.configuration.TaskConfigAction                : loaded 2 times (x 72B)
Class com.android.build.api.artifact.impl.MultipleArtifactContainer                   : loaded 2 times (x 75B)
Class com.android.build.api.variant.impl.JniLibsPackagingImpl$keepDebugSymbols$1      : loaded 2 times (x 75B)
Class com.android.build.gradle.internal.dependency.ProvidedClasspathSubtractor$getFileCollection$1: loaded 2 times (x 75B)
Class com.android.build.api.component.analytics.AnalyticsEnabledApplicationVariant    : loaded 2 times (x 229B)
Class com.android.build.api.component.analytics.AnalyticsEnabledVariant               : loaded 2 times (x 160B)
Class com.android.build.api.component.analytics.AnalyticsEnabledComponent             : loaded 2 times (x 117B)
Class com.android.build.api.component.impl.DeviceTestImpl$instrumentationRunnerArguments$2: loaded 2 times (x 79B)
Class com.android.build.gradle.internal.core.dsl.impl.ApplicationVariantDslInfoImpl$computeVersionNameSuffix$2: loaded 2 times (x 78B)
Class com.android.build.api.component.impl.ComponentImpl$androidResourcesCreationConfig$2: loaded 2 times (x 79B)
Class com.android.build.gradle.internal.variant.VariantPathHelper$Companion           : loaded 2 times (x 71B)
Class com.android.build.gradle.internal.attributes.VariantAttr$Companion              : loaded 2 times (x 71B)
Class com.android.build.gradle.internal.dsl.BundleOptionsTexture$AgpDecorated_Decorated: loaded 2 times (x 130B)
Class com.android.build.gradle.internal.services.VariantServices                      : loaded 2 times (x 70B)
Class com.android.build.gradle.internal.CompileOptions$Companion                      : loaded 2 times (x 71B)
Class com.android.build.gradle.internal.dsl.decorator.ApplicationInstallationImpl$AgpDecorated: loaded 2 times (x 99B)
Class com.android.build.gradle.internal.dsl.CommonExtensionImpl$compileSdkDelegate$2  : loaded 2 times (x 79B)
Class com.android.builder.core.DefaultVectorDrawablesOptions                          : loaded 2 times (x 80B)
Class com.android.build.gradle.internal.dsl.BaselineProfileImpl                       : loaded 2 times (x 79B)
Class com.android.build.gradle.internal.dsl.ExternalNativeBuild                       : loaded 2 times (x 91B)
Class com.android.build.gradle.internal.dsl.decorator.LockableMap                     : loaded 2 times (x 128B)
Class com.android.build.gradle.internal.dsl.BuildType                                 : loaded 2 times (x 365B)
Class org.jetbrains.kotlin.gradle.plugin.KotlinSourceSetTree                          : loaded 2 times (x 72B)
Class org.jetbrains.kotlin.gradle.plugin.sources.KotlinSourceSetFactory               : loaded 2 times (x 80B)
Class org.jetbrains.kotlin.gradle.targets.native.toolchain.KotlinNativeBundleBuildService$Parameters_Decorated: loaded 2 times (x 139B)
Class org.jetbrains.kotlin.gradle.internal.ClassLoadersCachingBuildService$Companion  : loaded 2 times (x 71B)
Class org.jetbrains.kotlin.gradle.internal.IdeaKt$isInIdeaSync$1                      : loaded 2 times (x 74B)
Class com.android.build.gradle.internal.plugins.BasePlugin$configureProject$2         : loaded 2 times (x 75B)
Class com.google.protobuf.UnsafeUtil$MemoryAccessor                                   : loaded 2 times (x 91B)
Class com.google.wireless.android.sdk.stats.JavaProcessStats$1                        : loaded 2 times (x 151B)
Class com.android.build.api.variant.DslExtension                                      : loaded 2 times (x 72B)
Class com.google.protobuf.GeneratedMessage$GeneratedExtension                         : loaded 2 times (x 87B)
Class com.android.build.gradle.internal.profile.AnalyticsConfiguratorService$Params_Decorated: loaded 2 times (x 130B)
Class org.jetbrains.kotlin.compose.compiler.gradle.ComposeCompilerGradlePluginExtension$featureFlags$1: loaded 2 times (x 76B)
Class com.google.gson.JsonSerializer                                                  : loaded 2 times (x 70B)
Class [Lcom.android.ide.common.blame.Message$Kind;                                    : loaded 2 times (x 69B)
Class com.android.build.gradle.tasks.JavaCompileUtils                                 : loaded 2 times (x 71B)
Class com.android.build.gradle.internal.errors.MessageReceiverImpl                    : loaded 2 times (x 75B)
Class com.android.build.gradle.internal.variant.VariantInputModel                     : loaded 2 times (x 70B)
Class org.gradle.tooling.internal.consumer.converters.IdeaProjectJavaLanguageSettingsMixin: loaded 2 times (x 73B)
Class com.google.common.collect.EmptyImmutableListMultimap                            : loaded 2 times (x 176B)
Class com.google.common.collect.BaseImmutableMultimap                                 : loaded 2 times (x 123B)
Class jdk.internal.jrtfs.SystemImage$2                                                : loaded 2 times (x 76B)
Class com.amazon.ion.impl.bin.IonRawBinaryWriter$ContainerType                        : loaded 2 times (x 79B)
Class com.amazon.ion.impl._Private_IonTextWriterBuilder$Mutable                       : loaded 2 times (x 102B)
Class kotlin.comparisons.ComparisonsKt___ComparisonsJvmKt                             : loaded 2 times (x 71B)
Class kotlin.collections.CollectionsKt__IteratorsJVMKt                                : loaded 2 times (x 71B)
Class com.android.build.api.artifact.impl.InternalScopedArtifact$FINAL_TRANSFORMED_CLASSES: loaded 2 times (x 74B)
Class org.jetbrains.kotlin.gradle.plugin.mpp.InternalKotlinCompilationKt              : loaded 2 times (x 71B)
Class org.jetbrains.kotlin.gradle.plugin.mpp.compilationImpl.KotlinCompilationImpl$attributes$2: loaded 2 times (x 79B)
Class org.jetbrains.kotlin.gradle.tasks.configuration.AbstractKotlinCompileConfig     : loaded 2 times (x 72B)
Class com.android.build.gradle.internal.scope.InternalArtifactType$RUNTIME_APP_CLASSES_JAR: loaded 2 times (x 74B)
Class com.android.build.api.variant.impl.ResourcesPackagingImpl$pickFirsts$1          : loaded 2 times (x 75B)
Class com.android.build.gradle.internal.TaskManager$createProcessJavaResTask$taskConfig$1: loaded 2 times (x 92B)
Class com.android.build.gradle.tasks.ProcessAndroidResources                          : loaded 2 times (x 330B)
Class com.android.build.gradle.tasks.MergeSourceSetFolders$CreationAction             : loaded 2 times (x 91B)
Class com.android.build.gradle.tasks.ProcessManifestForMetadataFeatureTask            : loaded 2 times (x 329B)
Class com.android.build.gradle.internal.scope.InternalArtifactType$COMPATIBLE_SCREEN_MANIFEST: loaded 2 times (x 74B)
Class com.android.build.api.component.analytics.AnalyticsEnabledUnitTest              : loaded 2 times (x 129B)
Class com.android.build.gradle.internal.variant.BaseVariantData$DiscoverableFilterType$ABI: loaded 2 times (x 80B)
Class com.android.build.gradle.internal.core.PostProcessingOptions                    : loaded 2 times (x 70B)
Class com.android.build.gradle.internal.core.MergedJavaCompileOptions                 : loaded 2 times (x 83B)
Class com.android.build.gradle.internal.core.dsl.impl.ApplicationVariantDslInfoImpl   : loaded 2 times (x 198B)
Class com.android.build.api.variant.impl.VariantBuilderImpl                           : loaded 2 times (x 134B)
Class com.android.build.gradle.internal.dsl.MinSdkProperties                          : loaded 2 times (x 70B)
Class com.android.build.gradle.internal.dsl.decorator.DslDecorator$Companion$lookupDefineClassMethod$2: loaded 2 times (x 78B)
Class com.android.build.api.variant.impl.VariantOutputList$Companion                  : loaded 2 times (x 71B)
Class com.android.build.api.component.analytics.AnalyticsEnabledApplicationVariant$generatesApk$2: loaded 2 times (x 79B)
Class org.jetbrains.kotlin.gradle.utils.IsolatedKotlinClasspathClassCastException     : loaded 2 times (x 82B)
Class com.android.build.gradle.internal.plugins.BasePlugin$configureProject$3         : loaded 2 times (x 77B)
Class com.android.build.gradle.internal.ide.dependencies.MavenCoordinatesCacheBuildService: loaded 2 times (x 80B)
Class com.google.protobuf.ByteString$ByteIterator                                     : loaded 2 times (x 70B)
Class com.google.protobuf.DescriptorProtos$FieldDescriptorProto                       : loaded 2 times (x 222B)
Class com.google.protobuf.DescriptorProtos$FieldDescriptorProtoOrBuilder              : loaded 2 times (x 70B)
Class com.android.builder.profile.AnalyticsProfileWriter                              : loaded 2 times (x 72B)
Class com.android.build.gradle.internal.utils.AnalyticsEnabledValueSource             : loaded 2 times (x 78B)
Class com.android.build.gradle.tasks.ProcessManifestForMetadataFeatureTask$CreationAction: loaded 2 times (x 90B)
Class com.android.build.gradle.tasks.MergeSourceSetFolders$MergeJniLibFoldersCreationAction: loaded 2 times (x 91B)
Class com.android.build.gradle.internal.plugins.BasePlugin$buildOutputs$2             : loaded 2 times (x 79B)
Class com.android.build.gradle.internal.plugins.AndroidPluginBaseServices$androidProblemReporterProviderService$2: loaded 2 times (x 79B)
Class com.android.build.gradle.internal.component.ApkCreationConfig                   : loaded 2 times (x 70B)
Class com.android.build.gradle.internal.services.RunOnceBuildServiceImpl$RegistrationAction: loaded 2 times (x 73B)
Class io.opentelemetry.context.ContextStorageWrappers                                 : loaded 2 times (x 71B)
Class io.opentelemetry.context.propagation.DefaultContextPropagators                  : loaded 2 times (x 75B)
Class org.gradle.tooling.internal.consumer.connection.ParameterAwareBuildControllerAdapter: loaded 2 times (x 101B)
Class com.android.build.gradle.internal.tasks.creationconfig.JavaPreCompileTaskCreationConfig: loaded 2 times (x 70B)
Class com.android.build.gradle.internal.services.BuiltInKaptSupportMode$SupportedForTestFixturesAndScreenshotTest: loaded 2 times (x 71B)
Class [Lorg.objectweb.asm.Attribute;                                                  : loaded 2 times (x 69B)
Class com.android.builder.model.v2.ide.TestInfo$Execution                             : loaded 2 times (x 79B)
Class com.google.gson.internal.Primitives                                             : loaded 2 times (x 71B)
Class kotlin.Result                                                                   : loaded 2 times (x 72B)
Class org.gradle.internal.service.ServiceLocator                                      : loaded 2 times (x 70B)
Class org.jetbrains.kotlin.compose.compiler.gradle.ComposeCompilerGradleSubplugin$applyToCompilation$allPluginProperties$1$10: loaded 2 times (x 76B)
Class com.android.build.gradle.tasks.JavaPreCompileTask$CreationAction$handleProvider$1: loaded 2 times (x 78B)
Class com.android.build.gradle.internal.scope.InternalArtifactType$DATA_BINDING_LAYOUT_INFO_TYPE_MERGE: loaded 2 times (x 74B)
Class com.android.build.api.component.impl.features.InstrumentationCreationConfigImpl$instrumentation$2: loaded 2 times (x 79B)
Class com.android.build.gradle.internal.variant.BaseVariantData$Companion             : loaded 2 times (x 71B)
Class com.android.build.gradle.internal.dependency.ResolutionResultProvider           : loaded 2 times (x 70B)
Class com.android.build.api.component.impl.features.CommonOptimizationDslInfoImpl     : loaded 2 times (x 98B)
Class com.android.build.api.artifact.impl.ArtifactNamingContext                       : loaded 2 times (x 72B)
Class org.gradle.api.internal.ClassPathProvider                                       : loaded 2 times (x 70B)
Class com.android.build.api.dsl.ExternalNativeBuild                                   : loaded 2 times (x 70B)
Class com.android.build.gradle.internal.dsl.BundleOptionsDensity                      : loaded 2 times (x 77B)
Class com.android.build.api.dsl.Bundle                                                : loaded 2 times (x 70B)
Class com.android.build.gradle.internal.dsl.decorator.SupportedPropertyType$Collection$List: loaded 2 times (x 74B)
Class com.android.build.api.dsl.LibraryProductFlavor                                  : loaded 2 times (x 70B)
Class com.android.build.gradle.internal.plugins.BasePlugin$configureProject$4         : loaded 2 times (x 74B)
Class com.android.repository.Revision                                                 : loaded 2 times (x 87B)
Class [Lorg.gradle.api.internal.ClassPathProvider;                                    : loaded 2 times (x 69B)
Class com.google.protobuf.DescriptorProtos$SourceCodeInfoOrBuilder                    : loaded 2 times (x 70B)
Class org.gradle.tooling.ToolingModelContract                                         : loaded 2 times (x 70B)
Class com.android.build.gradle.internal.res.Aapt2FromMaven$Companion$create$aapt2Directory$1: loaded 2 times (x 74B)
Class kotlin.sequences.Sequence                                                       : loaded 2 times (x 70B)
Class com.android.ide.common.blame.Message$Kind$Companion                             : loaded 2 times (x 71B)
Class kotlin.sequences.SequenceScope                                                  : loaded 2 times (x 73B)
Class kotlin.text.MatchResult                                                         : loaded 2 times (x 70B)
Class com.android.build.gradle.internal.core.dsl.ConsumableComponentDslInfo           : loaded 2 times (x 70B)
Class com.android.build.gradle.internal.variant.AbstractVariantInputManager           : loaded 2 times (x 97B)
Class com.android.build.gradle.internal.tasks.factory.GlobalTaskCreationConfigImpl    : loaded 2 times (x 135B)
Class com.android.build.gradle.AbstractAppExtension                                   : loaded 2 times (x 215B)
Class com.android.build.gradle.BasePlugin                                             : loaded 2 times (x 76B)
Class com.google.common.collect.NaturalOrdering                                       : loaded 2 times (x 115B)
Class kotlin.text.StringsKt__StringNumberConversionsJVMKt                             : loaded 2 times (x 71B)
Class com.amazon.ion.SymbolToken                                                      : loaded 2 times (x 70B)
Class com.intellij.gradle.toolingExtension.impl.util.GradleExecutorServiceUtil        : loaded 2 times (x 71B)
Class jdk.internal.jrtfs.JrtFileSystemProvider                                        : loaded 2 times (x 101B)
Class com.amazon.ion.impl.IonWriterSystem                                             : loaded 2 times (x 171B)
Class com.amazon.ion.impl.bin.Symbols$2                                               : loaded 2 times (x 107B)
Class com.amazon.ion.impl.bin._Private_IonManagedWriter                               : loaded 2 times (x 70B)
Class com.android.ide.gradle.model.GradlePropertiesModel                              : loaded 2 times (x 70B)
Class kotlin.sequences.TransformingSequence$iterator$1                                : loaded 2 times (x 79B)
Class kotlin.Pair                                                                     : loaded 2 times (x 72B)
Class org.jetbrains.kotlin.compose.compiler.gradle.ComposeCompilerGradleSubplugin$applyToCompilation$allPluginProperties$1$11: loaded 2 times (x 74B)
Class com.android.build.gradle.internal.res.GenerateLibraryRFileTask$CreationAction   : loaded 2 times (x 90B)
Class com.android.build.gradle.internal.scope.InternalArtifactType$MERGED_RES         : loaded 2 times (x 74B)
Class com.android.build.api.artifact.SingleArtifact$MERGED_MANIFEST                   : loaded 2 times (x 74B)
Class com.android.build.api.component.impl.OldVariantApiLegacySupportImpl$JavaCompileOptionsForOldVariantAPI$_annotationProcessorOptions$1: loaded 2 times (x 77B)
Class com.android.build.gradle.tasks.ExtractDeepLinksTask                             : loaded 2 times (x 331B)
Class com.android.build.gradle.internal.tasks.NonIncrementalTask                      : loaded 2 times (x 325B)
Class com.android.build.gradle.internal.scope.InternalMultipleArtifactType$ALL_PROJECT_TEST_RESULTS: loaded 2 times (x 74B)
Class [Lcom.google.wireless.android.sdk.stats.GradleBuildVariant$DexBuilderTool;      : loaded 2 times (x 69B)
Class com.android.build.gradle.internal.core.dsl.impl.AndroidTestComponentDslInfoImpl$namespace$2: loaded 2 times (x 79B)
Class com.android.build.gradle.internal.core.MergedExternalNativeCmakeOptions         : loaded 2 times (x 86B)
Class com.android.build.api.component.impl.features.NativeBuildCreationConfigImpl     : loaded 2 times (x 81B)
Class com.android.build.api.variant.JavaCompilation                                   : loaded 2 times (x 70B)
Class com.android.build.api.variant.impl.VariantImpl                                  : loaded 2 times (x 365B)
Class com.google.wireless.android.sdk.stats.AsmFramesComputationModeUpdateOrBuilder   : loaded 2 times (x 70B)
Class com.android.build.api.variant.impl.InternalVariantBuilder                       : loaded 2 times (x 70B)
Class com.amazon.ion.impl.bin.IonRawBinaryWriter                                      : loaded 2 times (x 169B)
Class org.jetbrains.kotlin.compose.compiler.gradle.model.builder.ComposeCompilerModelBuilder: loaded 2 times (x 75B)
Class [Lcom.android.build.gradle.ProguardFiles$ProguardFile;                          : loaded 2 times (x 69B)
Class com.android.build.gradle.internal.ide.v2.NativeModelBuilder$scopes$2            : loaded 2 times (x 79B)
Class com.android.build.gradle.internal.dsl.BundleOptionsLanguage$AgpDecorated        : loaded 2 times (x 81B)
Class com.android.build.api.dsl.SingleVariant                                         : loaded 2 times (x 70B)
Class com.amazon.ion.impl.SharedSymbolTable                                           : loaded 2 times (x 93B)
Class org.jetbrains.kotlin.gradle.plugin.KotlinTargetPreset                           : loaded 2 times (x 70B)
Class org.jetbrains.kotlin.gradle.utils.FileUtilsKt$localProperties$1                 : loaded 2 times (x 75B)
Class org.jetbrains.kotlin.gradle.dsl.HasConfigurableKotlinCompilerOptions            : loaded 2 times (x 70B)
Class com.android.build.gradle.internal.plugins.BasePlugin$configureProject$5         : loaded 2 times (x 74B)
Class com.android.build.gradle.internal.lint.LintFixBuildService                      : loaded 2 times (x 75B)
Class com.google.protobuf.UnsafeUtil$1                                                : loaded 2 times (x 76B)
Class com.android.build.gradle.internal.errors.SyncIssueReporterImpl$GlobalSyncIssueService: loaded 2 times (x 82B)
Class com.amazon.ion.impl._Private_RecyclingStack$$Iterator                           : loaded 2 times (x 99B)
Class com.google.wireless.android.sdk.stats.GradleBuildProject                        : loaded 2 times (x 260B)
Class com.google.wireless.android.sdk.stats.GradleBuildProfileSpan$ExecutionType      : loaded 2 times (x 87B)
Class com.android.build.gradle.internal.errors.DeprecationReporterImpl                : loaded 2 times (x 83B)
Class com.android.build.gradle.internal.errors.AndroidProblemReporterProvider$RegistrationAction: loaded 2 times (x 74B)
Class com.android.build.gradle.options.ProjectOptions                                 : loaded 2 times (x 72B)
Class com.android.build.gradle.internal.services.RunOnceBuildServiceImpl$ActionName   : loaded 2 times (x 72B)
Class com.android.builder.model.v2.ide.BytecodeTransformation                         : loaded 2 times (x 79B)
Class com.google.common.collect.Sets$ImprovedAbstractSet                              : loaded 2 times (x 135B)
Class com.amazon.ion.impl.lite.IonContainerLite                                       : loaded 2 times (x 248B)
Class com.amazon.ion.IonBufferConfiguration$OversizedSymbolTableHandler               : loaded 2 times (x 70B)
Class com.amazon.ion.system.IonWriterBuilder                                          : loaded 2 times (x 74B)
Class org.jetbrains.plugins.gradle.tooling.serialization.ToolingStreamApiUtils        : loaded 2 times (x 71B)
Class com.amazon.ion.facet.Faceted                                                    : loaded 2 times (x 70B)
Class kotlin.collections.CollectionsKt__MutableCollectionsKt                          : loaded 2 times (x 71B)
Class org.jetbrains.kotlin.gradle.plugin.mpp.DefaultKotlinCompilationOutput$allOutputs$1$1: loaded 2 times (x 75B)
Class org.jetbrains.kotlin.gradle.plugin.mpp.HasBinaries                              : loaded 2 times (x 70B)
Class com.android.build.gradle.internal.services.BuiltInKaptSupportMode$Supported     : loaded 2 times (x 71B)
Class com.android.build.gradle.internal.res.LinkApplicationAndroidResourcesTask$BaseCreationAction$handleProvider$1: loaded 2 times (x 127B)
Class com.android.build.gradle.internal.dependency.VariantDependencies$computeLocalFileDependencies$1: loaded 2 times (x 80B)
Class com.android.build.gradle.internal.tasks.factory.VariantTaskCreationAction       : loaded 2 times (x 90B)
Class com.android.builder.dexing.DexingType                                           : loaded 2 times (x 79B)
Class com.android.build.api.component.impl.DeviceTestImpl$resValues$2                 : loaded 2 times (x 79B)
Class com.android.build.api.variant.impl.TestedApkPackagingImpl                       : loaded 2 times (x 95B)
Class com.android.build.api.component.analytics.AnalyticsEnabledApplicationAndroidResourcesBuilder: loaded 2 times (x 78B)
Class com.android.build.gradle.internal.tasks.factory.TaskProviderCallback            : loaded 2 times (x 70B)
Class com.android.build.gradle.internal.services.FakeDependencyJarBuildService$FakeDependencyJarCreator$Params_Decorated: loaded 2 times (x 132B)
Class com.android.build.gradle.internal.services.FakeDependencyJarBuildService$FakeDependencyJarCreator: loaded 2 times (x 80B)
Class com.android.build.gradle.internal.tasks.factory.BootClasspathConfigImpl$filteredBootClasspath$2: loaded 2 times (x 79B)
Class com.android.build.gradle.internal.dsl.BundleOptionsAiModelVersion$AgpDecorated  : loaded 2 times (x 85B)
Class com.android.build.gradle.internal.dsl.decorator.ApplicationInstallationImpl$AgpDecorated_Decorated: loaded 2 times (x 144B)
Class [Lcom.android.resources.Density;                                                : loaded 2 times (x 69B)
Class com.android.build.gradle.internal.dsl.ExternalNativeBuildOptions_Decorated      : loaded 2 times (x 139B)
Class com.android.build.gradle.internal.variant.BaseVariantFactory$Companion          : loaded 2 times (x 71B)
Class org.jetbrains.kotlin.gradle.targets.native.toolchain.UsesKotlinNativeBundleBuildService: loaded 2 times (x 70B)
Class org.jetbrains.kotlin.build.report.metrics.ValueType                             : loaded 2 times (x 79B)
Class org.jetbrains.kotlin.gradle.plugin.KotlinCompilerArgumentsProducer              : loaded 2 times (x 70B)
Class org.jetbrains.kotlin.gradle.dsl.KotlinCommonOptions                             : loaded 2 times (x 70B)
Class com.android.build.gradle.internal.ide.dependencies.LibraryDependencyCacheBuildService$RegistrationAction: loaded 2 times (x 74B)
Class com.google.protobuf.LazyFieldLite                                               : loaded 2 times (x 84B)
Class com.google.common.util.concurrent.AbstractFuture$UnsafeAtomicHelper$1           : loaded 2 times (x 76B)
Class com.android.utils.DateProvider$1                                                : loaded 2 times (x 75B)
Class com.android.builder.model.v2.models.BasicAndroidProject                         : loaded 2 times (x 70B)
Class org.gradle.accessors.dm.LibrariesForLibs$BundleAccessors                        : loaded 2 times (x 73B)
Class com.android.build.api.variant.DslLifecycle                                      : loaded 2 times (x 70B)
Class com.android.build.gradle.internal.variant.BaseVariantFactory                    : loaded 2 times (x 106B)
Class io.opentelemetry.api.trace.SpanContext                                          : loaded 2 times (x 70B)
Class io.opentelemetry.api.trace.DefaultTracer$NoopSpanBuilder                        : loaded 2 times (x 91B)
Class com.android.builder.model.v2.ide.CodeShrinker                                   : loaded 2 times (x 79B)
Class com.amazon.ion.impl.bin.utf8.Poolable                                           : loaded 2 times (x 79B)
Class com.amazon.ion.IonSymbol                                                        : loaded 2 times (x 70B)
Class org.jetbrains.plugins.gradle.tooling.serialization.AnnotationProcessingModelSerializationService$WriteContext: loaded 2 times (x 72B)
Class kotlin.io.TerminateException                                                    : loaded 2 times (x 82B)
Class kotlin.io.FilesKt__FilePathComponentsKt                                         : loaded 2 times (x 71B)
Class com.google.common.collect.ImmutableRangeSet$1                                   : loaded 2 times (x 210B)
Class kotlin.reflect.KCallable                                                        : loaded 2 times (x 70B)
Class org.jetbrains.kotlin.compose.compiler.gradle.internal.ComposeWithAgpConfig      : loaded 2 times (x 72B)
Class org.jetbrains.kotlin.gradle.plugin.sources.FragmentConsistencyChecker           : loaded 2 times (x 72B)
Class org.jetbrains.kotlin.gradle.tasks.configuration.BaseKotlinCompileConfig$1$classpathConfiguration$1: loaded 2 times (x 75B)
Class com.android.build.gradle.internal.tasks.creationconfig.BaseJavaCompileCreationConfig: loaded 2 times (x 124B)
Class com.android.build.gradle.internal.tasks.PrepareLintJarForPublish$CreationAction$handleProvider$1: loaded 2 times (x 127B)
Class com.android.build.gradle.internal.tasks.featuresplit.PackagedDependenciesWriterTask$CreationAction: loaded 2 times (x 90B)
Class com.android.build.gradle.internal.core.dsl.impl.features.NativeBuildDslInfoImpl$mergeOptions$1: loaded 2 times (x 78B)
Class com.android.build.api.attributes.BuildTypeAttr$Impl                             : loaded 2 times (x 88B)
Class [Lcom.android.build.gradle.internal.dsl.ModulePropertyKey$BooleanWithDefault;   : loaded 2 times (x 69B)
Class com.android.build.gradle.internal.profile.ProfilingMode$Companion               : loaded 2 times (x 71B)
Class com.android.build.gradle.internal.services.VariantBuilderServices               : loaded 2 times (x 70B)
Class com.android.build.api.extension.impl.OperationsRegistrar                        : loaded 2 times (x 72B)
Class com.android.build.gradle.internal.dsl.BundleOptionsAbi$AgpDecorated             : loaded 2 times (x 81B)
Class com.android.tools.lint.model.LintModelSeverity                                  : loaded 2 times (x 79B)
Class com.android.build.gradle.internal.dsl.ApplicationAndroidResourcesImpl$AgpDecorated: loaded 2 times (x 130B)
Class com.android.builder.core.AbstractProductFlavor$DimensionRequest                 : loaded 2 times (x 72B)
Class com.android.build.gradle.internal.dsl.LintImpl                                  : loaded 2 times (x 212B)
Class com.android.build.api.dsl.SigningConfig                                         : loaded 2 times (x 70B)
Class org.jetbrains.kotlin.gradle.dsl.DefaultToolchainSupport_Decorated               : loaded 2 times (x 120B)
Class org.jetbrains.kotlin.gradle.internal.properties.NativePropertiesLoader$jvmArgs$1: loaded 2 times (x 75B)
Class org.jetbrains.kotlin.gradle.report.BuildMetricsService$Companion                : loaded 2 times (x 71B)
Class org.jetbrains.kotlin.gradle.plugin.VariantImplementationFactories$Parameters_Decorated: loaded 2 times (x 130B)
Class org.jetbrains.kotlin.gradle.plugin.PropertiesProvider$PropertyNames             : loaded 2 times (x 71B)
Class org.jetbrains.kotlin.gradle.tasks.KotlinCompileTool                             : loaded 2 times (x 70B)
Class org.jetbrains.kotlin.gradle.utils.SingleAction$PerformedActions                 : loaded 2 times (x 72B)
Class org.jetbrains.kotlin.gradle.utils.GradleUtilsKt                                 : loaded 2 times (x 71B)
Class org.jetbrains.kotlin.gradle.plugin.HasProject                                   : loaded 2 times (x 70B)
Class com.android.io.CancellableFileIo                                                : loaded 2 times (x 71B)
Class com.android.build.gradle.internal.dsl.ApplicationExtensionImpl                  : loaded 2 times (x 387B)
Class com.android.build.gradle.internal.errors.SyncIssueReporterImpl$GlobalSyncIssueService$Parameters: loaded 2 times (x 70B)
Class com.google.protobuf.Descriptors$FieldDescriptor                                 : loaded 2 times (x 88B)
Class com.android.build.gradle.internal.profile.AnalyticsConfiguratorService$RegistrationAction: loaded 2 times (x 74B)
Class com.android.build.gradle.internal.errors.SyncIssueReporterImpl                  : loaded 2 times (x 77B)
Class com.android.build.api.variant.ComponentIdentity                                 : loaded 2 times (x 70B)
Class com.android.build.gradle.internal.testing.ManagedDeviceRegistry                 : loaded 2 times (x 75B)
Class com.android.build.gradle.internal.dsl.BaseAppModuleExtension                    : loaded 2 times (x 459B)
Class com.android.build.gradle.AndroidConfig                                          : loaded 2 times (x 70B)
Class com.android.build.gradle.internal.tasks.ApplicationTaskManager                  : loaded 2 times (x 86B)
Class com.android.build.gradle.internal.component.ApplicationCreationConfig           : loaded 2 times (x 70B)
Class com.android.build.gradle.internal.lint.AndroidLintInputs                        : loaded 2 times (x 71B)
Class com.google.protobuf.AbstractMessage                                             : loaded 2 times (x 164B)
Class com.intellij.gradle.toolingExtension.impl.util.collectionUtil.GradleCollections : loaded 2 times (x 71B)
Class com.amazon.ion.impl.lite.IonStructLite                                          : loaded 2 times (x 298B)
Class com.amazon.ion.impl._Private_ReaderWriter                                       : loaded 2 times (x 70B)
Class com.amazon.ion.impl.bin.AbstractSymbolTable                                     : loaded 2 times (x 107B)
Class com.amazon.ion.Decimal                                                          : loaded 2 times (x 133B)
Class com.amazon.ion.impl.bin._Private_IonManagedBinaryWriterBuilder$AllocatorMode$1  : loaded 2 times (x 80B)
Class org.jetbrains.plugins.gradle.tooling.serialization.ProjectDependenciesSerializationService$WriteContext: loaded 2 times (x 72B)
Class org.jetbrains.plugins.gradle.tooling.serialization.ProjectDependenciesSerializationService: loaded 2 times (x 77B)
Class kotlin.text.CharsKt                                                             : loaded 2 times (x 71B)
Class com.google.common.collect.Range                                                 : loaded 2 times (x 86B)
Class org.gradle.tooling.model.kotlin.dsl.KotlinDslScriptModel                        : loaded 2 times (x 70B)
Class org.jetbrains.kotlin.gradle.plugin.mpp.compilationImpl.factory.KotlinCompilationImplFactory$KotlinCompilationTaskNamesContainerFactory: loaded 2 times (x 70B)
Class org.jetbrains.kotlin.gradle.plugin.diagnostics.ToolingDiagnosticRenderingOptionsKt$isAttachedToTerminal$1: loaded 2 times (x 74B)
Class org.jetbrains.kotlin.gradle.tasks.configuration.BaseKotlinCompileConfig         : loaded 2 times (x 72B)
Class com.android.build.gradle.internal.services.TaskCreationServicesImpl$sam$java_util_concurrent_Callable$0: loaded 2 times (x 75B)
Class com.android.build.gradle.internal.scope.InternalArtifactType$AP_GENERATED_SOURCES: loaded 2 times (x 74B)
Class com.android.build.api.variant.impl.ResourcesPackagingImpl                       : loaded 2 times (x 80B)
Class com.android.build.gradle.internal.scope.InternalArtifactType$UPDATED_NAVIGATION_XML: loaded 2 times (x 74B)
Class com.android.build.api.artifact.impl.InAndOutDirectoryOperationRequestImpl$Companion: loaded 2 times (x 71B)
Class com.android.build.gradle.tasks.ProcessPackagedManifestTask$CreationAction       : loaded 2 times (x 90B)
Class com.android.build.gradle.tasks.ProcessManifestForMetadataFeatureTask$CreationAction$handleProvider$1: loaded 2 times (x 127B)
Class com.android.build.gradle.internal.core.dsl.impl.InstrumentedTestDslInfoImpl$functionalTest$fromFlavor$1: loaded 2 times (x 78B)
Class com.android.build.gradle.internal.core.dsl.impl.AndroidTestComponentDslInfoImpl : loaded 2 times (x 153B)
Class com.android.build.gradle.internal.core.dsl.impl.ApplicationVariantDslInfoImpl$versionCode$2$2: loaded 2 times (x 75B)
Class com.android.build.gradle.internal.core.dsl.impl.features.NativeBuildDslInfoImpl$mergeOptions$2: loaded 2 times (x 78B)
Class com.android.build.api.variant.AndroidResources                                  : loaded 2 times (x 70B)
Class com.android.build.api.variant.HostTest                                          : loaded 2 times (x 70B)
Class [Lcom.android.build.gradle.internal.publishing.AndroidArtifacts$PublishedConfigType;: loaded 2 times (x 69B)
Class com.android.build.gradle.internal.attributes.VariantAttr$Impl                   : loaded 2 times (x 88B)
Class com.android.build.gradle.internal.core.dsl.impl.features.DexingDslInfoImpl      : loaded 2 times (x 77B)
Class org.jetbrains.kotlin.compose.compiler.gradle.ComposeCompilerGradlePluginExtension_Decorated: loaded 2 times (x 131B)
Class com.android.build.gradle.internal.lint.AndroidLintGlobalTask$GlobalCreationAction$Companion: loaded 2 times (x 71B)
Class com.android.build.gradle.internal.tasks.LintCompile$CreationAction              : loaded 2 times (x 91B)
Class com.android.build.gradle.internal.dsl.AndroidTestImpl$AgpDecorated              : loaded 2 times (x 80B)
Class com.android.build.gradle.internal.tasks.factory.GlobalTaskCreationConfigImpl$testOptionExecutionEnum$2: loaded 2 times (x 79B)
Class com.android.build.gradle.internal.tasks.factory.BootClasspathConfigImpl$androidJar$2: loaded 2 times (x 79B)
Class com.android.build.gradle.internal.dsl.BundleOptionsCodeTransparency$AgpDecorated_Decorated: loaded 2 times (x 125B)
Class com.android.build.gradle.internal.dsl.ApplicationExtensionImpl$lintOptions$2    : loaded 2 times (x 79B)
Class com.android.build.gradle.internal.dsl.ManagedDevices$localDevices$1$1           : loaded 2 times (x 75B)
Class com.android.build.gradle.internal.dsl.AarMetadataImpl$AgpDecorated              : loaded 2 times (x 91B)
Class com.android.build.gradle.internal.dsl.AnnotationProcessorOptions$AgpDecorated_Decorated: loaded 2 times (x 149B)
Class com.android.resources.Density                                                   : loaded 2 times (x 92B)
Class com.android.tools.analytics.HostDataKt                                          : loaded 2 times (x 71B)
Class com.android.build.gradle.internal.dsl.decorator.SupportedPropertyType           : loaded 2 times (x 73B)
Class com.android.build.gradle.internal.dsl.InternalSigningConfig                     : loaded 2 times (x 70B)
Class org.jetbrains.kotlin.gradle.plugin.mpp.KotlinAndroidTarget_Decorated            : loaded 2 times (x 213B)
Class org.jetbrains.kotlin.gradle.ExperimentalKotlinGradlePluginApi                   : loaded 2 times (x 70B)
Class org.jetbrains.kotlin.gradle.dsl.KotlinAndroidProjectExtension                   : loaded 2 times (x 139B)
Class org.jetbrains.kotlin.gradle.internal.properties.NativePropertiesLoader          : loaded 2 times (x 86B)
Class com.google.wireless.android.sdk.stats.GradleBuildProject$PluginType$1           : loaded 2 times (x 76B)
Class org.jetbrains.kotlin.gradle.plugin.KotlinGradleBuildServices$Parameters$Inject_ : loaded 2 times (x 106B)
Class org.jetbrains.kotlin.gradle.plugin.statistics.BuildFusService                   : loaded 2 times (x 84B)
Class com.android.build.gradle.internal.dependency.JacocoInstrumentationService       : loaded 2 times (x 81B)
Class com.android.build.gradle.internal.ide.v2.GlobalSyncService$Parameters_Decorated : loaded 2 times (x 130B)
Class [Lcom.google.protobuf.Descriptors$EnumDescriptor;                               : loaded 2 times (x 69B)
Class com.android.build.gradle.internal.profile.TaskMetadata                          : loaded 2 times (x 72B)
Class com.android.tools.analytics.StubbableLazy                                       : loaded 2 times (x 76B)
Class com.google.protobuf.DescriptorProtos$DescriptorProto                            : loaded 2 times (x 239B)
Class com.android.build.gradle.internal.scope.ProjectInfo$Companion                   : loaded 2 times (x 71B)
Class com.android.tools.build.gradle.internal.profile.IntegerOption$1                 : loaded 2 times (x 76B)
Class com.google.protobuf.Internal$EnumLite                                           : loaded 2 times (x 70B)
Class com.android.build.gradle.internal.AbstractAppTaskManager                        : loaded 2 times (x 86B)
Class com.android.build.gradle.internal.plugins.VersionCheckPlugin                    : loaded 2 times (x 74B)
Class org.jetbrains.kotlin.gradle.plugin.VariantImplementationFactories$Companion$getProvider$2$1: loaded 2 times (x 79B)
Class org.gradle.tooling.internal.consumer.converters.FixedBuildIdentifierProvider    : loaded 2 times (x 75B)
Class io.opentelemetry.api.trace.DefaultTracerProvider                                : loaded 2 times (x 79B)
Class org.jetbrains.kotlin.tooling.core.KotlinToolingVersion                          : loaded 2 times (x 75B)
Class [Lcom.android.builder.model.v2.ide.LibraryType;                                 : loaded 2 times (x 69B)
Class com.android.builder.model.v2.ide.LibraryType                                    : loaded 2 times (x 79B)
Class com.google.common.io.ByteSink$AsCharSink                                        : loaded 2 times (x 80B)
Class jdk.internal.jimage.ImageLocation                                               : loaded 2 times (x 90B)
Class jdk.internal.jrtfs.JrtDirectoryStream$1                                         : loaded 2 times (x 83B)
Class com.amazon.ion.impl.lite.IonFloatLite                                           : loaded 2 times (x 186B)
Class com.amazon.ion.impl._Private_IonTextWriterBuilder                               : loaded 2 times (x 102B)
Class com.amazon.ion.impl.bin._Private_IonManagedBinaryWriterBuilder$AllocatorMode$2  : loaded 2 times (x 80B)
Class com.google.common.collect.ExplicitOrdering                                      : loaded 2 times (x 115B)
Class org.jetbrains.kotlin.gradle.plugin.mpp.compilationImpl.factory.DefaultKotlinCompilationDependencyConfigurationsFactory$WithRuntime: loaded 2 times (x 75B)
Class org.jetbrains.kotlin.gradle.plugin.diagnostics.IsAttachedToTerminalValueSource$Inject_: loaded 2 times (x 100B)
Class org.jetbrains.kotlin.gradle.plugin.diagnostics.ToolingDiagnosticRenderingOptionsKt$isAttachedToTerminal$2: loaded 2 times (x 74B)
Class com.android.build.gradle.internal.res.LinkApplicationAndroidResourcesTask$BaseCreationAction$handleProvider$4: loaded 2 times (x 127B)
Class com.android.build.gradle.internal.core.dsl.impl.features.NativeBuildDslInfoImpl$mergeOptions$3: loaded 2 times (x 78B)
Class com.android.build.gradle.internal.variant.BaseVariantData$WhenMappings          : loaded 2 times (x 71B)
Class com.android.build.api.component.impl.JavaCompilationImpl                        : loaded 2 times (x 76B)
Class com.android.build.gradle.internal.component.TestSuiteCreationConfig             : loaded 2 times (x 70B)
Class com.google.wireless.android.sdk.stats.AsmClassesTransformRegistration           : loaded 2 times (x 199B)
Class com.android.build.api.variant.impl.HostTestBuilderImpl$Companion                : loaded 2 times (x 71B)
Class com.android.build.gradle.internal.dsl.VcsInfoImpl$AgpDecorated_Decorated        : loaded 2 times (x 125B)
Class com.android.build.gradle.internal.dsl.BuildType$AgpDecorated                    : loaded 2 times (x 369B)
Class com.android.build.gradle.internal.dsl.ManagedDevices$localDevices$1$2           : loaded 2 times (x 75B)
Class com.android.build.gradle.internal.dsl.decorator.DslDecorator$ClassInfoVisitor   : loaded 2 times (x 70B)
Class com.android.build.api.dsl.DependencySelection                                   : loaded 2 times (x 70B)
Class com.android.build.gradle.api.JavaCompileOptions                                 : loaded 2 times (x 70B)
Class org.bouncycastle.jce.provider.BouncyCastleProvider                              : loaded 2 times (x 169B)
Class com.android.build.api.dsl.DynamicFeatureBuildType                               : loaded 2 times (x 70B)
Class org.jetbrains.kotlin.gradle.utils.FutureImpl                                    : loaded 2 times (x 80B)
Class org.jetbrains.kotlin.gradle.internal.properties.NativePropertiesLoader$isToolchainEnabled$1: loaded 2 times (x 75B)
Class org.jetbrains.kotlin.gradle.plugin.mpp.KotlinJvmAndroidCompilation              : loaded 2 times (x 198B)
Class com.google.protobuf.DescriptorProtos$FileOptions$1                              : loaded 2 times (x 151B)
Class com.google.wireless.android.sdk.stats.GradleBuildMemorySampleOrBuilder          : loaded 2 times (x 70B)
Class com.google.common.base.CaseFormat$1                                             : loaded 2 times (x 83B)
Class org.gradle.accessors.dm.LibrariesForLibsInPluginsBlock$AndroidxLifecycleLibraryAccessors: loaded 2 times (x 77B)
Class org.gradle.accessors.dm.LibrariesForLibs_Decorated                              : loaded 2 times (x 126B)
Class com.android.build.gradle.internal.dsl.KeepRulesImpl$AgpDecorated_Decorated      : loaded 2 times (x 142B)
Class org.jetbrains.plugins.gradle.ExternalDependencyId                               : loaded 2 times (x 70B)
Class com.amazon.ion.impl._Private_RecyclingStack                                     : loaded 2 times (x 79B)
Class com.amazon.ion.impl._Private_IonReaderBuilder                                   : loaded 2 times (x 97B)
Class com.amazon.ion.IonMutableCatalog                                                : loaded 2 times (x 70B)
Class gnu.trove.THash                                                                 : loaded 2 times (x 81B)
Class com.intellij.gradle.toolingExtension.impl.model.buildScriptClasspathModel.GradleBuildScriptClasspathSerializationService$WriteContext: loaded 2 times (x 72B)
Class com.android.build.api.artifact.ScopedArtifact$JAVA_RES                          : loaded 2 times (x 74B)
Class com.android.build.gradle.internal.TaskManager$sam$org_gradle_api_Action$0       : loaded 2 times (x 75B)
Class org.jetbrains.kotlin.gradle.plugin.mpp.KotlinJvmAgpCompilation_Decorated        : loaded 2 times (x 247B)
Class [Lorg.jetbrains.kotlin.gradle.plugin.HasKotlinDependencies;                     : loaded 2 times (x 69B)
Class org.jetbrains.kotlin.gradle.plugin.mpp.compilationImpl.factory.KotlinCompilationImplFactory$PostConfigure$Companion: loaded 2 times (x 71B)
Class org.jetbrains.kotlin.gradle.tasks.CompileUsingKotlinDaemonWithNormalization     : loaded 2 times (x 70B)
Class com.android.build.gradle.tasks.GenerateManifestJarTask                          : loaded 2 times (x 328B)
Class com.android.build.gradle.internal.scope.InternalMultipleArtifactType$PROJECT_LEVEL_TEST_RESULTS: loaded 2 times (x 74B)
Class com.android.build.api.component.impl.DeviceTestImpl$instrumentationRunner$2     : loaded 2 times (x 79B)
Class com.android.build.api.component.impl.DeviceTestImpl_Decorated                   : loaded 2 times (x 746B)
Class com.android.build.api.component.impl.DeviceTestImpl                             : loaded 2 times (x 690B)
Class com.android.build.gradle.internal.core.dsl.impl.features.NativeBuildDslInfoImpl$mergeOptions$4: loaded 2 times (x 78B)
Class com.android.build.api.variant.BundleConfig                                      : loaded 2 times (x 70B)
Class [Lcom.android.build.gradle.internal.dsl.ModulePropertyKey;                      : loaded 2 times (x 69B)
Class com.android.build.api.dsl.LibraryBuildFeatures                                  : loaded 2 times (x 70B)
Class com.android.build.gradle.internal.dsl.Splits$AgpDecorated                       : loaded 2 times (x 85B)
Class com.android.build.gradle.internal.dsl.decorator.DslDecorator$findAbstractProperties$1$2: loaded 2 times (x 78B)
Class com.android.build.gradle.internal.api.artifact.SourceArtifactType$JAVA_SOURCES  : loaded 2 times (x 74B)
Class com.android.build.api.dsl.BundleDensity                                         : loaded 2 times (x 70B)
Class com.android.builder.internal.BaseConfigImpl                                     : loaded 2 times (x 115B)
Class com.android.build.api.dsl.AndroidSourceSet                                      : loaded 2 times (x 70B)
Class com.android.build.gradle.internal.api.artifact.SourceArtifactType$ASSETS        : loaded 2 times (x 74B)
Class org.jetbrains.kotlin.gradle.tasks.DefaultKotlinJavaToolchain$Companion$wireJvmTargetToToolchain$1: loaded 2 times (x 75B)
Class org.jetbrains.kotlin.gradle.plugin.KotlinPlatformType                           : loaded 2 times (x 82B)
Class org.jetbrains.kotlin.gradle.internal.properties.PropertiesBuildServiceKt        : loaded 2 times (x 71B)
Class org.jetbrains.kotlin.gradle.plugin.KotlinGradleBuildServices$Companion          : loaded 2 times (x 71B)
Class com.android.build.gradle.internal.SdkComponentsBuildService                     : loaded 2 times (x 80B)
Class [Lcom.android.prefs.VariableValue;                                              : loaded 2 times (x 69B)
Class com.android.build.gradle.internal.utils.EnvironmentProviderImpl                 : loaded 2 times (x 78B)
Class com.android.build.gradle.internal.services.Aapt2ThreadPoolBuildService          : loaded 2 times (x 80B)
Class com.google.wireless.android.sdk.stats.GradleBuildProfileSpan$ExecutionType$1    : loaded 2 times (x 76B)
Class com.google.protobuf.UnsafeUtil$Android32MemoryAccessor                          : loaded 2 times (x 91B)
Class com.google.protobuf.Descriptors$OneofDescriptor                                 : loaded 2 times (x 76B)
Class com.android.build.gradle.internal.profile.AnalyticsResourceManager$getProjectBuilder$1: loaded 2 times (x 79B)
Class com.android.build.gradle.internal.tasks.factory.TaskFactoryUtils                : loaded 2 times (x 71B)
Class com.android.build.gradle.internal.TaskManager$Companion$createTasksBeforeEvaluate$6: loaded 2 times (x 74B)
Class com.google.protobuf.Extension$ExtensionType                                     : loaded 2 times (x 79B)
Class com.google.protobuf.AbstractMessageLite$Builder$LimitedInputStream              : loaded 2 times (x 92B)
Class com.android.build.api.variant.AndroidVersion                                    : loaded 2 times (x 70B)
Class com.android.build.gradle.options.StringOption                                   : loaded 2 times (x 85B)
Class com.google.common.util.concurrent.ListeningExecutorService                      : loaded 2 times (x 70B)
Class com.android.build.api.component.analytics.AnalyticsEnabledVariantBuilder        : loaded 2 times (x 130B)
Class com.android.builder.model.v2.ide.AndroidGradlePluginProjectFlags$BooleanFlag    : loaded 2 times (x 79B)
Class com.google.common.collect.AbstractMapBasedMultimap$KeySet$1                     : loaded 2 times (x 82B)
Class jdk.internal.jimage.ImageBufferCache$1                                          : loaded 2 times (x 83B)
Class kotlin.collections.MapsKt__MapsJVMKt                                            : loaded 2 times (x 71B)
Class kotlin.collections.EmptyList                                                    : loaded 2 times (x 174B)
Class org.gradle.internal.classloader.ClasspathUtil$1                                 : loaded 2 times (x 76B)
Class org.jetbrains.kotlin.gradle.plugin.mpp.DefaultKotlinCompilationOutput           : loaded 2 times (x 82B)
Class org.jetbrains.kotlin.gradle.plugin.diagnostics.ToolingDiagnosticRenderingOptions$Companion: loaded 2 times (x 71B)
Class org.jetbrains.kotlin.gradle.dsl.KotlinJvmCompilerOptionsHelper                  : loaded 2 times (x 71B)
Class com.android.build.api.artifact.MultipleArtifact                                 : loaded 2 times (x 74B)
Class com.android.build.gradle.internal.tasks.ProcessJavaResTask                      : loaded 2 times (x 566B)
Class com.android.build.gradle.internal.tasks.R8ResourceShrinkingParametersKt         : loaded 2 times (x 71B)
Class com.android.build.gradle.tasks.GenerateManifestJarTask$CreationAction$handleProvider$1: loaded 2 times (x 127B)
Class com.android.build.api.component.impl.features.InstrumentationCreationConfigImpl$projectClassesPostInstrumentation$2: loaded 2 times (x 79B)
Class com.android.build.gradle.internal.AndroidTestTaskManager$createMockableJarTask$1: loaded 2 times (x 75B)
Class com.android.build.gradle.internal.variant.BaseVariantData$DiscoverableFilterType: loaded 2 times (x 80B)
Class com.android.build.api.variant.impl.BundleConfigImpl$metadataFiles$1             : loaded 2 times (x 78B)
Class com.google.wireless.android.sdk.stats.VariantApiUsageOrBuilder                  : loaded 2 times (x 70B)
Class com.android.build.api.variant.DeviceTestBuilder                                 : loaded 2 times (x 70B)
Class com.android.build.gradle.internal.core.dsl.impl.VariantDslInfoImpl              : loaded 2 times (x 145B)
Class com.android.build.gradle.internal.dsl.decorator.DslDecorator$findAbstractProperties$1$3: loaded 2 times (x 78B)
Class com.android.build.api.variant.impl.VariantImpl$manifestPlaceholdersCreationConfig$2: loaded 2 times (x 79B)
Class com.android.build.gradle.internal.dsl.DependencySelectionImpl                   : loaded 2 times (x 78B)
Class com.android.build.api.dsl.BundleDeviceGroup                                     : loaded 2 times (x 70B)
Class com.android.build.gradle.api.AnnotationProcessorOptions                         : loaded 2 times (x 70B)
Class com.android.build.api.dsl.ApplicationBaseFlavor                                 : loaded 2 times (x 70B)
Class com.android.build.gradle.internal.dsl.CoreBuildType                             : loaded 2 times (x 70B)
Class org.jetbrains.kotlin.gradle.tasks.DefaultKotlinJavaToolchain$Companion$wireJvmTargetToToolchain$2: loaded 2 times (x 75B)
Class org.jetbrains.kotlin.gradle.plugin.ProjectLocalConfigurations$ProjectLocalDisambiguation: loaded 2 times (x 76B)
Class org.jetbrains.kotlin.gradle.internal.properties.PropertiesBuildService$NullableStringGradleProperty: loaded 2 times (x 76B)
Class org.jetbrains.kotlin.gradle.targets.native.KonanPropertiesBuildService          : loaded 2 times (x 76B)
Class org.jetbrains.kotlin.gradle.plugin.KotlinGradleBuildServices$detectKotlinPluginLoadedInMultipleProjects$onRegister$1$1: loaded 2 times (x 75B)
Class org.jetbrains.kotlin.gradle.internal.properties.PropertiesBuildService$Inject_  : loaded 2 times (x 96B)
Class org.jetbrains.kotlin.gradle.plugin.internal.ConfigurationCacheStartParameterAccessor$Factory: loaded 2 times (x 70B)
Class com.android.build.gradle.internal.services.FakeDependencyJarBuildService$Params_Decorated: loaded 2 times (x 130B)
Class com.google.protobuf.DescriptorProtos$FileDescriptorProtoOrBuilder               : loaded 2 times (x 70B)
Class com.google.wireless.android.sdk.stats.GradlePluginDataOrBuilder                 : loaded 2 times (x 70B)
Class com.android.build.api.component.analytics.AnalyticsEnabledVariant$userVisibleExternalNativeBuild$2: loaded 2 times (x 79B)
Class com.android.build.gradle.internal.coverage.tasks.CodeCoverageReportTask         : loaded 2 times (x 323B)
Class com.android.build.gradle.internal.scope.InternalMultipleArtifactType$CODE_COVERAGE_DATA: loaded 2 times (x 74B)
Class com.android.build.gradle.internal.dependency.ProvidedClasspathSubtractor$fileToIds$1: loaded 2 times (x 79B)
Class com.android.build.gradle.tasks.ProcessPackagedManifestTask                      : loaded 2 times (x 328B)
Class com.android.build.gradle.api.KotlinMultiplatformAndroidPlugin                   : loaded 2 times (x 76B)
Class com.android.build.api.variant.HasDeviceTests                                    : loaded 2 times (x 70B)
Class com.android.build.gradle.internal.scope.InternalArtifactType$PACKAGED_MANIFESTS : loaded 2 times (x 74B)
Class io.opentelemetry.context.ImplicitContextKeyed                                   : loaded 2 times (x 70B)
Class com.android.build.api.artifact.OutOperationRequest                              : loaded 2 times (x 70B)
Class jdk.internal.jimage.ImageBufferCache$2                                          : loaded 2 times (x 91B)
Class com.amazon.ion.impl.bin.PooledBlockAllocatorProvider$PooledBlockAllocator$1     : loaded 2 times (x 79B)
Class com.amazon.ion.impl.lite.IonStringLite                                          : loaded 2 times (x 212B)
Class org.gradle.api.internal.classpath.DefaultModuleRegistry$DefaultModule           : loaded 2 times (x 86B)
Class org.jetbrains.kotlin.gradle.plugin.mpp.compilationImpl.KotlinCompilationSourceSetInclusion$DefaultAddSourcesToCompileTask$addSources$1: loaded 2 times (x 79B)
Class com.android.build.api.component.impl.DeviceTestImpl$pseudoLocalesEnabled$2      : loaded 2 times (x 79B)
Class com.android.build.gradle.internal.core.dsl.impl.DslInfoCommonKt                 : loaded 2 times (x 71B)
Class com.android.build.api.variant.impl.ApplicationVariantImpl$signingConfig$2       : loaded 2 times (x 79B)
Class com.android.build.api.variant.impl.VariantOutputList                            : loaded 2 times (x 173B)
Class com.android.build.gradle.internal.services.VariantBuilderServices$Value         : loaded 2 times (x 70B)
Class com.android.build.gradle.internal.variant.VariantPathHelper$renderscriptObjOutputDir$2: loaded 2 times (x 79B)
Class com.android.build.gradle.internal.core.Abi                                      : loaded 2 times (x 79B)
Class com.android.build.gradle.internal.dsl.DataBindingOptions$AgpDecorated_Decorated : loaded 2 times (x 163B)
Class com.android.build.gradle.internal.api.artifact.SourceArtifactType$ML_MODELS     : loaded 2 times (x 74B)
Class org.gradle.api.internal.DefaultClassPathProvider                                : loaded 2 times (x 76B)
Class com.google.common.collect.ComparatorOrdering                                    : loaded 2 times (x 115B)
Class com.android.build.gradle.internal.dsl.AgpTestSuiteImpl                          : loaded 2 times (x 102B)
Class com.android.build.gradle.internal.dsl.BundleOptionsAbi                          : loaded 2 times (x 77B)
Class org.jetbrains.kotlin.tooling.core.ExtrasUtilsKt                                 : loaded 2 times (x 71B)
Class org.jetbrains.kotlin.buildtools.api.ExperimentalBuildToolsApi                   : loaded 2 times (x 70B)
Class org.jetbrains.kotlin.gradle.targets.native.KonanPropertiesBuildService$Companion$registerIfAbsent$2$1$1: loaded 2 times (x 75B)
Class org.jetbrains.kotlin.gradle.utils.ResourceUtilsKt                               : loaded 2 times (x 71B)
Class org.jetbrains.kotlin.gradle.plugin.KotlinPluginWrapperKt$kotlinPluginVersionFromResources$1: loaded 2 times (x 78B)
Class com.android.build.gradle.internal.services.VersionedSdkLoaderService$versionedSdkLoader$2: loaded 2 times (x 79B)
Class com.android.build.gradle.internal.services.ClassesHierarchyBuildService$RegistrationAction: loaded 2 times (x 74B)
Class com.android.build.gradle.internal.services.AndroidLocationsBuildService$AndroidLocations: loaded 2 times (x 82B)
Class com.google.protobuf.CodedInputStream$IterableDirectByteBufferDecoder            : loaded 2 times (x 120B)
Class com.google.protobuf.Internal$DoubleList                                         : loaded 2 times (x 70B)
Class com.google.common.collect.Iterators$PeekingImpl                                 : loaded 2 times (x 89B)
Class com.intellij.gradle.toolingExtension.impl.model.buildScriptClasspathModel.GradleBuildScriptClasspathSerializationService$ReadContext: loaded 2 times (x 72B)
Class com.android.build.gradle.internal.plugins.BasePlugin$globalConfig$2             : loaded 2 times (x 79B)
Class com.android.build.gradle.internal.plugins.BasePlugin$variantApiOperations$2     : loaded 2 times (x 79B)
Class com.android.build.gradle.internal.plugins.AndroidPluginBaseServices$configuratorService$2: loaded 2 times (x 79B)
Class com.android.build.api.variant.GeneratesApk                                      : loaded 2 times (x 70B)
Class com.android.build.gradle.internal.dsl.TestedExtensionImpl                       : loaded 2 times (x 222B)
Class com.android.build.gradle.LibraryPlugin                                          : loaded 2 times (x 76B)
Class com.android.build.gradle.internal.services.BuildServicesKt                      : loaded 2 times (x 71B)
Class org.gradle.accessors.dm.LibrariesForLibsInPluginsBlock$AndroidxCoreLibraryAccessors: loaded 2 times (x 77B)
Class com.amazon.ion.impl._Private_IonContainer                                       : loaded 2 times (x 70B)
Class io.opentelemetry.context.DefaultContextKey                                      : loaded 2 times (x 72B)
Class org.gradle.tooling.internal.consumer.connection.InternalPhasedActionAdapter     : loaded 2 times (x 78B)
Class com.amazon.ion.impl.bin.Block                                                   : loaded 2 times (x 79B)
Class com.google.common.collect.NullsFirstOrdering                                    : loaded 2 times (x 115B)
Class kotlin.ResultKt                                                                 : loaded 2 times (x 71B)
Class org.jetbrains.kotlin.gradle.plugin.mpp.compilationImpl.KotlinCompilationSourceSetInclusion$DefaultAddSourcesToCompileTask$addSources$2: loaded 2 times (x 79B)
Class org.jetbrains.kotlin.gradle.plugin.KotlinCompilationOutput                      : loaded 2 times (x 70B)
Class org.jetbrains.kotlin.gradle.tasks.AbstractKotlinCompile                         : loaded 2 times (x 455B)
Class com.android.build.api.artifact.impl.MultiplePropertyAdapter                     : loaded 2 times (x 78B)
Class com.android.build.gradle.internal.variant.ComponentInfo                         : loaded 2 times (x 72B)
Class com.android.build.gradle.internal.core.ProductFlavor                            : loaded 2 times (x 72B)
Class com.android.build.gradle.internal.variant.VariantPathHelper$directorySegments$2 : loaded 2 times (x 79B)
Class com.android.build.api.attributes.AgpVersionAttr$ImplFactory                     : loaded 2 times (x 75B)
Class com.amazon.ion.impl._Private_RecyclingQueue$ElementFactory                      : loaded 2 times (x 70B)
Class com.android.build.gradle.internal.manifest.ManifestValueSource                  : loaded 2 times (x 79B)
Class com.android.build.gradle.internal.tasks.factory.TaskCreationAction              : loaded 2 times (x 89B)
Class com.android.build.gradle.internal.core.ExecutionProfileOptions                  : loaded 2 times (x 72B)
Class com.android.build.gradle.internal.dsl.BundleOptionsDeviceTier$AgpDecorated_Decorated: loaded 2 times (x 130B)
Class org.gradle.tooling.internal.consumer.converters.ConsumerTargetTypeProvider      : loaded 2 times (x 76B)
Class com.android.build.gradle.internal.dsl.decorator.ApplicationInstallationImpl     : loaded 2 times (x 94B)
Class com.android.build.gradle.internal.dsl.CommonExtensionImpl                       : loaded 2 times (x 208B)
Class com.android.build.gradle.internal.services.BaseServicesImpl                     : loaded 2 times (x 83B)
Class com.android.build.gradle.internal.dsl.decorator.DslDecorator                    : loaded 2 times (x 72B)
Class com.android.build.api.dsl.AndroidTest                                           : loaded 2 times (x 70B)
Class com.android.builder.model.DimensionAware                                        : loaded 2 times (x 70B)
Class org.jetbrains.kotlin.gradle.targets.native.KonanPropertiesBuildService$Parameters_Decorated: loaded 2 times (x 130B)
Class org.jetbrains.kotlin.gradle.plugin.KotlinPluginWrapperKt$kotlinPluginVersionFromResources$1$1: loaded 2 times (x 71B)
Class com.android.build.gradle.internal.res.Aapt2FromMaven$Companion$Aapt2Extractor$Inject_1: loaded 2 times (x 109B)
Class com.google.protobuf.DescriptorProtos$SourceCodeInfo                             : loaded 2 times (x 199B)
Class io.opentelemetry.api.internal.IncubatingUtil                                    : loaded 2 times (x 71B)
Class io.opentelemetry.api.GlobalOpenTelemetry$ObfuscatedOpenTelemetry                : loaded 2 times (x 92B)
Class org.jetbrains.kotlin.gradle.plugin.VariantImplementationFactoriesConfigurator$Companion$getProvider$1: loaded 2 times (x 74B)
Class org.jetbrains.kotlin.idea.projectModel.KotlinTarget                             : loaded 2 times (x 70B)
Class org.jetbrains.kotlin.gradle.fus.BuildUidService$Companion                       : loaded 2 times (x 71B)
Class com.android.builder.model.v2.models.ProjectSyncIssues                           : loaded 2 times (x 70B)
Class org.jetbrains.plugins.gradle.model.ExternalTask                                 : loaded 2 times (x 70B)
Class com.amazon.ion.impl.bin.utf8.Utf8StringEncoderPool$1                            : loaded 2 times (x 76B)
Class com.amazon.ion.impl.lite.IonLoaderLite                                          : loaded 2 times (x 82B)
Class com.amazon.ion.impl.lite.IonContext                                             : loaded 2 times (x 70B)
Class com.amazon.ion.impl.IonWriterSystemText                                         : loaded 2 times (x 190B)
Class [Lcom.amazon.ion.impl.bin.IonManagedBinaryWriter$ImportedSymbolResolverMode;    : loaded 2 times (x 69B)
Class com.amazon.ion.ValueFactory                                                     : loaded 2 times (x 70B)
Class kotlin.Result$Failure                                                           : loaded 2 times (x 72B)
Class kotlin.collections.ArraysKt__ArraysKt                                           : loaded 2 times (x 71B)
Class org.jetbrains.kotlin.tooling.core.Extras$Entry                                  : loaded 2 times (x 72B)
Class org.jetbrains.kotlin.gradle.plugin.sources.InternalKotlinSourceSetKt            : loaded 2 times (x 71B)
Class com.android.build.gradle.internal.component.LibraryCreationConfig               : loaded 2 times (x 70B)
Class com.android.build.api.variant.VariantOutput                                     : loaded 2 times (x 70B)
Class com.android.build.gradle.internal.variant.VariantPathHelper                     : loaded 2 times (x 72B)
Class com.android.build.gradle.internal.dependency.VariantDependencies$Companion      : loaded 2 times (x 71B)
Class com.google.wireless.android.sdk.stats.AnnotationProcessorInfoOrBuilder          : loaded 2 times (x 70B)
Class com.android.build.gradle.internal.core.MergedOptions                            : loaded 2 times (x 70B)
Class com.android.build.api.dsl.ApplicationAndroidResources                           : loaded 2 times (x 70B)
Class com.android.build.gradle.internal.api.artifact.SourceArtifactType$BASELINE_PROFILES: loaded 2 times (x 74B)
Class com.android.build.api.dsl.AaptOptions                                           : loaded 2 times (x 70B)
Class com.android.build.api.dsl.LibraryBaseFlavor                                     : loaded 2 times (x 70B)
Class org.jetbrains.kotlin.gradle.dsl.KotlinJvmCompilerOptionsDefault_Decorated       : loaded 2 times (x 167B)
Class org.jetbrains.kotlin.gradle.internal.ClassLoadersCachingBuildService$Parameters_Decorated: loaded 2 times (x 130B)
Class org.jetbrains.kotlin.gradle.targets.native.toolchain.KotlinNativeBundleBuildService$Companion: loaded 2 times (x 71B)
Class org.jetbrains.kotlin.gradle.plugin.VariantImplementationFactoriesConfigurator   : loaded 2 times (x 76B)
Class org.jetbrains.kotlin.gradle.plugin.HasKotlinDependencies                        : loaded 2 times (x 70B)
Class org.jetbrains.kotlin.gradle.internal.Kapt3GradleSubplugin$Kapt3SubpluginContext : loaded 2 times (x 72B)
Class com.android.build.gradle.internal.services.Aapt2ThreadPoolBuildService$Params   : loaded 2 times (x 70B)
Class com.google.protobuf.ByteString$ArraysByteArrayCopier                            : loaded 2 times (x 74B)
Class com.google.protobuf.DescriptorProtos$FileOptionsOrBuilder                       : loaded 2 times (x 70B)
Class [Lcom.google.wireless.android.sdk.stats.GradleBuildProject$PluginGeneration;    : loaded 2 times (x 69B)
Class com.android.build.gradle.internal.DependencyResolutionChecksKt                  : loaded 2 times (x 71B)
Class com.google.protobuf.Internal$ProtobufList                                       : loaded 2 times (x 70B)
Class com.android.build.gradle.internal.lint.LintFromMaven$Companion                  : loaded 2 times (x 71B)
Class org.jetbrains.kotlin.gradle.plugin.PropertiesProvider$kotlinExperimentalTryNext$1: loaded 2 times (x 75B)
Class com.android.ide.common.blame.SourceFile                                         : loaded 2 times (x 72B)
Class org.jetbrains.kotlin.gradle.targets.native.toolchain.KotlinNativeBundleBuildService$Companion$registerIfAbsent$1: loaded 2 times (x 75B)
Class com.android.build.gradle.internal.plugins.BasePlugin$newExtension$2             : loaded 2 times (x 79B)
Class com.android.build.gradle.internal.services.VersionedSdkLoaderService            : loaded 2 times (x 72B)
Class org.gradle.accessors.dm.LibrariesForLibs$PluginAccessors                        : loaded 2 times (x 75B)
Class org.jetbrains.kotlin.gradle.utils.ProviderApiUtilsKt$mapOrNull$1                : loaded 2 times (x 75B)
Class com.android.build.gradle.internal.dsl.OptimizationImpl$AgpDecorated_Decorated   : loaded 2 times (x 138B)
Class com.amazon.ion.impl.bin.IonManagedBinaryWriter$SymbolResolver                   : loaded 2 times (x 70B)
Class com.amazon.ion.impl._Private_SymbolToken                                        : loaded 2 times (x 70B)
Class com.amazon.ion.impl.bin._Private_IonManagedBinaryWriterBuilder$AllocatorMode    : loaded 2 times (x 80B)
Class org.jetbrains.plugins.gradle.model.GradleTaskModel                              : loaded 2 times (x 70B)
Class org.jetbrains.plugins.gradle.tooling.util.ObjectCollector                       : loaded 2 times (x 72B)
Class kotlin.collections.SetsKt__SetsJVMKt                                            : loaded 2 times (x 71B)
Class kotlin.Function                                                                 : loaded 2 times (x 70B)
Class org.gradle.api.internal.classpath.Module                                        : loaded 2 times (x 70B)
Class org.jetbrains.kotlin.gradle.plugin.mpp.compilationImpl.KotlinCompilationSourceSetInclusion$Companion$includedSourceSets$2: loaded 2 times (x 78B)
Class com.android.build.gradle.tasks.KotlinCompileCreationAction$handleProvider$1     : loaded 2 times (x 78B)
Class org.jetbrains.kotlin.gradle.internal.transforms.BuildToolsApiClasspathEntrySnapshotTransform$Parameters_Decorated: loaded 2 times (x 153B)
Class com.android.build.gradle.internal.dependency.VariantDependencies$Companion$computeLocalFileDependencies$dependencies$1: loaded 2 times (x 75B)
Class com.google.wireless.android.sdk.stats.GradleBuildVariant$DexMergerTool$1        : loaded 2 times (x 76B)
Class com.android.build.gradle.internal.core.dsl.features.AndroidResourcesDslInfo     : loaded 2 times (x 70B)
Class com.android.build.api.variant.VariantOutputConfiguration$OutputType             : loaded 2 times (x 79B)
Class com.android.build.api.variant.TestComponent                                     : loaded 2 times (x 70B)
Class com.android.build.api.attributes.BuildTypeAttr$Companion                        : loaded 2 times (x 71B)
Class com.android.build.api.variant.TestSuiteBuilder                                  : loaded 2 times (x 70B)
Class com.google.wireless.android.sdk.stats.GradleBuildProject$CompileOptions$Builder : loaded 2 times (x 299B)
Class com.android.build.gradle.internal.crash.CrashReporting$afterEvaluate$1          : loaded 2 times (x 75B)
Class com.android.build.gradle.internal.dsl.MinSdkSpecImpl                            : loaded 2 times (x 81B)
Class com.android.build.api.dsl.Packaging                                             : loaded 2 times (x 70B)
Class com.android.build.gradle.internal.dsl.ProductFlavor                             : loaded 2 times (x 469B)
Class org.jetbrains.kotlin.gradle.plugin.KotlinGradleFinishBuildHandler$Companion     : loaded 2 times (x 71B)
Class org.jetbrains.kotlin.gradle.internal.IsInIdeaSyncValueSource                    : loaded 2 times (x 78B)
Class com.android.build.gradle.internal.SdkComponentsBuildService$RegistrationAction  : loaded 2 times (x 74B)
Class com.android.build.gradle.internal.ide.dependencies.LibraryDependencyCacheBuildService: loaded 2 times (x 80B)
Class com.google.protobuf.DescriptorProtos$EnumValueOptions$1                         : loaded 2 times (x 151B)
Class com.google.protobuf.ByteString$BoundedByteString                                : loaded 2 times (x 106B)
Class com.google.protobuf.Descriptors$FileDescriptor                                  : loaded 2 times (x 76B)
Class com.google.wireless.android.sdk.stats.GarbageCollectionStats                    : loaded 2 times (x 201B)
Class com.android.build.api.variant.LintLifecycleExtension                            : loaded 2 times (x 70B)
Class com.google.protobuf.ExtensionRegistry$ExtensionInfo                             : loaded 2 times (x 72B)
Class com.android.build.gradle.options.Option$Status$Removed                          : loaded 2 times (x 72B)
Class com.android.build.gradle.internal.plugins.AndroidPluginBaseServices$syncIssueReporter$2: loaded 2 times (x 79B)
Class com.android.build.api.variant.CanMinifyCode                                     : loaded 2 times (x 70B)
Class com.android.build.gradle.options.ProjectOptionService                           : loaded 2 times (x 77B)
Class org.gradle.accessors.dm.LibrariesForLibsInPluginsBlock$VersionAccessors         : loaded 2 times (x 84B)
Class org.gradle.tooling.internal.consumer.versioning.VersionDetails$R48VersionDetails: loaded 2 times (x 80B)
Class com.android.tools.idea.gradle.project.sync.AndroidExtraModelProvider            : loaded 2 times (x 79B)
Class [Lcom.amazon.ion.util.GzipStreamInterceptor;                                    : loaded 2 times (x 69B)
Class com.amazon.ion.impl._Private_IonReaderBuilder$Mutable                           : loaded 2 times (x 97B)
Class com.intellij.openapi.externalSystem.model.project.IExternalSystemSourceType     : loaded 2 times (x 70B)
Class kotlin.io.FileAlreadyExistsException                                            : loaded 2 times (x 82B)
Class kotlin.internal.ProgressionUtilKt                                               : loaded 2 times (x 71B)
Class org.gradle.api.internal.classpath.UnknownModuleException                        : loaded 2 times (x 82B)
Class org.jetbrains.kotlin.gradle.plugin.mpp.compilationImpl.KotlinCompilationRegisterInSourceSetsConfigurator$configure$1: loaded 2 times (x 79B)
Class com.android.build.gradle.internal.tasks.creationconfig.JavaCompileCreationConfig: loaded 2 times (x 70B)
Class com.android.build.api.artifact.impl.InAndOutDirectoryOperationRequestImpl       : loaded 2 times (x 81B)
Class com.android.build.gradle.internal.core.dsl.impl.features.OptimizationDslInfoImpl$postProcessingOptions$2$1: loaded 2 times (x 80B)
Class com.android.build.gradle.internal.dsl.LintImpl$SeverityOverrideSet              : loaded 2 times (x 143B)
Class com.android.builder.model.AdbOptions                                            : loaded 2 times (x 70B)
Class com.android.build.api.dsl.MinSdkVersion                                         : loaded 2 times (x 70B)
Class com.android.build.api.dsl.CompileSdkSpec                                        : loaded 2 times (x 70B)
Class com.android.builder.model.DataBindingOptions                                    : loaded 2 times (x 70B)
Class org.jetbrains.kotlin.gradle.plugin.mpp.KotlinUsageContext                       : loaded 2 times (x 70B)
Class org.jetbrains.kotlin.gradle.utils.ConfigurationsKt                              : loaded 2 times (x 71B)
Class org.jetbrains.kotlin.gradle.plugin.diagnostics.DefaultProblemsReporter$Factory  : loaded 2 times (x 76B)
Class com.android.prefs.VariableValue                                                 : loaded 2 times (x 82B)
Class com.android.prefs.AbstractAndroidLocations$Companion                            : loaded 2 times (x 71B)
Class com.google.protobuf.SmallSortedMap                                              : loaded 2 times (x 132B)
Class com.android.build.api.artifact.impl.InternalScopedArtifacts$InternalScope       : loaded 2 times (x 79B)
Class com.android.build.gradle.internal.tasks.factory.GlobalTaskCreationConfigImpl$versionedNdkHandler$2: loaded 2 times (x 79B)
Class com.android.build.gradle.internal.TaskManager$Companion$createTasksBeforeEvaluate$5: loaded 2 times (x 74B)
Class com.google.gson.stream.JsonReader$1                                             : loaded 2 times (x 72B)
Class com.android.ide.common.blame.SourcePositionJsonTypeAdapter                      : loaded 2 times (x 75B)
Class com.android.build.gradle.options.FeatureStage$Removed                           : loaded 2 times (x 72B)
Class com.android.build.gradle.options.Stage                                          : loaded 2 times (x 72B)
Class io.opentelemetry.api.trace.TraceStateBuilder                                    : loaded 2 times (x 70B)
Class com.android.build.gradle.internal.core.dsl.impl.ApplicationVariantDslInfoImpl$generateLocaleConfig$2: loaded 2 times (x 79B)
Class jdk.internal.jimage.ImageHeader                                                 : loaded 2 times (x 71B)
Class org.jetbrains.plugins.gradle.tooling.serialization.ProjectDependenciesSerializationService$ReadContext: loaded 2 times (x 72B)
Class com.android.build.gradle.internal.tasks.MergeJavaResourcesInputsOutputs         : loaded 2 times (x 70B)
Class org.jetbrains.kotlin.gradle.targets.js.dsl.KotlinTargetWithNodeJsDsl            : loaded 2 times (x 70B)
Class org.jetbrains.kotlin.gradle.plugin.sources.DefaultKotlinSourceSetKt$defaultSourceSetLanguageSettingsChecker$1: loaded 2 times (x 78B)
Class org.jetbrains.kotlin.gradle.plugin.sources.InternalKotlinSourceSet              : loaded 2 times (x 70B)
Class com.android.build.gradle.internal.scope.InternalArtifactType$AAR_METADATA_CHECK : loaded 2 times (x 74B)
Class com.android.build.gradle.tasks.CompileNavigationXmlTask                         : loaded 2 times (x 334B)
Class com.android.build.api.artifact.impl.OutOperationRequestImpl                     : loaded 2 times (x 91B)
Class com.android.build.api.artifact.impl.ArtifactOperationRequest                    : loaded 2 times (x 70B)
Class com.android.build.gradle.internal.tasks.ValidateResourcesTask$CreateAction      : loaded 2 times (x 90B)
Class com.android.build.gradle.internal.coverage.tasks.CodeCoverageReportTask$AggregatedCoverageReportCreationAction: loaded 2 times (x 92B)
Class com.android.build.gradle.internal.coverage.tasks.CodeCoverageReportTask$BaseCoverageReportCreationAction: loaded 2 times (x 92B)
Class com.android.build.gradle.internal.tasks.factory.TaskManagerConfigImpl           : loaded 2 times (x 76B)
Class com.android.build.api.component.impl.DeviceTestImpl$buildConfigCreationConfig$2 : loaded 2 times (x 79B)
Class com.android.build.gradle.internal.dependency.ConstraintHandler                  : loaded 2 times (x 71B)
Class com.google.wireless.android.sdk.stats.ApiVersionOrBuilder                       : loaded 2 times (x 70B)
Class com.android.build.api.variant.impl.GlobalVariantBuilderConfig                   : loaded 2 times (x 70B)
Class com.android.build.gradle.internal.lint.LintTaskManager                          : loaded 2 times (x 72B)
Class com.android.build.gradle.internal.tasks.ExtractProguardFiles                    : loaded 2 times (x 321B)
Class com.android.build.gradle.internal.tasks.factory.GlobalTaskCreationConfigImpl$platformAttrs$2: loaded 2 times (x 79B)
Class com.android.build.api.variant.ScopedArtifacts                                   : loaded 2 times (x 70B)
Class com.android.build.gradle.internal.services.FakeDependencyJarBuildService$Params$Inject_: loaded 2 times (x 106B)
Class com.google.common.base.Converter$ConverterComposition                           : loaded 2 times (x 90B)
Class com.android.build.gradle.internal.dsl.decorator.SupportedPropertyType$Block     : loaded 2 times (x 74B)
Class com.android.build.api.dsl.CompileSdkVersion                                     : loaded 2 times (x 70B)
Class com.android.build.api.dsl.ApplicationDefaultConfig                              : loaded 2 times (x 70B)
Class org.jetbrains.kotlin.gradle.dsl.KotlinGradlePluginPublicDsl                     : loaded 2 times (x 70B)
Class org.jetbrains.kotlin.gradle.internal.properties.NativeProperties                : loaded 2 times (x 70B)
Class org.jetbrains.kotlin.gradle.plugin.internal.ConfigurationCacheStartParameterAccessor: loaded 2 times (x 70B)
Class org.jetbrains.kotlin.gradle.internal.diagnostics.GradleCompatibilityCheck$DefaultCurrentGradleVersionProvider: loaded 2 times (x 74B)
Class org.jetbrains.kotlin.gradle.dsl.KotlinBaseExtension                             : loaded 2 times (x 70B)
Class com.android.build.gradle.internal.plugins.AndroidPluginBaseServices$applyBaseServices$2: loaded 2 times (x 75B)
Class com.google.protobuf.SmallSortedMap$1                                            : loaded 2 times (x 132B)
Class com.google.wireless.android.sdk.stats.GradleBuildProject$PluginGeneration$1     : loaded 2 times (x 76B)
Class com.android.build.gradle.internal.core.dsl.impl.features.RenderscriptDslInfoImpl: loaded 2 times (x 79B)
Class com.android.builder.profile.NameAnonymizer$VariantIdCacheLoader                 : loaded 2 times (x 76B)
Class com.android.build.gradle.internal.profile.ProjectData                           : loaded 2 times (x 72B)
Class com.android.build.gradle.internal.publishing.AndroidArtifacts$PublishedConfigType: loaded 2 times (x 79B)
Class com.android.build.gradle.internal.core.dsl.MultiVariantComponentDslInfo         : loaded 2 times (x 70B)
Class org.gradle.accessors.dm.LibrariesForLibsInPluginsBlock$AndroidPluginAccessors   : loaded 2 times (x 74B)
Class org.gradle.tooling.internal.adapter.ProtocolToModelAdapter$BeanMixInMethodInvoker: loaded 2 times (x 76B)
Class org.jetbrains.kotlin.build.report.metrics.BuildMetricsReporter                  : loaded 2 times (x 70B)
Class org.jetbrains.kotlin.gradle.plugin.mpp.KotlinJvmAndroidCompilationKt            : loaded 2 times (x 71B)
Class org.jetbrains.kotlin.gradle.targets.js.dsl.KotlinWasmTargetDsl                  : loaded 2 times (x 70B)
Class org.jetbrains.kotlin.gradle.plugin.sources.ConsistencyCheck                     : loaded 2 times (x 72B)
Class org.jetbrains.kotlin.gradle.plugin.sources.DefaultKotlinSourceSetKt$defaultSourceSetLanguageSettingsChecker$2: loaded 2 times (x 78B)
Class org.jetbrains.kotlin.gradle.plugin.diagnostics.KotlinToolingDiagnosticsCollectorKt$kotlinToolingDiagnosticsCollectorProvider$1$execute$$inlined$variantImplementationFactoryProvider$1: loaded 2 times (x 74B)
Class org.jetbrains.kotlin.gradle.plugin.internal.BuildIdService$Companion$registerIfAbsent$1$1: loaded 2 times (x 75B)
Class com.android.build.gradle.internal.res.LinkApplicationAndroidResourcesTask$BaseCreationAction: loaded 2 times (x 96B)
Class com.android.build.api.component.analytics.AnalyticsEnabledVariant$userVisiblePackaging$2: loaded 2 times (x 79B)
Class com.android.build.api.variant.impl.VariantImpl$externalExtensions$2             : loaded 2 times (x 79B)
Class com.android.build.gradle.internal.publishing.AndroidArtifacts$ConsumedConfigType: loaded 2 times (x 80B)
Class com.android.build.api.variant.impl.ApplicationAndroidResourcesImpl              : loaded 2 times (x 88B)
Class com.android.build.gradle.internal.dsl.BaseFlavor$targetSdk$1$1                  : loaded 2 times (x 79B)
Class org.jetbrains.kotlin.gradle.plugin.SubpluginOption                              : loaded 2 times (x 72B)
Class com.android.build.gradle.internal.tasks.factory.PreConfigAction                 : loaded 2 times (x 70B)
Class com.android.build.gradle.internal.plugins.BasePlugin$createVariantModel$1       : loaded 2 times (x 79B)
Class com.android.build.gradle.api.VersionedVariant                                   : loaded 2 times (x 70B)
Class com.android.build.gradle.internal.dsl.ManagedDevices$allDevices$1$1             : loaded 2 times (x 75B)
Class com.android.build.OutputFile                                                    : loaded 2 times (x 70B)
Class com.android.build.gradle.internal.dsl.OptimizationImpl$AgpDecorated             : loaded 2 times (x 90B)
Class org.objectweb.asm.commons.Method                                                : loaded 2 times (x 76B)
Class org.bouncycastle.operator.OperatorException                                     : loaded 2 times (x 82B)
Class com.android.build.gradle.internal.plugins.AndroidPluginBaseServices$applyBaseServices$3: loaded 2 times (x 75B)
Class org.jetbrains.kotlin.gradle.tasks.DefaultKotlinJavaToolchain$Companion$wireJvmTargetToJvm$1: loaded 2 times (x 75B)
Class org.jetbrains.kotlin.gradle.plugin.PropertiesProvider$booleanProvider$1         : loaded 2 times (x 74B)
Class org.jetbrains.kotlin.gradle.dsl.KotlinCommonToolOptions                         : loaded 2 times (x 70B)
Class com.android.build.gradle.internal.services.BuildServicesKt$getBuildService$1    : loaded 2 times (x 75B)
Class com.google.protobuf.DescriptorProtos$EnumValueOptions                           : loaded 2 times (x 252B)
Class com.google.wireless.android.sdk.stats.GarbageCollectionStats$Builder            : loaded 2 times (x 301B)
Class com.android.build.api.variant.impl.BundleConfigImpl                             : loaded 2 times (x 76B)
Class com.android.build.gradle.internal.component.TestComponentCreationConfig         : loaded 2 times (x 70B)
Class com.android.build.gradle.internal.scope.InternalMultipleArtifactType            : loaded 2 times (x 74B)
Class com.android.build.gradle.internal.services.R8D8ThreadPoolBuildService           : loaded 2 times (x 80B)
Class [Lcom.android.build.gradle.options.Version;                                     : loaded 2 times (x 69B)
Class com.android.build.api.variant.HasTestSuitesBuilder                              : loaded 2 times (x 70B)
Class com.google.wireless.android.sdk.stats.GradleBuildProject$PluginType             : loaded 2 times (x 87B)
Class com.android.build.api.dsl.TestedExtension                                       : loaded 2 times (x 70B)
Class com.android.build.gradle.internal.services.BaseServices                         : loaded 2 times (x 70B)
Class com.android.build.gradle.internal.BadPluginException                            : loaded 2 times (x 82B)
Class com.android.build.api.artifact.InAndOutDirectoryOperationRequest                : loaded 2 times (x 70B)
Class com.amazon.ion.IonBufferConfiguration                                           : loaded 2 times (x 73B)
Class com.amazon.ion.impl.bin.Symbols                                                 : loaded 2 times (x 71B)
Class org.jetbrains.plugins.gradle.tooling.serialization.RepositoriesModelSerializationService: loaded 2 times (x 82B)
Class com.android.ide.gradle.model.artifacts.AdditionalClassifierArtifactsModel       : loaded 2 times (x 70B)
Class org.gradle.api.internal.DefaultClassPathRegistry                                : loaded 2 times (x 76B)
Class org.jetbrains.kotlin.gradle.plugin.sources.FragmentConsistencyChecks$unstableFeaturesCheck$1: loaded 2 times (x 79B)
Class org.jetbrains.kotlin.gradle.plugin.sources.DefaultKotlinSourceSet               : loaded 2 times (x 141B)
Class org.jetbrains.kotlin.gradle.plugin.diagnostics.KotlinToolingDiagnosticsCollector$Parameter_Decorated: loaded 2 times (x 130B)
Class com.android.build.gradle.internal.publishing.AndroidArtifactsUtilKt             : loaded 2 times (x 71B)
Class com.android.build.gradle.internal.profile.AnalyticsUtil$1                       : loaded 2 times (x 71B)
Class com.android.build.gradle.internal.core.dsl.impl.InstrumentedTestDslInfoImpl$testLabel$1: loaded 2 times (x 74B)
Class com.android.build.gradle.internal.core.dsl.TestComponentDslInfo                 : loaded 2 times (x 70B)
Class com.android.build.gradle.internal.core.dsl.impl.ApplicationVariantDslInfoImpl$versionName$2$versionNameFromFlavors$1: loaded 2 times (x 78B)
Class com.android.build.api.variant.CodeTransparency                                  : loaded 2 times (x 70B)
Class com.android.build.gradle.internal.variant.VariantPathHelper$buildConfigSourceOutputDir$2: loaded 2 times (x 79B)
Class com.android.build.api.variant.impl.VariantBuilderImpl$registeredExtensionDelegate$1: loaded 2 times (x 78B)
Class com.android.build.gradle.internal.plugins.AndroidPluginBaseServices$applyBaseServices$4: loaded 2 times (x 75B)
Class com.android.build.gradle.internal.plugins.BasePlugin$createVariantModel$2       : loaded 2 times (x 79B)
Class com.android.build.gradle.internal.dsl.DexPackagingImpl$AgpDecorated_Decorated   : loaded 2 times (x 127B)
Class com.android.build.gradle.internal.dsl.ManagedDevices$allDevices$1$2             : loaded 2 times (x 75B)
Class com.android.build.gradle.internal.dsl.ApplicationAndroidResourcesImpl$AgpDecorated_Decorated: loaded 2 times (x 180B)
Class com.android.build.gradle.internal.dependency.SourceSetManager$createConfigurationsForSourceSet$2: loaded 2 times (x 75B)
Class com.android.build.api.variant.impl.JniLibsPackagingImpl$excludes$1              : loaded 2 times (x 75B)
Class com.android.build.api.variant.JniLibsApkPackaging                               : loaded 2 times (x 70B)
Class com.android.build.gradle.internal.dsl.LibraryKeepRulesImpl                      : loaded 2 times (x 88B)
Class com.android.build.gradle.internal.dsl.BundleOptionsCodeTransparency             : loaded 2 times (x 77B)
Class org.jetbrains.kotlin.gradle.plugin.diagnostics.ProblemsReporter                 : loaded 2 times (x 70B)
Class org.jetbrains.kotlin.gradle.plugin.VariantImplementationFactories$Parameters    : loaded 2 times (x 70B)
Class org.jetbrains.kotlin.gradle.utils.ConfigurationsKt$sam$org_gradle_api_Action$0  : loaded 2 times (x 75B)
Class org.jetbrains.kotlin.gradle.plugin.internal.JavaExecTaskParametersCompatibility$Factory: loaded 2 times (x 70B)
Class com.android.prefs.PathLocator$singlePathOf$values$1                             : loaded 2 times (x 79B)
Class com.google.protobuf.DescriptorProtos$EnumDescriptorProto$1                      : loaded 2 times (x 151B)
Class com.android.tools.analytics.AnalyticsSettings$optedIn$1                         : loaded 2 times (x 78B)
Class com.android.sdklib.AndroidApiLevel                                              : loaded 2 times (x 74B)
Class com.android.build.gradle.options.Option$Status$EXPERIMENTAL                     : loaded 2 times (x 71B)
Class com.android.build.gradle.internal.services.ServiceRegistrationAction            : loaded 2 times (x 74B)
Class com.android.build.gradle.internal.component.TargetSdkAwareConfig                : loaded 2 times (x 70B)
Class com.intellij.gradle.toolingExtension.impl.modelSerialization.SerializationServiceNotFoundException: loaded 2 times (x 82B)
Class io.opentelemetry.api.internal.AutoValue_ImmutableSpanContext                    : loaded 2 times (x 92B)
Class org.gradle.tooling.internal.consumer.connection.UnparameterizedBuildController  : loaded 2 times (x 101B)
Class com.google.common.collect.ImmutableMultimap$Keys                                : loaded 2 times (x 166B)
Class com.android.builder.model.v2.ide.JavaArtifact                                   : loaded 2 times (x 70B)
Class [Lcom.amazon.ion.impl.bin.AbstractIonWriter$WriteValueOptimization;             : loaded 2 times (x 69B)
Class org.jetbrains.plugins.gradle.tooling.serialization.RepositoriesModelSerializationService$ReadContext: loaded 2 times (x 72B)
Class kotlin.ranges.ClosedRange                                                       : loaded 2 times (x 70B)
Class org.gradle.api.internal.ClassPathRegistry                                       : loaded 2 times (x 70B)
Class org.gradle.internal.classpath.DefaultClassPath$ImmutableUniqueList              : loaded 2 times (x 199B)
Class org.gradle.kotlin.dsl.DebugImplementationConfigurationAccessorsKt               : loaded 2 times (x 71B)
Class com.android.build.gradle.internal.tasks.MergeGeneratedProguardFilesCreationAction: loaded 2 times (x 90B)
Class org.jetbrains.kotlin.gradle.plugin.KotlinCompilation$DefaultImpls               : loaded 2 times (x 71B)
Class org.jetbrains.kotlin.gradle.plugin.sources.FragmentConsistencyChecks$unstableFeaturesCheck$2: loaded 2 times (x 78B)
Class com.android.build.gradle.internal.component.DynamicFeatureCreationConfig        : loaded 2 times (x 70B)
Class com.android.build.api.component.analytics.AnalyticsEnabledTestComponent         : loaded 2 times (x 122B)
Class com.android.build.api.variant.Sources                                           : loaded 2 times (x 70B)
Class com.android.build.gradle.internal.variant.TestedVariantData                     : loaded 2 times (x 70B)
Class com.google.wireless.android.sdk.stats.AnnotationProcessorInfo                   : loaded 2 times (x 201B)
Class com.android.build.gradle.internal.plugins.BasePlugin$createVariantModel$3       : loaded 2 times (x 79B)
Class com.android.build.api.variant.impl.DeferredActionManager                        : loaded 2 times (x 72B)
Class com.android.build.gradle.internal.dsl.DataBindingOptions$AgpDecorated           : loaded 2 times (x 112B)
Class com.android.build.gradle.internal.DefaultConfigData                             : loaded 2 times (x 72B)
Class com.android.build.gradle.internal.dsl.VectorDrawablesOptions_Decorated          : loaded 2 times (x 132B)
Class com.android.build.gradle.internal.dsl.decorator.annotation.WithLazyInitialization: loaded 2 times (x 70B)
Class com.android.build.api.dsl.ResourcesPackaging                                    : loaded 2 times (x 70B)
Class com.android.build.gradle.internal.model.CoreNdkBuildOptions                     : loaded 2 times (x 70B)
Class com.android.build.gradle.internal.utils.KgpVersion                              : loaded 2 times (x 75B)
Class org.jetbrains.kotlin.gradle.dsl.KotlinCommonCompilerOptionsDefault              : loaded 2 times (x 96B)
Class org.jetbrains.kotlin.gradle.dsl.KotlinCommonCompilerToolOptionsDefault          : loaded 2 times (x 84B)
Class org.jetbrains.kotlin.gradle.internal.properties.NativePropertiesLoader$isUseXcodeMessageStyleEnabled$1: loaded 2 times (x 75B)
Class org.jetbrains.kotlin.gradle.internal.ClassLoadersCachingBuildService$Companion$registerIfAbsent$2$1: loaded 2 times (x 79B)
Class org.jetbrains.kotlin.gradle.report.BuildReportMode$Companion                    : loaded 2 times (x 71B)
Class org.jetbrains.kotlin.gradle.plugin.VariantImplementationFactories$VariantImplementationFactory: loaded 2 times (x 70B)
Class com.android.prefs.PathLocator$singlePathOf$values$2                             : loaded 2 times (x 78B)
Class com.android.build.gradle.internal.services.StringCachingBuildService            : loaded 2 times (x 84B)
Class com.google.protobuf.DescriptorProtos$FileOptions                                : loaded 2 times (x 298B)
Class com.android.build.gradle.internal.errors.AndroidProblemReporterProvider$reporter$1: loaded 2 times (x 74B)
Class com.android.build.gradle.internal.component.ComponentCreationConfig             : loaded 2 times (x 70B)
Class com.android.build.gradle.internal.variant.VariantModel                          : loaded 2 times (x 70B)
Class org.gradle.tooling.model.cpp.CppComponent                                       : loaded 2 times (x 70B)
Class org.jetbrains.kotlin.gradle.ExternalKotlinTargetApi                             : loaded 2 times (x 70B)
Class jdk.internal.jimage.decompressor.ResourceDecompressor                           : loaded 2 times (x 70B)
Class com.amazon.ion.impl.bin.IonManagedBinaryWriter$UserState                        : loaded 2 times (x 85B)
Class com.amazon.ion.impl._Private_IonWriter                                          : loaded 2 times (x 70B)
Class com.amazon.ion.impl.bin._Private_IonManagedBinaryWriterBuilder                  : loaded 2 times (x 72B)
Class com.intellij.gradle.toolingExtension.impl.model.projectModel.GradleExternalProjectSerializationService$WriteContext: loaded 2 times (x 73B)
Class kotlin.text.StringsKt__StringsJVMKt                                             : loaded 2 times (x 71B)
Class kotlin.collections.IntIterator                                                  : loaded 2 times (x 82B)
Class com.google.common.collect.NullnessCasts                                         : loaded 2 times (x 71B)
Class com.google.common.collect.ImmutableRangeSet                                     : loaded 2 times (x 115B)
Class com.android.build.gradle.internal.tasks.MergeJavaResourceTask$CreationAction$handleProvider$1: loaded 2 times (x 127B)
Class org.jetbrains.kotlin.gradle.plugin.mpp.compilationImpl.KotlinCompilationImpl$1  : loaded 2 times (x 79B)
Class org.jetbrains.kotlin.gradle.plugin.mpp.compilationImpl.factory.KotlinJvmCompilerOptionsFactory: loaded 2 times (x 74B)
Class org.jetbrains.kotlin.compilerRunner.CompilerSystemPropertiesService             : loaded 2 times (x 80B)
Class com.android.build.gradle.internal.scope.InternalArtifactType$MANIFEST_MERGE_REPORT: loaded 2 times (x 74B)
Class com.android.build.gradle.internal.tasks.PrepareLintJarForPublish$CreationAction : loaded 2 times (x 90B)
Class com.android.build.gradle.internal.tasks.CheckMultiApkLibrariesTask$CreationAction: loaded 2 times (x 90B)
Class android.databinding.tool.DataBindingBuilder                                     : loaded 2 times (x 79B)
Class com.android.build.gradle.internal.component.InstrumentedTestCreationConfig      : loaded 2 times (x 70B)
Class com.android.build.api.component.impl.ComponentImpl$builtInKotlinSupportMode$2   : loaded 2 times (x 79B)
Class com.android.build.gradle.internal.profile.AnalyticsResourceManager$getVariantBuilder$projectData$1: loaded 2 times (x 79B)
Class kotlin.text.StringsKt__AppendableKt                                             : loaded 2 times (x 71B)
Class com.android.build.gradle.internal.plugins.BasePlugin$createVariantModel$4       : loaded 2 times (x 79B)
Class com.android.build.api.variant.VariantFilter                                     : loaded 2 times (x 70B)
Class com.android.build.gradle.internal.tasks.factory.BootClasspathConfigImpl$bootClasspath$2: loaded 2 times (x 79B)
Class com.android.build.gradle.internal.dsl.ExternalNativeBuild$AgpDecorated          : loaded 2 times (x 96B)
Class com.android.build.gradle.internal.dsl.ResourcesPackagingImpl$AgpDecorated       : loaded 2 times (x 86B)
Class [Lcom.android.builder.model.TestOptions$Execution;                              : loaded 2 times (x 69B)
Class com.android.build.gradle.internal.dsl.LintOptions                               : loaded 2 times (x 201B)
Class com.android.build.gradle.internal.api.DefaultAndroidSourceDirectorySet$directories$1: loaded 2 times (x 143B)
Class com.android.build.api.dsl.Cmake                                                 : loaded 2 times (x 70B)
Class com.android.build.api.dsl.AarMetadata                                           : loaded 2 times (x 70B)
Class com.android.build.gradle.internal.services.BuiltInKotlinServices                : loaded 2 times (x 72B)
Class org.jetbrains.kotlin.gradle.dsl.ExplicitApiMode                                 : loaded 2 times (x 79B)
Class org.jetbrains.kotlin.gradle.plugin.mpp.KotlinUsages$KotlinCinteropCompatibility : loaded 2 times (x 77B)
Class org.jetbrains.kotlin.gradle.plugin.mpp.KotlinUsages$KotlinUsagesCompatibility   : loaded 2 times (x 76B)
Class org.jetbrains.kotlin.gradle.plugin.VariantImplementationFactories$Parameters$Inject_: loaded 2 times (x 106B)
Class org.jetbrains.kotlin.gradle.plugin.VariantImplementationFactories$Companion     : loaded 2 times (x 71B)
Class org.jetbrains.kotlin.gradle.plugin.internal.CustomPropertiesFileValueSource$Parameters_Decorated: loaded 2 times (x 130B)
Class org.jetbrains.kotlin.gradle.dsl.KotlinTopLevelExtensionConfig                   : loaded 2 times (x 70B)
Class com.google.protobuf.Utf8$UnsafeProcessor                                        : loaded 2 times (x 77B)
Class com.google.protobuf.ByteString$LiteralByteString                                : loaded 2 times (x 106B)
Class com.google.wireless.android.sdk.stats.GradleIntegerOptionEntry                  : loaded 2 times (x 197B)
Class com.amazon.ion.IonWriter                                                        : loaded 2 times (x 70B)
Class com.google.protobuf.UnknownFieldSet$Parser                                      : loaded 2 times (x 150B)
Class com.android.build.gradle.internal.dependency.GenericTransformParameters_Decorated: loaded 2 times (x 130B)
Class com.amazon.ion.impl.bin._Private_IonRawWriter                                   : loaded 2 times (x 70B)
Class com.google.common.collect.AbstractBiMap                                         : loaded 2 times (x 159B)
Class com.amazon.ion.impl.bin.IonRawBinaryWriter$PreallocationMode                    : loaded 2 times (x 82B)
Class com.amazon.ion.util.InputStreamInterceptor                                      : loaded 2 times (x 70B)
Class [Lcom.android.build.gradle.options.SyncOptions$ErrorFormatMode;                 : loaded 2 times (x 69B)
Class [Lcom.android.build.gradle.options.HasFutureStage;                              : loaded 2 times (x 69B)
Class com.android.build.gradle.internal.utils.GradlePluginUtils                       : loaded 2 times (x 71B)
Class org.gradle.tooling.internal.consumer.versioning.ModelMapping$DefaultModelIdentifier: loaded 2 times (x 76B)
Class io.opentelemetry.api.trace.ImmutableTraceFlags                                  : loaded 2 times (x 77B)
Class org.jetbrains.kotlin.cli.common.arguments.K2JVMCompilerArgumentsConfigurator    : loaded 2 times (x 74B)
Class com.google.common.io.ByteSink                                                   : loaded 2 times (x 76B)
Class com.android.builder.model.v2.dsl.SigningConfig                                  : loaded 2 times (x 70B)
Class com.android.builder.model.v2.models.AndroidProject                              : loaded 2 times (x 70B)
Class Settings_gradle$1                                                               : loaded 2 times (x 74B)
Class [Lcom.amazon.ion.SymbolToken;                                                   : loaded 2 times (x 69B)
Class kotlin.text.StringsKt__IndentKt                                                 : loaded 2 times (x 71B)
Class kotlin.collections.SetsKt                                                       : loaded 2 times (x 71B)
Class org.gradle.internal.classpath.ClassPath                                         : loaded 2 times (x 70B)
Class org.jetbrains.kotlin.gradle.plugin.mpp.KotlinJvmAgpCompilation                  : loaded 2 times (x 198B)
Class org.jetbrains.kotlin.gradle.plugin.mpp.compilationImpl.KotlinCompilationImpl$2  : loaded 2 times (x 79B)
Class com.android.build.api.artifact.SingleArtifact$MERGED_NATIVE_LIBS                : loaded 2 times (x 74B)
Class com.android.build.gradle.tasks.MapSourceSetPathsTask$CreateAction$handleProvider$1: loaded 2 times (x 127B)
Class com.android.build.gradle.internal.tasks.CheckManifest                           : loaded 2 times (x 326B)
Class com.google.wireless.android.sdk.stats.TestRun$TestExecution                     : loaded 2 times (x 87B)
Class com.android.build.gradle.internal.core.dsl.impl.features.NativeBuildDslInfoImpl : loaded 2 times (x 81B)
Class com.android.build.api.variant.TestedApkPackaging                                : loaded 2 times (x 70B)
Class com.android.build.api.variant.impl.ApplicationVariantBuilderImpl_Decorated      : loaded 2 times (x 269B)
Class com.android.build.gradle.internal.plugins.BasePlugin$createVariantModel$5       : loaded 2 times (x 79B)
Class com.android.build.gradle.internal.dsl.decorator.LockableList                    : loaded 2 times (x 208B)
Class com.android.build.gradle.internal.dsl.decorator.SupportedPropertyType$Var$Int   : loaded 2 times (x 74B)
Class com.android.build.gradle.internal.dsl.decorator.SupportedPropertyType$Var$NullableBoolean: loaded 2 times (x 74B)
Class com.android.builder.model.ProductFlavor                                         : loaded 2 times (x 70B)
Class org.jetbrains.kotlin.gradle.dsl.KotlinJvmCompilerOptionsDefault                 : loaded 2 times (x 108B)
Class org.jetbrains.kotlin.gradle.internal.UsesClassLoadersCachingBuildService        : loaded 2 times (x 70B)
Class com.android.build.gradle.internal.services.ConfigPhaseFileCreator$Params        : loaded 2 times (x 70B)
Class com.google.wireless.android.sdk.stats.GradleIntegerOptionEntry$1                : loaded 2 times (x 151B)
Class com.google.protobuf.Descriptors                                                 : loaded 2 times (x 71B)
Class com.google.protobuf.DescriptorProtos$EnumValueDescriptorProto$1                 : loaded 2 times (x 151B)
Class com.android.tools.analytics.HostData$classLoadingBean$2                         : loaded 2 times (x 78B)
Class com.amazon.ion.impl.lite.IonSystemLite                                          : loaded 2 times (x 275B)
Class com.android.build.gradle.internal.core.dsl.PublishableComponentDslInfo          : loaded 2 times (x 70B)
Class com.android.build.gradle.TestedAndroidConfig                                    : loaded 2 times (x 70B)
Class org.gradle.tooling.internal.consumer.connection.StreamingAwareBuildControllerAdapter: loaded 2 times (x 101B)
Class com.android.builder.model.v2.models.AndroidDsl                                  : loaded 2 times (x 70B)
Class com.google.common.io.Files$FileByteSource                                       : loaded 2 times (x 85B)
Class com.google.common.base.JdkPattern                                               : loaded 2 times (x 75B)
Class org.jetbrains.plugins.gradle.tooling.serialization.KotlinDslScriptsModelSerializationService: loaded 2 times (x 81B)
Class kotlin.reflect.KFunction                                                        : loaded 2 times (x 70B)
Class kotlin.collections.ArrayDeque                                                   : loaded 2 times (x 207B)
Class org.jetbrains.kotlin.gradle.utils.ObservableSet                                 : loaded 2 times (x 70B)
Class org.jetbrains.kotlin.gradle.plugin.diagnostics.KotlinToolingDiagnosticsCollectorKt: loaded 2 times (x 71B)
Class org.jetbrains.kotlin.gradle.internal.transforms.BuildToolsApiClasspathEntrySnapshotTransform$Parameters: loaded 2 times (x 88B)
Class org.jetbrains.kotlin.gradle.tasks.KotlinCompile                                 : loaded 2 times (x 499B)
Class com.android.build.gradle.internal.scope.InternalArtifactType$PACKAGED_RES       : loaded 2 times (x 74B)
Class com.google.wireless.android.sdk.stats.TestRun$TestExecution$1                   : loaded 2 times (x 76B)
Class com.android.build.gradle.internal.component.HostTestCreationConfig              : loaded 2 times (x 70B)
Class com.android.build.gradle.internal.component.TestCreationConfig                  : loaded 2 times (x 70B)
Class com.android.build.api.attributes.BuildTypeAttr                                  : loaded 2 times (x 70B)
Class com.android.build.gradle.internal.core.dsl.impl.features.OptimizationDslInfoImpl$postProcessingOptions$2: loaded 2 times (x 79B)
Class com.android.build.api.variant.impl.DeviceTestBuilderImpl                        : loaded 2 times (x 102B)
Class com.android.build.api.variant.impl.MutableAndroidVersion                        : loaded 2 times (x 76B)
Class com.android.build.gradle.internal.scope.BuildFeatureValuesImpl                  : loaded 2 times (x 100B)
Class com.android.build.gradle.internal.dsl.CompileSdkVersionImpl                     : loaded 2 times (x 80B)
Class com.android.build.gradle.internal.tasks.factory.GlobalTaskNames                 : loaded 2 times (x 70B)
Class com.android.build.api.artifact.impl.ArtifactsImpl$2$1                           : loaded 2 times (x 80B)
Class com.android.build.api.dsl.PublishingOptions                                     : loaded 2 times (x 70B)
Class com.android.build.gradle.internal.dsl.ExternalNativeCmakeOptions                : loaded 2 times (x 108B)
Class org.objectweb.asm.tree.ClassNode                                                : loaded 2 times (x 91B)
Class com.android.build.gradle.internal.dsl.NdkBuildOptions                           : loaded 2 times (x 92B)
Class com.android.build.gradle.internal.dsl.DataBindingOptions                        : loaded 2 times (x 108B)
Class org.jetbrains.kotlin.gradle.plugin.mpp.HierarchyAttributeContainer              : loaded 2 times (x 87B)
Class org.jetbrains.kotlin.gradle.tasks.UsesKotlinJavaToolchain                       : loaded 2 times (x 70B)
Class org.jetbrains.kotlin.gradle.plugin.DefaultKotlinBasePlugin$apply$1              : loaded 2 times (x 75B)
Class org.jetbrains.kotlin.gradle.internal.properties.PropertiesBuildService$Params_Decorated: loaded 2 times (x 130B)
Class com.android.build.gradle.internal.services.AndroidLocationsBuildService$AndroidDirectoryCreator: loaded 2 times (x 80B)
Class [Lcom.google.protobuf.Descriptors$DescriptorPool$SearchFilter;                  : loaded 2 times (x 69B)
Class [Lcom.google.protobuf.Descriptors$FieldDescriptor;                              : loaded 2 times (x 69B)
Class com.android.builder.profile.NameAnonymizer$Project                              : loaded 2 times (x 72B)
Class com.google.common.util.concurrent.AbstractFuture$AtomicHelper                   : loaded 2 times (x 78B)
Class com.google.gson.internal.JsonReaderInternalAccess                               : loaded 2 times (x 72B)
Class com.android.build.gradle.internal.res.Aapt2FromMaven$Companion$create$1         : loaded 2 times (x 75B)
Class com.android.sdklib.AndroidApiLevel$Companion                                    : loaded 2 times (x 71B)
Class com.android.build.gradle.options.Option$Status                                  : loaded 2 times (x 71B)
Class com.android.prefs.AndroidLocationsProvider                                      : loaded 2 times (x 70B)
Class com.android.build.api.variant.ApplicationVariant                                : loaded 2 times (x 70B)
Class [Lio.opentelemetry.api.trace.TraceFlags;                                        : loaded 2 times (x 69B)
Class [Lio.opentelemetry.context.ContextStorage;                                      : loaded 2 times (x 69B)
Class com.intellij.platform.diagnostic.telemetry.rt.context.TelemetryContext          : loaded 2 times (x 134B)
Class com.intellij.gradle.toolingExtension.modelAction.GradleModelFetchPhase$BuildFinished: loaded 2 times (x 70B)
Class org.jetbrains.kotlin.cli.common.arguments.Freezable                             : loaded 2 times (x 72B)
Class com.amazon.ion.system.IonSystemBuilder$Mutable                                  : loaded 2 times (x 75B)
Class com.amazon.ion.impl.bin.IonManagedBinaryWriter$SymbolResolverBuilder            : loaded 2 times (x 70B)
Class org.jetbrains.plugins.gradle.tooling.serialization.ExternalTestsSerializationService$WriteContext: loaded 2 times (x 72B)
Class kotlin.collections.MapsKt__MapsKt                                               : loaded 2 times (x 71B)
Class org.jetbrains.kotlin.gradle.incremental.UsesIncrementalModuleInfoBuildService   : loaded 2 times (x 70B)
Class com.android.build.gradle.tasks.JavaCompileCreationAction$handleProvider$1       : loaded 2 times (x 78B)
Class com.android.build.api.component.impl.DeviceTestImpl$androidResources$2          : loaded 2 times (x 79B)
Class com.android.build.api.variant.impl.ApplicationVariantImpl$dependenciesInfo$2    : loaded 2 times (x 79B)
Class com.android.build.api.dsl.Device                                                : loaded 2 times (x 70B)
Class [Lcom.google.common.base.CaseFormat;                                            : loaded 2 times (x 69B)
Class org.jetbrains.kotlin.idea.projectModel.KotlinTarget$Companion                   : loaded 2 times (x 71B)
Class com.android.build.gradle.internal.dsl.VectorDrawablesOptions                    : loaded 2 times (x 87B)
Class org.jetbrains.kotlin.gradle.utils.CompilerOptionsKt$configureExperimentalTryNext$1$1: loaded 2 times (x 78B)
Class org.jetbrains.kotlin.gradle.utils.CompilerOptionsKt                             : loaded 2 times (x 71B)
Class org.jetbrains.kotlin.gradle.plugin.PropertiesProvider$Companion                 : loaded 2 times (x 71B)
Class org.jetbrains.kotlin.gradle.utils.SingleAction                                  : loaded 2 times (x 73B)
Class com.google.protobuf.Descriptors$DescriptorPool$PackageDescriptor                : loaded 2 times (x 76B)
Class com.google.wireless.android.sdk.stats.JavaProcessStats$Builder                  : loaded 2 times (x 307B)
Class org.gradle.tooling.internal.adapter.ProtocolToModelAdapter$ClassMixInMethodInvoker: loaded 2 times (x 76B)
Class com.google.wireless.android.sdk.stats.GradleBuildVariant$Builder                : loaded 2 times (x 382B)
Class org.gradle.accessors.dm.LibrariesForLibs                                        : loaded 2 times (x 82B)
Class com.android.build.gradle.internal.plugins.AppPlugin                             : loaded 2 times (x 97B)
Class com.android.build.gradle.internal.errors.AndroidProblemReporterProvider         : loaded 2 times (x 76B)
Class com.android.build.gradle.internal.plugins.BasePlugin$managedDeviceRegistry$2    : loaded 2 times (x 79B)
Class com.android.build.gradle.internal.tasks.factory.BootClasspathConfigImpl         : loaded 2 times (x 79B)
Class com.android.build.gradle.internal.tasks.factory.GlobalTaskCreationConfig        : loaded 2 times (x 70B)
Class com.android.build.gradle.internal.tasks.factory.BootClasspathConfig             : loaded 2 times (x 70B)
Class org.gradle.internal.impldep.com.google.common.base.Optional                     : loaded 2 times (x 80B)
Class org.gradle.tooling.model.eclipse.EclipseClasspathEntry                          : loaded 2 times (x 70B)
Class io.opentelemetry.context.ThreadLocalContextStorage                              : loaded 2 times (x 85B)
Class com.android.build.gradle.options.FutureStage                                    : loaded 2 times (x 72B)
Class com.android.builder.model.v2.ide.Variant                                        : loaded 2 times (x 70B)
Class jdk.internal.jimage.ImageStringsReader                                          : loaded 2 times (x 80B)
Class com.amazon.ion.impl._Private_RecyclingStack$Recycler                            : loaded 2 times (x 70B)
Class com.amazon.ion.impl.bin.IonManagedBinaryWriter$LocalSymbolTableView             : loaded 2 times (x 107B)
Class com.amazon.ion.impl.bin.IonRawBinaryWriter$ThrowingRunnable                     : loaded 2 times (x 70B)
Class org.jetbrains.kotlin.tooling.core.ExtrasPropertyKt$extrasLazyProperty$1         : loaded 2 times (x 94B)
Class org.jetbrains.kotlin.gradle.plugin.diagnostics.UsesKotlinToolingDiagnostics     : loaded 2 times (x 70B)
Class com.android.build.gradle.tasks.JavaCompileCreationAction$handleProvider$2       : loaded 2 times (x 78B)
Class com.android.build.gradle.internal.scope.InternalArtifactType$LINKED_RESOURCES_FOR_BUNDLE_PROTO_FORMAT: loaded 2 times (x 74B)
Class com.android.build.gradle.internal.scope.InternalArtifactType$LINKED_RESOURCES_BINARY_FORMAT: loaded 2 times (x 74B)
Class com.android.build.gradle.internal.tasks.ProcessNavigationXmlTask$CreationAction$handleProvider$1: loaded 2 times (x 127B)
Class com.android.build.gradle.internal.tasks.ExtractNativeDebugMetadataTask$SymbolTableCreationAction: loaded 2 times (x 91B)
Class com.google.wireless.android.sdk.stats.GradleBuildVariant$DexBuilderTool         : loaded 2 times (x 87B)
Class com.android.build.gradle.internal.services.BuiltInKaptSupportMode$NotSupported  : loaded 2 times (x 71B)
Class [Lcom.android.build.gradle.internal.variant.BaseVariantData$DiscoverableFilterType;: loaded 2 times (x 69B)
Class com.android.build.gradle.internal.tasks.SigningConfigUtils$Companion            : loaded 2 times (x 71B)
Class com.android.build.gradle.api.AndroidSourceDirectorySet                          : loaded 2 times (x 70B)
Class com.android.build.gradle.internal.dsl.BaseFlavor$minSdkDelegate$1               : loaded 2 times (x 79B)
Class com.android.build.gradle.internal.dsl.NdkOptions                                : loaded 2 times (x 116B)
Class com.android.build.api.dsl.CompileOptions                                        : loaded 2 times (x 70B)
Class com.google.protobuf.Utf8                                                        : loaded 2 times (x 71B)
Class [Lcom.google.protobuf.Descriptors$Descriptor;                                   : loaded 2 times (x 69B)
Class com.google.protobuf.DescriptorProtos$EnumValueDescriptorProtoOrBuilder          : loaded 2 times (x 70B)
Class com.google.gson.internal.bind.TypeAdapters$34                                   : loaded 2 times (x 76B)
Class com.google.protobuf.GeneratedMessageV3                                          : loaded 2 times (x 178B)
Class com.google.protobuf.Internal                                                    : loaded 2 times (x 71B)
Class com.google.wireless.android.sdk.stats.ProjectApiUse                             : loaded 2 times (x 197B)
Class com.android.build.gradle.options.OptionParsers                                  : loaded 2 times (x 71B)
Class org.jetbrains.kotlin.gradle.plugin.sources.DefaultKotlinSourceSetFactory        : loaded 2 times (x 80B)
Class com.android.build.gradle.options.FeatureStage$Deprecated                        : loaded 2 times (x 72B)
Class com.android.build.gradle.internal.services.AndroidLocationsBuildService         : loaded 2 times (x 90B)
Class com.android.build.api.variant.Variant                                           : loaded 2 times (x 70B)
Class com.android.build.api.dsl.ApplicationExtension                                  : loaded 2 times (x 70B)
Class com.android.build.api.dsl.LibraryAndroidResources                               : loaded 2 times (x 70B)
Class com.intellij.gradle.toolingExtension.modelAction.GradleModelFetchPhase          : loaded 2 times (x 70B)
Class com.amazon.ion.UnknownSymbolException                                           : loaded 2 times (x 86B)
Class com.android.ide.gradle.model.composites.BuildMap                                : loaded 2 times (x 70B)
Class kotlin.text.MatchResult$Destructured                                            : loaded 2 times (x 72B)
Class kotlin.Metadata                                                                 : loaded 2 times (x 70B)
Class com.android.build.gradle.internal.TaskManager$addSubpluginOptionsForBuiltInKotlin$compilerOptions$1: loaded 2 times (x 75B)
Class org.jetbrains.kotlin.gradle.plugin.mpp.compilationImpl.DefaultKotlinCompilationSourceSetsContainer$allKotlinSourceSetsImpl$1$1: loaded 2 times (x 80B)
Class org.jetbrains.kotlin.gradle.plugin.mpp.compilationImpl.DefaultKotlinCompilationSourceSetsContainer: loaded 2 times (x 78B)
Class com.android.build.api.variant.impl.ResourcesPackagingImpl$merges$1              : loaded 2 times (x 75B)
Class com.android.build.gradle.internal.scope.InternalArtifactType$DATA_BINDING_LAYOUT_INFO_TYPE_PACKAGE: loaded 2 times (x 74B)
Class com.android.build.gradle.internal.tasks.NewIncrementalTask                      : loaded 2 times (x 328B)
Class com.android.build.api.artifact.TaskBasedOperation                               : loaded 2 times (x 70B)
Class com.android.build.gradle.internal.scope.InternalArtifactType$BUNDLE_MANIFEST    : loaded 2 times (x 74B)
Class com.android.build.gradle.tasks.ProcessManifestForBundleTask                     : loaded 2 times (x 328B)
Class com.android.build.gradle.internal.dependency.ProvidedClasspath                  : loaded 2 times (x 71B)
Class com.google.wireless.android.sdk.stats.GradleBuildVariant$DexMergerTool          : loaded 2 times (x 87B)
Class com.android.build.gradle.internal.core.dsl.impl.ApplicationVariantDslInfoImpl$versionName$2$2: loaded 2 times (x 75B)
Class com.android.build.api.component.analytics.AnalyticsEnabledAndroidResourcesBuilder: loaded 2 times (x 72B)
Class com.android.build.gradle.internal.lint.AndroidLintGlobalTask                    : loaded 2 times (x 318B)
Class com.android.build.gradle.internal.dsl.BuildType$Companion                       : loaded 2 times (x 71B)
Class com.android.build.api.artifact.Artifacts                                        : loaded 2 times (x 70B)
Class com.android.build.gradle.internal.services.FakeDependencyJarBuildService$lazyCachedFakeJar$1: loaded 2 times (x 75B)
Class com.android.build.gradle.internal.dsl.SdkComponentsImpl$aapt2$2                 : loaded 2 times (x 79B)
Class com.android.build.gradle.internal.dsl.JavaCompileOptions$AgpDecorated_Decorated : loaded 2 times (x 130B)
Class com.android.build.gradle.internal.dsl.BaseFlavor$minSdkDelegate$2               : loaded 2 times (x 79B)
Class com.android.build.gradle.internal.dsl.BundleOptionsLanguage                     : loaded 2 times (x 77B)
Class com.android.build.gradle.internal.dsl.BundleOptionsCountrySet                   : loaded 2 times (x 81B)
Class com.android.build.api.dsl.DynamicFeatureProductFlavor                           : loaded 2 times (x 70B)
Class com.android.builder.model.Named                                                 : loaded 2 times (x 70B)
Class org.jetbrains.kotlin.tooling.core.AbstractExtras                                : loaded 2 times (x 141B)
Class org.jetbrains.kotlin.gradle.internal.properties.NativePropertiesLoader$shouldUseEmbeddableCompilerJar$1: loaded 2 times (x 75B)
Class org.jetbrains.kotlin.gradle.fus.BuildUidService$Companion$registerIfAbsent$1    : loaded 2 times (x 74B)
Class org.jetbrains.kotlin.gradle.internal.diagnostics.AgpCompatibilityCheck$AndroidGradlePluginVersionProvider: loaded 2 times (x 70B)
Class [Lcom.android.tools.build.gradle.internal.profile.BooleanOption;                : loaded 2 times (x 69B)
Class com.android.build.gradle.internal.dsl.decorator.DslDecorator$Companion$classLoaderDefineClass$2: loaded 2 times (x 78B)
Class com.google.protobuf.MessageLite$Builder                                         : loaded 2 times (x 70B)
Class com.android.build.gradle.options.ApiStage$Experimental                          : loaded 2 times (x 72B)
Class com.android.build.gradle.internal.core.dsl.ApkProducingComponentDslInfo         : loaded 2 times (x 70B)
Class com.android.build.api.extension.impl.AndroidComponentsExtensionImpl             : loaded 2 times (x 112B)
Class io.opentelemetry.context.Context                                                : loaded 2 times (x 70B)
Class com.android.build.api.dsl.ExternalNativeBuildFlags                              : loaded 2 times (x 70B)
Class com.android.build.gradle.internal.dsl.BundleOptions$AgpDecorated                : loaded 2 times (x 139B)
Class [Lcom.android.tools.idea.gradle.project.sync.SyncTestMode;                      : loaded 2 times (x 69B)
Class com.intellij.gradle.toolingExtension.impl.modelSerialization.ToolingSerializerConverter: loaded 2 times (x 73B)
Class com.android.builder.model.v2.ide.Library                                        : loaded 2 times (x 70B)
Class com.android.builder.model.v2.ide.ArtifactDependenciesAdjacencyList              : loaded 2 times (x 70B)
Class com.android.builder.model.v2.models.Versions                                    : loaded 2 times (x 70B)
Class jdk.internal.jimage.ImageReader                                                 : loaded 2 times (x 75B)
Class org.jetbrains.kotlin.compose.compiler.gradle.internal.ComposeWithAgpConfig$AgpVersionProvider$Default: loaded 2 times (x 74B)
Class org.jetbrains.kotlin.gradle.plugin.mpp.KotlinCompilationsKt                     : loaded 2 times (x 71B)
Class org.jetbrains.kotlin.gradle.plugin.sources.DefaultKotlinSourceSet_Decorated     : loaded 2 times (x 188B)
Class org.jetbrains.kotlin.gradle.plugin.mpp.compilationImpl.factory.DefaultProcessResourcesTaskNameFactory: loaded 2 times (x 74B)
Class org.jetbrains.kotlin.gradle.plugin.diagnostics.TransformActionUsingKotlinToolingDiagnostics: loaded 2 times (x 70B)
Class com.android.build.gradle.internal.component.features.NativeBuildCreationConfig  : loaded 2 times (x 70B)
Class com.android.build.api.variant.Packaging                                         : loaded 2 times (x 70B)
Class com.google.wireless.android.sdk.stats.VariantApiUsage                           : loaded 2 times (x 209B)
Class com.android.build.gradle.internal.core.dsl.impl.ConsumableComponentDslInfoImpl$shadersDslInfo$2: loaded 2 times (x 79B)
Class com.android.build.gradle.internal.dsl.BaseFlavor$targetSdk$3                    : loaded 2 times (x 79B)
Class com.android.build.gradle.options.SigningOptions                                 : loaded 2 times (x 72B)
Class com.android.build.gradle.internal.tasks.factory.BootClasspathConfigImpl$fullBootClasspathProvider$2: loaded 2 times (x 79B)
Class com.android.tools.lint.model.LintModelSeverity$Companion                        : loaded 2 times (x 71B)
Class com.android.build.gradle.internal.dsl.ApplicationExtensionImpl$dataBinding$1    : loaded 2 times (x 75B)
Class com.android.build.api.artifact.Artifact                                         : loaded 2 times (x 74B)
Class com.android.build.gradle.internal.api.LazyAndroidSourceSet$sourceSet$1          : loaded 2 times (x 79B)
Class com.android.build.gradle.internal.services.TaskCreationServicesImpl             : loaded 2 times (x 102B)
Class com.android.build.gradle.internal.dsl.ExternalNativeCmakeOptions_Decorated      : loaded 2 times (x 152B)
Class com.android.build.gradle.internal.TaskManager$Companion$createTasksBeforeEvaluate$4: loaded 2 times (x 75B)
Class com.android.build.api.dsl.MaxSdkSpec                                            : loaded 2 times (x 70B)
Class com.android.builder.core.AbstractBuildType                                      : loaded 2 times (x 153B)
Class org.jetbrains.kotlin.gradle.targets.native.KonanPropertiesBuildService$Companion: loaded 2 times (x 71B)
Class org.jetbrains.kotlin.gradle.plugin.PropertiesProvider$propertyWithDeprecatedValues$1: loaded 2 times (x 75B)
Class org.jetbrains.kotlin.gradle.utils.GradleUtilsKt$registerClassLoaderScopedBuildService$1: loaded 2 times (x 74B)
Class org.jetbrains.kotlin.gradle.internal.diagnostics.AgpCompatibilityCheck$AndroidGradlePluginVersionProvider$Default: loaded 2 times (x 74B)
Class com.google.protobuf.Descriptors$DescriptorPool$SearchFilter                     : loaded 2 times (x 79B)
Class com.google.wireless.android.sdk.stats.GradleBuildSplitsOrBuilder                : loaded 2 times (x 70B)
Class com.android.builder.profile.Recorder                                            : loaded 2 times (x 70B)
Class com.android.build.gradle.internal.core.dsl.impl.ApplicationVariantDslInfoImpl$dexingDslInfo$2: loaded 2 times (x 79B)
Class com.google.wireless.android.sdk.stats.GradleBuildProfileSpanOrBuilder           : loaded 2 times (x 70B)
Class com.google.protobuf.Parser                                                      : loaded 2 times (x 70B)
Class com.android.build.api.variant.impl.ApkPackagingImpl                             : loaded 2 times (x 89B)
Class com.android.build.gradle.internal.services.BuiltInKotlinSupportMode             : loaded 2 times (x 71B)
Class com.android.build.api.variant.impl.VariantImpl$optimizationCreationConfig$2     : loaded 2 times (x 79B)
Class com.android.build.api.component.impl.DeviceTestImpl$androidResourcesCreationConfig$2: loaded 2 times (x 79B)
Class com.google.common.util.concurrent.DirectExecutor                                : loaded 2 times (x 82B)
Class org.jetbrains.kotlin.compose.compiler.gradle.ComposeCompilerGradleSubplugin     : loaded 2 times (x 83B)
Class org.gradle.accessors.dm.LibrariesForLibs$AndroidxComposeUiToolingLibraryAccessors: loaded 2 times (x 83B)
Class com.android.build.gradle.internal.scope.UnitTestBuildFeatureValuesImpl          : loaded 2 times (x 87B)
Class jdk.internal.jimage.ImageReader$SharedImageReader                               : loaded 2 times (x 95B)
Class com.intellij.util.containers.IntObjectHashMap                                   : loaded 2 times (x 72B)
Class com.google.common.collect.SortedIterable                                        : loaded 2 times (x 70B)
Class org.gradle.api.internal.classpath.ModuleRegistry                                : loaded 2 times (x 70B)
Class org.gradle.internal.installation.GradleInstallation$1                           : loaded 2 times (x 75B)
Class org.jetbrains.kotlin.gradle.utils.ConfigurationCacheOpaqueValue                 : loaded 2 times (x 72B)
Class [Lcom.android.build.gradle.internal.publishing.ArtifactCategory;                : loaded 2 times (x 69B)
Class [Lcom.android.build.gradle.internal.publishing.AndroidArtifacts$ArtifactScope;  : loaded 2 times (x 69B)
Class com.android.build.gradle.internal.dsl.InstrumentationImpl                       : loaded 2 times (x 77B)
Class com.android.build.gradle.internal.coverage.tasks.CodeCoverageReportTask$CoverageReportCreationAction: loaded 2 times (x 92B)
Class com.android.build.api.component.impl.DeviceTestImpl$optimizationCreationConfig$2: loaded 2 times (x 79B)
Class com.android.build.gradle.internal.core.MergedFlavor$Companion                   : loaded 2 times (x 71B)
Class com.android.build.gradle.internal.dsl.MinSdkSpecImpl$AgpDecorated_Decorated     : loaded 2 times (x 129B)
Class [Lcom.android.build.api.artifact.impl.InternalScopedArtifacts$InternalScope;    : loaded 2 times (x 69B)
Class com.android.build.gradle.internal.services.FakeDependencyJarBuildService$FakeDependencyJarCreator$Inject_: loaded 2 times (x 111B)
Class com.android.build.api.component.analytics.AnalyticsEnabledVariant$userVisibleUnitTest$2: loaded 2 times (x 79B)
Class com.android.build.gradle.internal.dsl.ComposeOptionsImpl_Decorated              : loaded 2 times (x 128B)
Class com.android.build.gradle.internal.dsl.decorator.DslDecorator$cache$1            : loaded 2 times (x 75B)
Class com.android.build.api.dsl.AndroidResources                                      : loaded 2 times (x 70B)
Class com.google.wireless.android.sdk.stats.GradleBuildVariant$VariantType            : loaded 2 times (x 87B)
Class org.jetbrains.kotlin.gradle.dsl.KotlinAndroidProjectExtension_Decorated         : loaded 2 times (x 185B)
Class org.jetbrains.kotlin.gradle.plugin.mpp.KotlinUsages                             : loaded 2 times (x 71B)
Class org.jetbrains.kotlin.gradle.internal.properties.NativePropertiesLoader$Companion: loaded 2 times (x 71B)
Class [Lorg.jetbrains.kotlin.build.report.metrics.GradleBuildPerformanceMetric;       : loaded 2 times (x 69B)
Class org.jetbrains.kotlin.gradle.plugin.statistics.BuildFusService$Companion         : loaded 2 times (x 71B)
Class com.android.ProgressManagerAdapter                                              : loaded 2 times (x 73B)
Class com.google.protobuf.DescriptorProtos$EnumValueDescriptorProto$Builder           : loaded 2 times (x 302B)
Class com.google.protobuf.DescriptorProtos$EnumValueOptionsOrBuilder                  : loaded 2 times (x 70B)
Class com.google.protobuf.ByteString$LeafByteString                                   : loaded 2 times (x 103B)
Class com.android.build.gradle.internal.tasks.CheckManifest$CreationAction            : loaded 2 times (x 90B)
Class com.google.protobuf.Descriptors$GenericDescriptor                               : loaded 2 times (x 75B)
Class com.android.build.gradle.internal.component.ComponentBasedBuiltInKotlinCreationConfig: loaded 2 times (x 104B)
Class com.android.ide.common.blame.MessageJsonSerializer                              : loaded 2 times (x 76B)
Class org.jetbrains.kotlin.gradle.tasks.TasksProviderKt                               : loaded 2 times (x 71B)
Class org.jetbrains.kotlin.gradle.plugin.diagnostics.ToolingDiagnostic                : loaded 2 times (x 72B)
Class org.jetbrains.kotlin.gradle.plugin.mpp.compilationImpl.DefaultKotlinCompilationConfigurationsContainer: loaded 2 times (x 84B)
Class com.android.build.gradle.internal.plugins.FusedLibraryPlugin                    : loaded 2 times (x 81B)
Class com.android.build.gradle.internal.services.RunOnceBuildServiceImpl$Inject_      : loaded 2 times (x 102B)
Class org.gradle.tooling.internal.adapter.ProtocolToModelAdapter$MixInBeanMappingAction: loaded 2 times (x 81B)
Class org.gradle.api.internal.classpath.EffectiveClassPath                            : loaded 2 times (x 90B)
Class kotlin.sequences.SequencesKt___SequencesKt$flatMap$2                            : loaded 2 times (x 125B)
Class jdk.internal.jimage.decompressor.ResourceDecompressorFactory                    : loaded 2 times (x 74B)
Class com.amazon.ion.impl.bin.IonManagedBinaryWriter$SymbolState$1                    : loaded 2 times (x 80B)
Class com.amazon.ion.impl.LocalSymbolTableAsStruct$Factory                            : loaded 2 times (x 79B)
Class [Lcom.amazon.ion.IonType;                                                       : loaded 2 times (x 69B)
Class com.intellij.gradle.toolingExtension.impl.model.sourceSetDependencyModel.GradleSourceSetDependencySerialisationService$SourceSetDependencyModelReadContext: loaded 2 times (x 72B)
Class com.intellij.gradle.toolingExtension.impl.model.dependencyModel.DependencyReadContext: loaded 2 times (x 72B)
Class org.jetbrains.kotlin.gradle.targets.js.ir.KotlinJsIrTarget                      : loaded 2 times (x 254B)
Class org.jetbrains.kotlin.gradle.plugin.HasCompilerOptions                           : loaded 2 times (x 70B)
Class org.jetbrains.kotlin.gradle.plugin.mpp.compilationImpl.DefaultKotlinCompilationFriendPathsResolver$FriendArtifactResolver: loaded 2 times (x 70B)
Class com.android.build.gradle.internal.scope.InternalArtifactType$BUILT_IN_KOTLINC   : loaded 2 times (x 74B)
Class com.android.build.gradle.internal.scope.InternalArtifactType$MERGED_TEST_ONLY_NATIVE_LIBS: loaded 2 times (x 74B)
Class com.android.build.gradle.internal.scope.InternalArtifactType$MERGED_JNI_LIBS    : loaded 2 times (x 74B)
Class com.android.build.gradle.internal.tasks.CompressAssetsTask                      : loaded 2 times (x 332B)
Class com.android.build.api.artifact.ArtifactTransformationRequest                    : loaded 2 times (x 70B)
Class com.android.build.api.artifact.ScopedArtifact$CLASSES                           : loaded 2 times (x 74B)
Class [Lcom.android.build.api.instrumentation.FramesComputationMode;                  : loaded 2 times (x 69B)
Class com.android.build.gradle.internal.tasks.ProcessNavigationXmlTask$ApplicationCreationAction: loaded 2 times (x 91B)
Class com.android.build.api.component.impl.ComponentImpl                              : loaded 2 times (x 208B)
Class com.android.build.gradle.internal.dsl.ModulePropertyKey$BooleanWithDefault      : loaded 2 times (x 84B)
Class com.android.build.api.variant.impl.HostTestBuilderImpl                          : loaded 2 times (x 89B)
Class com.android.build.gradle.internal.core.dsl.impl.VariantDslInfoImpl$nativeBuildDslInfo$2: loaded 2 times (x 79B)
Class com.android.build.gradle.internal.core.MergedAnnotationProcessorOptions         : loaded 2 times (x 107B)
Class com.android.build.api.artifact.Artifact$Replaceable                             : loaded 2 times (x 70B)
Class com.android.build.gradle.internal.services.TaskCreationServices                 : loaded 2 times (x 70B)
Class com.android.builder.model.SourceProvider                                        : loaded 2 times (x 70B)
Class com.android.utils.HelpfulEnumConverter                                          : loaded 2 times (x 92B)
Class com.android.build.api.dsl.ProductFlavor                                         : loaded 2 times (x 70B)
Class com.android.build.api.dsl.BaseFlavor                                            : loaded 2 times (x 70B)
Class org.jetbrains.kotlin.gradle.plugin.mpp.DefaultKotlinUsageContext                : loaded 2 times (x 93B)
Class org.jetbrains.kotlin.gradle.internal.properties.PropertiesBuildService$Companion: loaded 2 times (x 71B)
Class org.jetbrains.kotlin.gradle.dsl.KotlinJvmExtension                              : loaded 2 times (x 70B)
Class org.jetbrains.kotlin.gradle.plugin.KotlinMultiplatformPluginWrapper             : loaded 2 times (x 86B)
Class com.android.build.gradle.internal.services.AndroidLocationsBuildService$AndroidDirectoryCreator$Params: loaded 2 times (x 70B)
Class com.android.build.gradle.internal.services.Aapt2DaemonBuildService$RegistrationAction: loaded 2 times (x 74B)
Class com.android.build.gradle.internal.ide.dependencies.LibraryDependencyCacheBuildService$Parameters_Decorated: loaded 2 times (x 130B)
Class com.google.common.util.concurrent.AbstractFuture$UnsafeAtomicHelper             : loaded 2 times (x 78B)
Class com.google.common.collect.Ordering                                              : loaded 2 times (x 114B)
Class org.jetbrains.plugins.gradle.tooling.serialization.internal.IdeaProjectSerializationService: loaded 2 times (x 77B)
Class com.google.protobuf.AbstractMessageLite                                         : loaded 2 times (x 101B)
Class org.jetbrains.kotlin.idea.projectModel.KotlinTaskProperties                     : loaded 2 times (x 70B)
Class com.intellij.gradle.toolingExtension.impl.model.sourceSetDependencyModel.GradleSourceSetDependencyModelProvider: loaded 2 times (x 79B)
Class com.android.build.gradle.options.ReplacedOption                                 : loaded 2 times (x 85B)
Class [Lcom.android.build.gradle.options.OptionalBooleanOption;                       : loaded 2 times (x 69B)
Class com.android.build.api.variant.CanMinifyAndroidResourcesBuilder                  : loaded 2 times (x 70B)
Class com.android.build.gradle.internal.dsl.Lockable                                  : loaded 2 times (x 70B)
Class org.jetbrains.kotlin.gradle.idea.tcs.IdeaKotlinDependencyCoordinates            : loaded 2 times (x 70B)
Class com.google.common.collect.ImmutableMultimap$Values                              : loaded 2 times (x 126B)
Class com.android.builder.model.v2.ide.Installation                                   : loaded 2 times (x 70B)
Class org.jetbrains.plugins.gradle.model.ExternalSourceSet                            : loaded 2 times (x 70B)
Class com.amazon.ion.impl.bin.IonManagedBinaryWriter$SymbolState$2                    : loaded 2 times (x 80B)
Class com.amazon.ion.IonNull                                                          : loaded 2 times (x 70B)
Class com.intellij.gradle.toolingExtension.impl.model.warmUp.GradleTaskWarmUpRequest  : loaded 2 times (x 70B)
Class com.google.common.collect.ImmutableSortedAsList                                 : loaded 2 times (x 221B)
Class kotlin.text.RegexKt                                                             : loaded 2 times (x 71B)
Class kotlin.coroutines.intrinsics.IntrinsicsKt__IntrinsicsKt                         : loaded 2 times (x 71B)
Class org.jetbrains.kotlin.gradle.plugin.mpp.compilationImpl.KotlinCompilationConfigurationsContainer: loaded 2 times (x 70B)
Class org.jetbrains.kotlin.gradle.plugin.mpp.KotlinJvmAgpCompilationFactory           : loaded 2 times (x 81B)
Class com.android.build.gradle.internal.tasks.IncrementalTask                         : loaded 2 times (x 70B)
Class com.android.build.api.component.analytics.AnalyticsEnabledApplicationVariant$userVisiblePackaging$2: loaded 2 times (x 79B)
Class com.android.build.gradle.internal.utils.VariantPostCreationChecksKt             : loaded 2 times (x 71B)
Class com.android.build.gradle.internal.dsl.MinSdkDelegate$minSdk$1                   : loaded 2 times (x 79B)
Class com.android.build.gradle.internal.dsl.CompileSdkProperties                      : loaded 2 times (x 70B)
Class com.android.build.gradle.internal.dsl.decorator.DslDecorator$Companion$privateLookupInMethod$2: loaded 2 times (x 78B)
Class com.android.build.gradle.internal.dsl.TestOptions                               : loaded 2 times (x 118B)
Class com.android.build.gradle.internal.CompileOptions                                : loaded 2 times (x 94B)
Class com.android.build.gradle.internal.dsl.BundleOptionsDeviceTier                   : loaded 2 times (x 81B)
Class org.jetbrains.kotlin.gradle.plugin.sources.KotlinSourceSetFactory$Companion     : loaded 2 times (x 71B)
Class [Lcom.android.prefs.Global;                                                     : loaded 2 times (x 69B)
Class com.android.build.gradle.internal.services.ConfigPhaseFileCreator               : loaded 2 times (x 70B)
Class com.android.build.gradle.internal.services.Aapt2ThreadPoolBuildService$Params_Decorated: loaded 2 times (x 130B)
Class org.gradle.accessors.dm.LibrariesForLibsInPluginsBlock$PluginAccessors          : loaded 2 times (x 75B)
Class com.google.wireless.android.sdk.stats.GradleBuildProfile$1                      : loaded 2 times (x 151B)
Class com.android.build.gradle.options.SyncOptions$EvaluationMode                     : loaded 2 times (x 79B)
Class com.google.gson.internal.bind.TypeAdapters$33                                   : loaded 2 times (x 76B)
Class com.android.build.api.variant.HasTestFixtures                                   : loaded 2 times (x 70B)
Class org.gradle.tooling.internal.consumer.converters.BasicGradleProjectIdentifierMixin: loaded 2 times (x 73B)
Class org.gradle.tooling.model.idea.BasicIdeaProject                                  : loaded 2 times (x 70B)
Class org.gradle.tooling.internal.consumer.versioning.ModelMapping                    : loaded 2 times (x 73B)
Class com.android.builder.model.v2.models.ModelBuilderParameter                       : loaded 2 times (x 70B)
Class jdk.internal.jimage.ImageReader$Node                                            : loaded 2 times (x 84B)
Class com.amazon.ion.impl.bin.IonRawBinaryWriter$ContainerInfo                        : loaded 2 times (x 74B)
Class com.amazon.ion.impl.bin.IonManagedBinaryWriter$SymbolState$3                    : loaded 2 times (x 80B)
Class com.amazon.ion.impl.bin.IonRawBinaryWriter$StreamFlushMode                      : loaded 2 times (x 79B)
Class com.amazon.ion.IonBinaryWriter                                                  : loaded 2 times (x 70B)
Class com.intellij.gradle.toolingExtension.impl.model.sourceSetArtifactIndex.GradleSourceSetArtifactBuildRequest: loaded 2 times (x 70B)
Class kotlin.io.FilesKt__UtilsKt                                                      : loaded 2 times (x 71B)
Class com.google.common.collect.Lists$TransformingRandomAccessList                    : loaded 2 times (x 199B)
Class kotlin.collections.CollectionsKt__CollectionsJVMKt                              : loaded 2 times (x 71B)
Class org.gradle.api.internal.classpath.DefaultModuleRegistry                         : loaded 2 times (x 86B)
Class org.jetbrains.kotlin.gradle.plugin.mpp.compilationImpl.factory.CompositePostConfigure: loaded 2 times (x 75B)
Class com.android.build.gradle.internal.scope.InternalArtifactType$COMPRESSED_ASSETS  : loaded 2 times (x 74B)
Class com.android.build.gradle.internal.scope.InternalArtifactType$GENERATED_PNGS_RES : loaded 2 times (x 74B)
Class com.android.build.api.artifact.SingleArtifact$APK                               : loaded 2 times (x 74B)
Class com.android.build.api.artifact.SingleArtifact                                   : loaded 2 times (x 74B)
Class com.android.build.gradle.internal.dependency.VariantDependencies$Companion$computeLocalFileDependencies$2: loaded 2 times (x 75B)
Class com.android.build.gradle.internal.dependency.VariantDependencies$computeArtifactCollection$attributesAction$1: loaded 2 times (x 75B)
Class com.android.build.gradle.internal.TaskManager$createAssembleTask$1              : loaded 2 times (x 75B)
Class android.databinding.tool.DataBindingBuilder$GradleFileWriter                    : loaded 2 times (x 75B)
Class com.android.build.api.component.impl.DeviceTestImpl$packaging$2                 : loaded 2 times (x 79B)
Class com.android.build.api.component.impl.TestComponentImpl                          : loaded 2 times (x 357B)
Class com.android.build.gradle.internal.core.MergedExternalNativeNdkBuildOptions      : loaded 2 times (x 86B)
Class com.android.build.gradle.internal.core.MergedNdkConfig                          : loaded 2 times (x 95B)
Class com.android.build.gradle.internal.variant.VariantPathHelper$aarLocation$2       : loaded 2 times (x 79B)
Class com.android.build.gradle.internal.publishing.PublishedConfigSpec                : loaded 2 times (x 72B)
Class com.android.build.gradle.internal.ProguardFilesProvider                         : loaded 2 times (x 70B)
Class com.android.build.gradle.internal.dsl.ApplicationBuildFeaturesImpl              : loaded 2 times (x 120B)
Class [Lcom.android.build.api.artifact.Artifact$Category;                             : loaded 2 times (x 69B)
Class com.android.build.gradle.internal.dsl.KeepRulesImpl$AgpDecorated                : loaded 2 times (x 95B)
Class com.google.protobuf.UnknownFieldSet                                             : loaded 2 times (x 87B)
Class com.android.build.api.dsl.ApplicationPublishing                                 : loaded 2 times (x 70B)
Class com.google.wireless.android.sdk.stats.GradleBuildProfile$Builder                : loaded 2 times (x 348B)
Class org.jetbrains.kotlin.gradle.plugin.AndroidGradlePluginVersion$Companion         : loaded 2 times (x 71B)
Class com.google.protobuf.Descriptors$EnumDescriptor                                  : loaded 2 times (x 79B)
Class [Lcom.google.protobuf.Descriptors$OneofDescriptor;                              : loaded 2 times (x 69B)
Class org.jetbrains.kotlin.tooling.core.TypeUtils                                     : loaded 2 times (x 71B)
Class org.jetbrains.kotlin.gradle.plugin.AndroidGradlePluginVersionKt                 : loaded 2 times (x 71B)
Class org.jetbrains.kotlin.gradle.report.ConfigureReporingKt                          : loaded 2 times (x 71B)
Class org.jetbrains.kotlin.gradle.report.ReportingSettings$Companion                  : loaded 2 times (x 71B)
Class org.jetbrains.kotlin.gradle.plugin.mpp.KotlinTargetComponentWithPublication     : loaded 2 times (x 70B)
Class com.android.builder.errors.IssueReporter                                        : loaded 2 times (x 73B)
Class org.gradle.accessors.dm.LibrariesForLibsInPluginsBlock$AndroidxEspressoLibraryAccessors: loaded 2 times (x 77B)
Class org.gradle.accessors.dm.LibrariesForLibs$AndroidxComposeUiLibraryAccessors      : loaded 2 times (x 85B)
Class sync_studio_tooling10_d3a9yvy1oeu46htg93589bto3$_run_closure1                   : loaded 2 times (x 139B)
Class jdk.internal.jimage.BasicImageReader$1                                          : loaded 2 times (x 77B)
Class com.amazon.ion.impl.bin.IonManagedBinaryWriter$SymbolState$4                    : loaded 2 times (x 80B)
Class [Lcom.amazon.ion.util.InputStreamInterceptor;                                   : loaded 2 times (x 69B)
Class org.jetbrains.plugins.gradle.tooling.serialization.internal.IdeaProjectSerializationService$WriteContext$1: loaded 2 times (x 83B)
Class org.jetbrains.plugins.gradle.model.ExternalProject                              : loaded 2 times (x 70B)
Class kotlin.sequences.SequencesKt                                                    : loaded 2 times (x 71B)
Class kotlin.collections.CollectionsKt__IteratorsKt                                   : loaded 2 times (x 71B)
Class [Lorg.jetbrains.kotlin.tooling.core.HasMutableExtras;                           : loaded 2 times (x 69B)
Class com.android.build.gradle.internal.tasks.ProcessJavaResTask$CreationAction       : loaded 2 times (x 90B)
Class com.android.build.gradle.tasks.CompatibleScreensManifest                        : loaded 2 times (x 330B)
Class com.android.build.api.component.impl.features.InstrumentationCreationConfigImpl : loaded 2 times (x 83B)
Class com.android.build.gradle.internal.TaskManager$createAssembleTask$2              : loaded 2 times (x 75B)
Class com.android.build.api.component.impl.HostTestImpl$manifestPlaceholdersCreationConfig$2: loaded 2 times (x 79B)
Class com.android.build.api.component.UnitTest                                        : loaded 2 times (x 70B)
Class com.android.build.api.variant.impl.DependenciesInfoBuilderImpl_Decorated        : loaded 2 times (x 138B)
Class com.android.build.gradle.internal.VariantManager$createVariant$mappingScopePolicy$2: loaded 2 times (x 78B)
Class com.android.build.gradle.internal.core.MergedFlavor                             : loaded 2 times (x 202B)
Class com.android.build.gradle.internal.dsl.CompileSdkDelegate$compileSdk$2$1         : loaded 2 times (x 79B)
Class com.android.build.gradle.internal.services.FakeDependencyJarBuildService$FakeDependencyJarCreator$Params$Inject_: loaded 2 times (x 108B)
Class com.android.build.gradle.internal.dsl.SdkComponentsImpl$sdkDirectory$1          : loaded 2 times (x 75B)
Class com.android.build.gradle.api.AndroidArtifactVariant                             : loaded 2 times (x 70B)
Class com.android.build.gradle.internal.dsl.TestFixturesImpl                          : loaded 2 times (x 81B)
Class com.android.build.api.dsl.Installation                                          : loaded 2 times (x 70B)
Class org.jetbrains.kotlin.gradle.plugin.mpp.KotlinAndroidTargetVariantDslImpl        : loaded 2 times (x 75B)
Class org.jetbrains.kotlin.gradle.plugin.internal.DefaultCompatibilityConventionRegistrar: loaded 2 times (x 74B)
Class org.jetbrains.kotlin.gradle.plugin.PropertiesProvider                           : loaded 2 times (x 73B)
Class org.jetbrains.kotlin.gradle.plugin.DefaultKotlinBasePlugin$addKotlinCompilerConfiguration$1: loaded 2 times (x 75B)
Class org.jetbrains.kotlin.gradle.plugin.mpp.KotlinAndroidTarget                      : loaded 2 times (x 159B)
Class com.android.build.gradle.internal.services.Aapt2DaemonBuildService$Parameters   : loaded 2 times (x 72B)
Class com.google.protobuf.SmallSortedMap$EmptySet$1                                   : loaded 2 times (x 81B)
Class com.android.build.gradle.internal.variant.AbstractVariantInputManager$Companion : loaded 2 times (x 71B)
Class com.android.build.gradle.internal.dsl.decorator.SupportedPropertyType$Collection$Map: loaded 2 times (x 74B)
Class com.android.build.gradle.internal.dsl.SplitOptions                              : loaded 2 times (x 88B)
Class com.android.build.gradle.internal.dsl.LibraryPublishingImpl                     : loaded 2 times (x 86B)
Class com.android.build.gradle.internal.dsl.ConfigurableFilesImpl                     : loaded 2 times (x 80B)
Class com.google.common.base.Enums$StringConverter                                    : loaded 2 times (x 90B)
Class com.android.build.gradle.internal.api.DefaultAndroidSourceSet_Decorated         : loaded 2 times (x 273B)
Class com.android.builder.model.LintOptions                                           : loaded 2 times (x 70B)
Class com.android.build.gradle.internal.plugins.AndroidPluginBaseServices$androidProblemReporterProviderService$2$1: loaded 2 times (x 79B)
Class com.android.build.gradle.BaseExtension                                          : loaded 2 times (x 195B)
Class com.android.build.gradle.internal.plugins.VersionCheckPlugin$Companion          : loaded 2 times (x 71B)
Class org.gradle.tooling.internal.consumer.converters.BackwardsCompatibleIdeaModuleDependency: loaded 2 times (x 70B)
Class [Lcom.android.builder.model.v2.ide.CodeShrinker;                                : loaded 2 times (x 69B)
Class com.amazon.ion.impl.bin.utf8.Pool                                               : loaded 2 times (x 74B)
Class com.amazon.ion.impl._Private_SymtabExtendsCache                                 : loaded 2 times (x 72B)
Class org.jetbrains.plugins.gradle.tooling.serialization.internal.IdeaProjectSerializationService$WriteContext$2: loaded 2 times (x 83B)
Class kotlin.text.StringsKt                                                           : loaded 2 times (x 71B)
Class org.jetbrains.kotlin.gradle.plugin.mpp.compilationImpl.factory.KotlinCompilationImplFactory$KotlinCompilationOutputFactory: loaded 2 times (x 70B)
Class org.jetbrains.kotlin.gradle.plugin.mpp.compilationImpl.DefaultKotlinCompilationFriendPathsResolver$AdditionalAndroidFriendArtifactResolver: loaded 2 times (x 74B)
Class org.jetbrains.kotlin.gradle.internal.IsInIdeaEnvironmentValueSource             : loaded 2 times (x 80B)
Class com.android.build.gradle.internal.tasks.MergeNativeLibsTask                     : loaded 2 times (x 337B)
Class com.android.build.gradle.internal.res.LinkAndroidResForBundleTask$CreationAction: loaded 2 times (x 93B)
Class com.android.build.gradle.internal.tasks.CheckAarMetadataTask                    : loaded 2 times (x 337B)
Class com.android.build.gradle.internal.TaskManager$MergeType                         : loaded 2 times (x 80B)
Class com.android.build.api.artifact.Artifact$ContainsMany                            : loaded 2 times (x 70B)
Class com.android.build.gradle.internal.tasks.ExtractProfilerNativeDependenciesTask$CreationAction: loaded 2 times (x 90B)
Class com.android.build.api.component.impl.ComponentImpl$compileClasspath$2           : loaded 2 times (x 79B)
Class com.android.build.api.variant.AndroidTest                                       : loaded 2 times (x 70B)
Class com.android.build.gradle.internal.scope.TaskContainer                           : loaded 2 times (x 70B)
Class [Lcom.android.build.gradle.internal.core.dsl.ComponentDslInfo$DslDefinedHostTest;: loaded 2 times (x 69B)
Class com.google.common.base.CaseFormat$StringConverter                               : loaded 2 times (x 90B)
Class com.android.build.gradle.internal.dsl.BundleOptionsStoreArchive$AgpDecorated_Decorated: loaded 2 times (x 125B)
Class com.android.build.gradle.internal.dsl.AbstractPublishing                        : loaded 2 times (x 73B)
Class org.jetbrains.kotlin.gradle.plugin.mpp.KotlinAndroidTargetKt                    : loaded 2 times (x 71B)
Class org.jetbrains.kotlin.gradle.plugin.ProjectLocalConfigurations$setupAttributesMatchingStrategy$1$1: loaded 2 times (x 74B)
Class org.jetbrains.kotlin.gradle.targets.native.toolchain.KotlinNativeBundleBuildService$Companion$registerIfAbsent$2$1$1: loaded 2 times (x 75B)
Class org.jetbrains.kotlin.gradle.plugin.diagnostics.ProblemsReporter$Factory         : loaded 2 times (x 70B)
Class org.jetbrains.kotlin.gradle.plugin.KotlinCompilationToRunnableFiles             : loaded 2 times (x 70B)
Class com.google.protobuf.SmallSortedMap$EmptySet$2                                   : loaded 2 times (x 79B)
Class com.android.build.gradle.internal.profile.AnalyticsServiceApi                   : loaded 2 times (x 70B)
Class com.android.build.gradle.LintLifecycleExtensionImpl_Decorated                   : loaded 2 times (x 124B)
Class com.google.wireless.android.sdk.stats.GradleBuildProfileOrBuilder               : loaded 2 times (x 70B)
Class com.android.build.gradle.internal.TaskManager$Companion$createTasksBeforeEvaluate$3: loaded 2 times (x 74B)
Class com.android.build.gradle.internal.tasks.factory.GlobalTaskCreationAction        : loaded 2 times (x 89B)
Class com.android.build.gradle.internal.variant.VariantPathHelper$deploymentApkLocation$2: loaded 2 times (x 79B)
Class com.android.build.api.variant.HasAndroidTest                                    : loaded 2 times (x 70B)
Class org.gradle.accessors.dm.LibrariesForLibsInPluginsBlock$AndroidxComposeLibraryAccessors: loaded 2 times (x 79B)
Class org.gradle.tooling.model.GradleProject                                          : loaded 2 times (x 70B)
Class com.google.common.collect.ImmutableMultiset                                     : loaded 2 times (x 163B)
Class com.amazon.ion.impl._Private_IonSymbol                                          : loaded 2 times (x 70B)
Class com.amazon.ion.impl.lite.IonValueLite                                           : loaded 2 times (x 147B)
Class com.amazon.ion.IonContainer                                                     : loaded 2 times (x 70B)
Class com.amazon.ion.impl.bin.PooledBlockAllocatorProvider                            : loaded 2 times (x 73B)
Class org.jetbrains.plugins.gradle.tooling.serialization.AnnotationProcessingModelSerializationService$ReadContext: loaded 2 times (x 72B)
Class org.jetbrains.plugins.gradle.tooling.serialization.internal.IdeaProjectSerializationService$WriteContext$3: loaded 2 times (x 83B)
Class gnu.trove.TObjectHash$NULL                                                      : loaded 2 times (x 71B)
Class org.gradle.util.internal.DefaultGradleVersion$Stage                             : loaded 2 times (x 75B)
Class kotlin.coroutines.jvm.internal.RestrictedContinuationImpl                       : loaded 2 times (x 87B)
Class org.jetbrains.kotlin.tooling.core.ExtrasPropertyKt                              : loaded 2 times (x 71B)
Class org.jetbrains.kotlin.gradle.plugin.mpp.compilationImpl.KotlinCompilationSourceSetInclusion$include$1: loaded 2 times (x 79B)
Class org.jetbrains.kotlin.gradle.dsl.KotlinProjectExtensionKt                        : loaded 2 times (x 71B)
Class org.jetbrains.kotlin.gradle.plugin.mpp.compilationImpl.factory.KotlinCompilationImplFactory$KotlinCompilationDependencyConfigurationsFactory: loaded 2 times (x 70B)
Class org.jetbrains.kotlin.gradle.tasks.BaseKotlinCompile                             : loaded 2 times (x 70B)
Class org.jetbrains.kotlin.gradle.plugin.internal.UsesBuildIdProviderService          : loaded 2 times (x 70B)
Class org.jetbrains.kotlin.compilerRunner.CompilerSystemPropertiesService$Companion$registerIfAbsent$2$1$1: loaded 2 times (x 75B)
Class com.android.build.gradle.internal.feature.BundleAllClasses                      : loaded 2 times (x 328B)
Class com.android.build.api.variant.impl.JniLibsPackagingImpl                         : loaded 2 times (x 80B)
Class com.android.build.gradle.internal.tasks.MergeNativeLibsTask$CreationAction$handleProvider$1: loaded 2 times (x 127B)
Class com.android.build.gradle.tasks.CompileNavigationXmlTask$CreationAction$handleProvider$1: loaded 2 times (x 127B)
Class com.android.build.gradle.tasks.ProcessMultiApkApplicationManifest$CreationAction$handleProvider$1: loaded 2 times (x 127B)
Class com.android.build.gradle.tasks.TestReportTask$TestReportCreationAction          : loaded 2 times (x 92B)
Class com.android.build.api.variant.impl.ApplicationVariantBuilderImpl                : loaded 2 times (x 204B)
Class com.android.build.gradle.internal.core.dsl.impl.ConsumableComponentDslInfoImpl$optimizationDslInfo$2: loaded 2 times (x 79B)
Class com.android.build.gradle.internal.publishing.VariantPublishingInfo              : loaded 2 times (x 72B)
Class com.android.build.gradle.internal.dsl.BundleOptionsDeviceGroup$AgpDecorated_Decorated: loaded 2 times (x 130B)
Class com.android.build.gradle.internal.dsl.TestOptions$UnitTestOptions_Decorated     : loaded 2 times (x 130B)
Class com.android.build.gradle.internal.api.artifact.SourceArtifactType$KOTLIN_SOURCES: loaded 2 times (x 74B)
Class com.android.build.api.dsl.LibraryPublishing                                     : loaded 2 times (x 70B)
Class com.android.build.api.dsl.ApplicationBuildType                                  : loaded 2 times (x 70B)
Class org.jetbrains.kotlin.gradle.internal.ClassLoadersCachingBuildService$Companion$registerIfAbsent$1: loaded 2 times (x 75B)
Class org.jetbrains.kotlin.gradle.plugin.UsesKotlinGradleBuildServices                : loaded 2 times (x 70B)
Class org.jetbrains.kotlin.gradle.plugin.KotlinGradleBuildServices$Parameters_Decorated: loaded 2 times (x 130B)
Class org.jetbrains.kotlin.gradle.plugin.DefaultKotlinBasePlugin$addKotlinCompilerConfiguration$3: loaded 2 times (x 75B)
Class org.jetbrains.kotlin.gradle.internal.IdeaKt                                     : loaded 2 times (x 71B)
Class com.android.build.gradle.internal.SdkComponentsBuildService$Parameters_Decorated: loaded 2 times (x 151B)
Class [Lcom.google.protobuf.Internal$EnumLiteMap;                                     : loaded 2 times (x 69B)
Class com.google.protobuf.DescriptorProtos$FeatureSetOrBuilder                        : loaded 2 times (x 70B)
Class com.google.protobuf.SingleFieldBuilderV3                                        : loaded 2 times (x 84B)
Class com.google.protobuf.IterableByteBufferInputStream                               : loaded 2 times (x 92B)
Class com.android.build.api.variant.UnitTest                                          : loaded 2 times (x 70B)
Class com.android.build.gradle.internal.core.dsl.features.NativeBuildDslInfo          : loaded 2 times (x 70B)
Class com.google.common.collect.Maps$EntryTransformer                                 : loaded 2 times (x 70B)
Class com.android.build.gradle.internal.component.TaskCreationConfig                  : loaded 2 times (x 70B)
Class com.android.build.gradle.internal.services.DslServicesImpl                      : loaded 2 times (x 99B)
Class org.gradle.accessors.dm.LibrariesForLibs$AndroidxCoreLibraryAccessors           : loaded 2 times (x 77B)
Class org.gradle.tooling.internal.adapter.ProtocolToModelAdapter$MixInTypeMappingAction: loaded 2 times (x 81B)
Class com.android.build.gradle.internal.instrumentation.AsmClassVisitorsFactoryRegistry: loaded 2 times (x 72B)
Class com.android.build.api.component.impl.OldVariantApiLegacySupportImpl$outputs$2   : loaded 2 times (x 79B)
Class com.intellij.gradle.toolingExtension.impl.telemetry.GradleOpenTelemetry         : loaded 2 times (x 72B)
Class jdk.internal.jimage.decompressor.Decompressor                                   : loaded 2 times (x 72B)
Class jdk.internal.jimage.ImageReader$Resource                                        : loaded 2 times (x 84B)
Class org.jetbrains.plugins.gradle.tooling.serialization.internal.IdeaProjectSerializationService$WriteContext$4: loaded 2 times (x 83B)
Class com.intellij.gradle.toolingExtension.impl.model.sourceSetDependencyModel.GradleSourceSetDependencySerialisationService$Companion: loaded 2 times (x 71B)
Class [Lkotlin.Pair;                                                                  : loaded 2 times (x 69B)
Class kotlin.text.StringsKt__StringNumberConversionsKt                                : loaded 2 times (x 71B)
Class kotlin.io.FilesKt__FileReadWriteKt                                              : loaded 2 times (x 71B)
Class com.google.common.collect.UsingToStringOrdering                                 : loaded 2 times (x 114B)
Class kotlin.text.MatchNamedGroupCollection                                           : loaded 2 times (x 70B)
Class kotlin.jvm.internal.markers.KMutableList                                        : loaded 2 times (x 70B)
Class org.gradle.internal.service.ServiceLookupException                              : loaded 2 times (x 82B)
Class org.jetbrains.kotlin.gradle.plugin.hierarchy.KotlinSourceSetTreeClassifierKt$sourceSetTreeClassifier$2: loaded 2 times (x 78B)
Class org.jetbrains.kotlin.gradle.internal.IsInIdeaEnvironmentValueSource$Inject_     : loaded 2 times (x 100B)
Class com.android.build.gradle.internal.tasks.MergeNativeLibsTask$CreationAction$handleProvider$2: loaded 2 times (x 127B)
Class com.android.build.api.artifact.impl.OperationRequestsImplKt$toCreate$1          : loaded 2 times (x 75B)
Class com.android.build.gradle.internal.scope.InternalArtifactType$MERGED_RES_INCREMENTAL_FOLDER: loaded 2 times (x 74B)
Class com.android.build.gradle.internal.tasks.ApplicationIdWriterTask$CreationAction$handleProvider$1: loaded 2 times (x 127B)
Class com.android.build.gradle.internal.services.BuiltInKotlinSupportMode$Supported   : loaded 2 times (x 71B)
Class com.android.build.api.variant.impl.VariantImpl$nativeBuildCreationConfig$2      : loaded 2 times (x 79B)
Class org.jetbrains.kotlin.gradle.plugin.mpp.compilationImpl.KotlinCompilationLanguageSettingsConfigurator: loaded 2 times (x 74B)
Class com.android.build.gradle.internal.dsl.DexOptions_Decorated                      : loaded 2 times (x 156B)
Class com.android.build.api.dsl.BuildFeatures                                         : loaded 2 times (x 70B)
Class com.android.build.api.dsl.LintOptions                                           : loaded 2 times (x 70B)
Class com.android.build.gradle.api.BaseVariantOutput                                  : loaded 2 times (x 70B)
Class com.android.build.api.dsl.AndroidSourceDirectorySet                             : loaded 2 times (x 70B)
Class [Lcom.android.resources.ResourceEnum;                                           : loaded 2 times (x 69B)
Class com.android.builder.model.ApiVersion                                            : loaded 2 times (x 70B)
Class org.jetbrains.kotlin.gradle.plugin.mpp.KotlinUsageContext$MavenScope            : loaded 2 times (x 79B)
Class com.android.build.gradle.internal.plugins.BasePlugin$dslServices$2$1            : loaded 2 times (x 79B)
Class com.google.protobuf.NioByteString                                               : loaded 2 times (x 104B)
Class com.google.protobuf.DescriptorProtos$DescriptorProtoOrBuilder                   : loaded 2 times (x 70B)
Class [Lorg.jetbrains.kotlin.gradle.plugin.KotlinCompilation;                         : loaded 2 times (x 69B)
Class com.google.protobuf.FieldSet$FieldDescriptorLite                                : loaded 2 times (x 70B)
Class com.google.protobuf.ExtensionLite                                               : loaded 2 times (x 77B)
Class com.android.build.gradle.internal.tasks.MergeFileTask                           : loaded 2 times (x 327B)
Class org.gradle.internal.classloader.ClassLoaderVisitor                              : loaded 2 times (x 76B)
Class kotlin.sequences.SequencesKt___SequencesKt                                      : loaded 2 times (x 71B)
Class com.android.build.api.variant.HasTestSuites                                     : loaded 2 times (x 70B)
Class com.android.build.api.variant.HasTestFixturesBuilder                            : loaded 2 times (x 70B)
Class com.android.build.gradle.internal.core.SettingsOptions                          : loaded 2 times (x 72B)
Class org.jetbrains.kotlin.compose.compiler.gradle.ComposeCompilerGradleSubplugin$Companion: loaded 2 times (x 71B)
Class io.opentelemetry.context.ContextStorage                                         : loaded 2 times (x 70B)
Class com.intellij.gradle.toolingExtension.impl.model.projectModel.GradleExternalProjectModelProvider: loaded 2 times (x 79B)
Class com.google.gson.annotations.JsonAdapter                                         : loaded 2 times (x 70B)
Class jdk.internal.jrtfs.JrtFileAttributes                                            : loaded 2 times (x 83B)
Class com.amazon.ion.BufferConfiguration$Builder                                      : loaded 2 times (x 78B)
Class com.intellij.gradle.toolingExtension.util.GradleVersionSpecificsUtil            : loaded 2 times (x 71B)
Class org.jetbrains.plugins.gradle.tooling.serialization.internal.IdeaProjectSerializationService$WriteContext$5: loaded 2 times (x 83B)
Class com.intellij.gradle.toolingExtension.impl.model.sourceSetDependencyModel.GradleSourceSetDependencySerialisationService$SourceSetDependencyModelWriteContext: loaded 2 times (x 72B)
Class com.google.common.collect.ImmutableSortedSet                                    : loaded 2 times (x 300B)
Class org.gradle.internal.classloader.ClassLoaderFactory                              : loaded 2 times (x 70B)
Class org.jetbrains.kotlin.gradle.plugin.sources.AbstractKotlinSourceSet              : loaded 2 times (x 141B)
Class com.android.build.api.artifact.impl.OperationRequestsImplKt$toCreate$2          : loaded 2 times (x 75B)
Class com.android.build.gradle.internal.scope.InternalArtifactType$BASE_MODULE_METADATA: loaded 2 times (x 74B)
Class com.android.build.gradle.internal.dependency.VariantDependencies$computeArtifactCollection$attributesAction$1$1: loaded 2 times (x 79B)
Class [Lcom.google.wireless.android.sdk.stats.TestRun$TestExecution;                  : loaded 2 times (x 69B)
Class com.android.build.api.component.analytics.AnalyticsEnabledApplicationVariant$userVisibleAndroidTest$2: loaded 2 times (x 79B)
Class com.android.build.api.component.impl.HostTestImpl                               : loaded 2 times (x 437B)
Class com.android.build.api.variant.impl.SourcesImpl                                  : loaded 2 times (x 120B)
Class com.android.build.api.variant.impl.AndroidResourcesImpl                         : loaded 2 times (x 84B)
Class com.android.build.gradle.internal.tasks.factory.GlobalTaskCreationConfigImpl$buildToolsRevision$2: loaded 2 times (x 79B)
Class com.android.build.gradle.internal.dsl.LintImpl$severities$2                     : loaded 2 times (x 79B)
Class com.android.build.gradle.internal.api.artifact.SourceArtifactType$AIDL          : loaded 2 times (x 74B)
Class com.android.build.gradle.internal.api.DefaultAndroidSourceFile                  : loaded 2 times (x 88B)
Class com.android.build.api.dsl.CmakeFlags                                            : loaded 2 times (x 70B)
Class com.android.build.gradle.internal.dsl.KeepRulesImpl                             : loaded 2 times (x 90B)
Class org.jetbrains.kotlin.gradle.internal.properties.NativePropertiesLoader$nativeCacheKind$1: loaded 2 times (x 75B)
Class [Lorg.jetbrains.kotlin.build.report.metrics.ValueType;                          : loaded 2 times (x 69B)
Class org.jetbrains.kotlin.gradle.internal.diagnostics.AgpCompatibilityCheck          : loaded 2 times (x 71B)
Class com.google.protobuf.UnsafeUtil                                                  : loaded 2 times (x 71B)
Class com.google.protobuf.DescriptorProtos$FileDescriptorProto$1                      : loaded 2 times (x 151B)
Class com.google.wireless.android.sdk.stats.GradleBuildProject$CompileOptions         : loaded 2 times (x 199B)
Class com.google.wireless.android.sdk.stats.GradleProjectOptionsSettingsOrBuilder     : loaded 2 times (x 70B)
Class kotlin.text.MatcherMatchResult$groupValues$1                                    : loaded 2 times (x 198B)
Class com.android.build.gradle.internal.errors.SyncIssueReporterImpl$GlobalSyncIssueService$RegistrationAction: loaded 2 times (x 74B)
Class com.google.common.collect.ReverseNaturalOrdering                                : loaded 2 times (x 114B)
Class com.android.build.gradle.internal.utils.AnalyticsSettingsUtils                  : loaded 2 times (x 71B)
Class com.amazon.ion.impl.bin.IonManagedBinaryWriter$ImportedSymbolResolverMode$2     : loaded 2 times (x 80B)
Class io.opentelemetry.context.Scope                                                  : loaded 2 times (x 70B)
Class com.android.build.gradle.internal.plugins.AbstractAppPlugin                     : loaded 2 times (x 93B)
Class com.android.ide.common.blame.Message$Kind                                       : loaded 2 times (x 79B)
Class com.android.build.gradle.internal.plugins.KotlinMultiplatformAndroidPlugin      : loaded 2 times (x 81B)
Class com.android.build.gradle.internal.plugins.BasePlugin$lintDslLifecycleRegistrar$2: loaded 2 times (x 79B)
Class com.android.build.api.variant.HasHostTestsBuilder                               : loaded 2 times (x 70B)
Class com.android.build.api.variant.ComponentBuilder                                  : loaded 2 times (x 70B)
Class com.android.build.api.dsl.SettingsExtension                                     : loaded 2 times (x 70B)
Class com.android.build.api.dsl.CommonExtension                                       : loaded 2 times (x 70B)
Class org.gradle.tooling.internal.consumer.converters.EclipseProjectHasAutoBuildMixin : loaded 2 times (x 72B)
Class org.gradle.tooling.UnknownModelException                                        : loaded 2 times (x 83B)
Class com.android.builder.model.v2.ide.LibraryInfo                                    : loaded 2 times (x 70B)
Class com.google.common.base.CommonPattern                                            : loaded 2 times (x 74B)
Class com.amazon.ion.impl.bin.IntList                                                 : loaded 2 times (x 77B)
Class com.amazon.ion.impl._Private_RecyclingQueue$ElementIterator                     : loaded 2 times (x 82B)
Class com.amazon.ion.impl.lite._Private_LiteDomTrampoline                             : loaded 2 times (x 71B)
Class com.amazon.ion.IonType                                                          : loaded 2 times (x 79B)
Class org.jetbrains.plugins.gradle.tooling.serialization.internal.IdeaProjectSerializationService$WriteContext$6: loaded 2 times (x 83B)
Class org.jetbrains.plugins.gradle.tooling.util.IntObjectMap                          : loaded 2 times (x 73B)
Class org.gradle.internal.service.CachingServiceLocator                               : loaded 2 times (x 82B)
Class org.jetbrains.kotlin.compose.compiler.gradle.internal.ComposeWithAgpConfig$AgpConfigurationProvider$Default: loaded 2 times (x 74B)
Class org.jetbrains.kotlin.gradle.plugin.KotlinTargetConfiguratorKt$WhenMappings      : loaded 2 times (x 71B)
Class org.jetbrains.kotlin.project.model.LanguageSettings                             : loaded 2 times (x 70B)
Class com.android.build.gradle.internal.component.ComponentBasedBuiltInKotlinCreationConfig$kaptKotlinSourceOutputDir$2: loaded 2 times (x 79B)
Class com.android.build.api.artifact.impl.TypedStorageProvider$getArtifact$2$1$1      : loaded 2 times (x 79B)
Class com.android.build.gradle.internal.res.ParseLibraryResourcesTask$CreateAction    : loaded 2 times (x 90B)
Class com.android.build.gradle.tasks.TestReportTask$BaseCreationAction                : loaded 2 times (x 92B)
Class com.android.build.gradle.internal.feature.BundleAllClasses$CreationAction       : loaded 2 times (x 90B)
Class com.android.build.gradle.internal.tasks.ApkZipPackagingTask$CreationAction      : loaded 2 times (x 90B)
Class com.android.build.gradle.internal.tasks.ApplicationIdWriterTask$CreationAction  : loaded 2 times (x 90B)
Class com.google.wireless.android.sdk.stats.GradleBuildVariant$Java8LangSupport$1     : loaded 2 times (x 76B)
Class com.android.build.gradle.internal.component.AarCreationConfig                   : loaded 2 times (x 70B)
Class com.android.build.gradle.internal.dsl.TargetSdkSpecImpl$AgpDecorated            : loaded 2 times (x 85B)
Class [Lcom.android.buildanalyzer.common.TaskCategory;                                : loaded 2 times (x 69B)
Class com.android.build.gradle.options.BooleanOption                                  : loaded 2 times (x 89B)
Class com.android.build.gradle.internal.dsl.CoreExternalNativeBuildOptions            : loaded 2 times (x 70B)
Class org.jetbrains.kotlin.gradle.targets.native.KonanPropertiesBuildService$Parameters: loaded 2 times (x 70B)
Class org.jetbrains.kotlin.gradle.internal.IsInIdeaSyncValueSource$Inject_            : loaded 2 times (x 109B)
Class org.jetbrains.kotlin.gradle.plugin.internal.CompatibilityConventionRegistrar$Factory: loaded 2 times (x 70B)
Class com.google.protobuf.Descriptors$EnumValueDescriptor                             : loaded 2 times (x 79B)
Class com.android.utils.DateProvider                                                  : loaded 2 times (x 70B)
Class com.android.build.gradle.internal.utils.AnalyticsEnabledValueSource$Params      : loaded 2 times (x 70B)
Class [Lcom.android.build.gradle.options.IntegerOption;                               : loaded 2 times (x 69B)
Class com.google.gson.internal.$Gson$Preconditions                                    : loaded 2 times (x 71B)
Class com.android.build.api.variant.HasHostTests                                      : loaded 2 times (x 70B)
Class com.google.wireless.android.sdk.stats.GarbageCollectionStatsOrBuilder           : loaded 2 times (x 70B)
Class com.google.gson.annotations.SerializedName                                      : loaded 2 times (x 70B)
Class com.google.common.collect.AbstractMapBasedMultimap$KeySet                       : loaded 2 times (x 137B)
Class com.amazon.ion.impl.lite.ValueFactoryLite                                       : loaded 2 times (x 218B)
Class org.jetbrains.plugins.gradle.tooling.serialization.internal.IdeaProjectSerializationService$WriteContext$7: loaded 2 times (x 83B)
Class kotlin.jvm.internal.Intrinsics$Kotlin                                           : loaded 2 times (x 71B)
Class com.google.common.collect.RegularImmutableSortedSet                             : loaded 2 times (x 300B)
Class kotlin.collections.AbstractList$SubList                                         : loaded 2 times (x 198B)
Class kotlin.jvm.internal.CallableReference                                           : loaded 2 times (x 106B)
Class com.android.build.api.artifact.impl.InternalScopedArtifact                      : loaded 2 times (x 74B)
Class org.jetbrains.kotlin.compose.compiler.gradle.ComposeCompilerGradleSubplugin$applyToCompilation$1: loaded 2 times (x 75B)
Class org.jetbrains.kotlin.gradle.plugin.mpp.InternalKotlinCompilation$DefaultImpls   : loaded 2 times (x 71B)
Class org.jetbrains.kotlin.gradle.plugin.mpp.KotlinMetadataTarget                     : loaded 2 times (x 161B)
Class org.jetbrains.kotlin.gradle.plugin.mpp.compilationImpl.KotlinCompilationSourceSetInclusion$DefaultAddSourcesToCompileTask: loaded 2 times (x 74B)
Class org.jetbrains.kotlin.gradle.tasks.configuration.BaseKotlinCompileConfig$1$jvmToolchain$1: loaded 2 times (x 74B)
Class com.android.build.gradle.internal.tasks.MergeNativeLibsTask$CreationAction      : loaded 2 times (x 90B)
Class com.android.build.gradle.internal.core.dsl.impl.SigningConfigResolver           : loaded 2 times (x 72B)
Class com.google.wireless.android.sdk.stats.ApiVersion$1                              : loaded 2 times (x 151B)
Class com.android.build.gradle.internal.component.features.ResValuesCreationConfig    : loaded 2 times (x 70B)
Class com.android.build.gradle.internal.scope.InternalArtifactType                    : loaded 2 times (x 74B)
Class com.android.build.gradle.internal.dsl.SdkComponentsImpl$adb$1                   : loaded 2 times (x 75B)
Class com.android.build.gradle.internal.dsl.ManagedVirtualDeviceFactory               : loaded 2 times (x 75B)
Class com.android.build.gradle.internal.dsl.ManagedVirtualDevice                      : loaded 2 times (x 121B)
Class com.android.build.gradle.internal.api.AndroidSourceSetName                      : loaded 2 times (x 72B)
Class org.objectweb.asm.commons.InstructionAdapter                                    : loaded 2 times (x 188B)
Class com.android.build.api.dsl.BundleAbi                                             : loaded 2 times (x 70B)
Class org.jetbrains.kotlin.gradle.dsl.KotlinGradlePluginDsl                           : loaded 2 times (x 70B)
Class org.jetbrains.kotlin.tooling.core.MutableExtras                                 : loaded 2 times (x 70B)
Class com.android.build.gradle.internal.profile.AnalyticsService                      : loaded 2 times (x 110B)
Class org.jetbrains.kotlin.gradle.plugin.KotlinGradleBuildServices$detectKotlinPluginLoadedInMultipleProjects$onRegister$1: loaded 2 times (x 79B)
Class com.android.build.gradle.internal.services.BuiltInKotlinServicesKt$failIfIncompatiblePluginsArePresent$1: loaded 2 times (x 74B)
Class com.android.build.gradle.internal.services.LintClassLoaderBuildService          : loaded 2 times (x 80B)
Class com.android.utils.EnvironmentProvider$DirectEnvironmentProvider                 : loaded 2 times (x 80B)
Class org.jetbrains.kotlin.gradle.report.BuildMetricsService                          : loaded 2 times (x 86B)
Class org.jetbrains.kotlin.gradle.plugin.PropertiesProvider$classLoaderCacheTimeoutInSeconds$1: loaded 2 times (x 75B)
Class com.android.build.gradle.options.ProjectOptionService$RegistrationAction        : loaded 2 times (x 74B)
Class com.android.build.api.variant.ApplicationVariantBuilder                         : loaded 2 times (x 70B)
Class com.android.build.gradle.internal.services.DslServices                          : loaded 2 times (x 70B)
Class com.android.build.gradle.internal.dsl.BaseFlavor                                : loaded 2 times (x 428B)
Class com.android.build.gradle.internal.dsl.SigningConfigFactory                      : loaded 2 times (x 77B)
Class com.amazon.ion.impl.bin.WriteBuffer                                             : loaded 2 times (x 78B)
Class com.amazon.ion.impl.bin.IonManagedBinaryWriter                                  : loaded 2 times (x 166B)
Class org.jetbrains.plugins.gradle.tooling.serialization.internal.IdeaProjectSerializationService$WriteContext$8: loaded 2 times (x 83B)
Class gnu.trove.TObjectIntProcedure                                                   : loaded 2 times (x 70B)
Class [Lorg.gradle.api.JavaVersion;                                                   : loaded 2 times (x 69B)
Class kotlin.ranges.IntRange                                                          : loaded 2 times (x 93B)
Class org.gradle.tooling.model.idea.IdeaDependencyScope                               : loaded 2 times (x 70B)
Class org.jetbrains.kotlin.compose.compiler.gradle.ComposeCompilerGradleSubplugin$applyToCompilation$2: loaded 2 times (x 74B)
Class com.android.build.gradle.internal.TaskManager$addSubpluginOptionsForBuiltInKotlin$1: loaded 2 times (x 75B)
Class org.jetbrains.kotlin.gradle.plugin.mpp.KotlinWithJavaTarget                     : loaded 2 times (x 160B)
Class org.jetbrains.kotlin.gradle.utils.StoredPropertyKt$extrasStoredProperty$1       : loaded 2 times (x 78B)
Class org.jetbrains.kotlin.gradle.tasks.CompileUsingKotlinDaemon                      : loaded 2 times (x 70B)
Class com.android.build.gradle.internal.feature.BundleAllClasses$CreationAction$handleProvider$1: loaded 2 times (x 127B)
Class com.android.build.gradle.internal.res.ParseLibraryResourcesTask$CreateAction$handleProvider$1: loaded 2 times (x 127B)
Class com.android.build.gradle.internal.tasks.ValidateResourcesTask$CreateAction$handleProvider$1: loaded 2 times (x 127B)
Class com.android.build.gradle.tasks.TestReportTask$AggregatedTestReportCreationAction: loaded 2 times (x 92B)
Class com.android.build.api.component.impl.features.NativeBuildCreationConfigImpl$externalNativeBuild$2: loaded 2 times (x 79B)
Class [Lcom.android.build.VariantOutput$FilterType;                                   : loaded 2 times (x 69B)
Class com.android.build.api.variant.impl.ApplicationVariantImpl$androidResources$2    : loaded 2 times (x 79B)
Class com.android.build.api.variant.ApkOutputProviders                                : loaded 2 times (x 70B)
Class com.android.build.gradle.internal.core.dsl.ComponentDslInfo$DslDefinedHostTest  : loaded 2 times (x 72B)
Class com.android.build.gradle.internal.core.dsl.impl.features.OptimizationDslInfoImpl$mergeOptions$1: loaded 2 times (x 78B)
Class com.android.build.gradle.internal.tasks.BuildAnalyzer                           : loaded 2 times (x 70B)
Class com.android.builder.signing.DefaultSigningConfig$DebugSigningConfig             : loaded 2 times (x 72B)
Class com.android.build.gradle.internal.core.dsl.impl.features.DeviceTestOptionsDslInfoImpl: loaded 2 times (x 84B)
Class com.android.build.gradle.internal.core.dsl.features.TestOptionsDslInfo          : loaded 2 times (x 70B)
Class com.android.build.gradle.internal.dsl.BundleOptionsDensity$AgpDecorated         : loaded 2 times (x 81B)
Class com.android.build.gradle.internal.dsl.DexPackagingImpl$AgpDecorated             : loaded 2 times (x 83B)
Class com.android.build.VariantOutput                                                 : loaded 2 times (x 70B)
Class com.android.build.api.artifact.Artifact$Single                                  : loaded 2 times (x 74B)
Class com.android.build.api.dsl.Optimization                                          : loaded 2 times (x 70B)
Class com.android.build.gradle.internal.dsl.DependenciesInfoImpl                      : loaded 2 times (x 81B)
Class com.android.build.api.dsl.TestProductFlavor                                     : loaded 2 times (x 70B)
Class com.android.build.gradle.internal.services.BuiltInKotlinServicesKt$initBuiltInKaptSupportIfRequired$1: loaded 2 times (x 75B)
Class org.jetbrains.kotlin.gradle.plugin.KotlinPluginLifecycle$IllegalLifecycleException: loaded 2 times (x 82B)
Class org.jetbrains.kotlin.gradle.internal.properties.NativePropertiesLoader$userProvidedNativeHome$1: loaded 2 times (x 75B)
Class [Lorg.jetbrains.kotlin.build.report.metrics.BuildPerformanceMetric;             : loaded 2 times (x 69B)
Class org.jetbrains.kotlin.gradle.plugin.KotlinGradleFinishBuildHandler               : loaded 2 times (x 72B)
Class org.jetbrains.kotlin.gradle.dsl.KotlinTopLevelExtension                         : loaded 2 times (x 70B)
Class com.android.build.gradle.internal.services.BuiltInKotlinServicesKt$failIfIncompatiblePluginsArePresent$2: loaded 2 times (x 74B)
Class com.android.build.gradle.internal.services.AndroidLocationsBuildService$AndroidDirectoryCreator$Params$Inject_: loaded 2 times (x 108B)
Class com.android.prefs.LocationValue                                                 : loaded 2 times (x 70B)
Class com.android.build.gradle.internal.dsl.ShaderOptions                             : loaded 2 times (x 87B)
Class com.android.sdklib.AndroidVersion$PreviewType                                   : loaded 2 times (x 79B)
Class com.android.build.gradle.internal.res.Aapt2FromMaven$Companion$DefaultAapt2Version: loaded 2 times (x 71B)
Class com.android.build.gradle.internal.cxx.model.CxxAbiModel                         : loaded 2 times (x 72B)
Class com.android.build.gradle.internal.TaskManager$Companion$createTasksBeforeEvaluate$2: loaded 2 times (x 74B)
Class com.android.build.api.variant.impl.ApplicationAndroidResourcesBuilderImpl       : loaded 2 times (x 75B)
Class com.android.build.gradle.internal.plugins.DynamicFeaturePlugin                  : loaded 2 times (x 96B)
Class com.android.build.gradle.internal.core.dsl.impl.VariantDslInfoImpl$namespace$1  : loaded 2 times (x 75B)
Class com.android.build.api.artifact.Artifact$Appendable                              : loaded 2 times (x 70B)
Class com.google.common.collect.ImmutableMultimap                                     : loaded 2 times (x 147B)
Class com.android.builder.model.v2.ide.TestInfo                                       : loaded 2 times (x 70B)
Class com.amazon.ion.impl.lite.IonBlobLite                                            : loaded 2 times (x 219B)
Class com.amazon.ion.impl.LocalSymbolTable                                            : loaded 2 times (x 121B)
Class org.jetbrains.plugins.gradle.tooling.serialization.SerializationService         : loaded 2 times (x 70B)
Class org.jetbrains.kotlin.gradle.utils.StoredLazyProperty$getValue$1                 : loaded 2 times (x 79B)
Class org.jetbrains.kotlin.gradle.plugin.mpp.KotlinTargetWithBinaries                 : loaded 2 times (x 157B)
Class org.jetbrains.kotlin.gradle.plugin.ProjectLocalConfigurationsKt                 : loaded 2 times (x 71B)
Class [Lorg.jetbrains.kotlin.gradle.plugin.KotlinSourceSet;                           : loaded 2 times (x 69B)
Class org.jetbrains.kotlin.gradle.plugin.mpp.compilationImpl.factory.KotlinCompilationImplFactory: loaded 2 times (x 72B)
Class com.android.build.api.artifact.impl.TypedStorageProvider$getArtifact$2$1        : loaded 2 times (x 79B)
Class com.android.build.gradle.tasks.JavaPreCompileTask$CreationAction                : loaded 2 times (x 90B)
Class com.android.build.gradle.internal.publishing.AndroidArtifacts                   : loaded 2 times (x 71B)
Class com.android.build.gradle.internal.dependency.ConstraintHandler$checkConfigurationAlignments$1: loaded 2 times (x 75B)
Class com.android.build.gradle.internal.core.dsl.impl.features.OptimizationDslInfoImpl$mergeOptions$2: loaded 2 times (x 78B)
Class com.android.build.gradle.internal.dsl.MinSdkDelegate$minSdk$2$1                 : loaded 2 times (x 79B)
Class com.android.build.gradle.internal.core.SettingsOptionsKt                        : loaded 2 times (x 71B)
Class com.android.build.gradle.internal.dsl.BundleOptionsCodeTransparency$AgpDecorated: loaded 2 times (x 81B)
Class com.android.build.gradle.internal.api.artifact.SourceArtifactType$JAVA_RESOURCES: loaded 2 times (x 74B)
Class com.android.build.gradle.api.AndroidSourceFile                                  : loaded 2 times (x 70B)
Class org.objectweb.asm.commons.LocalVariablesSorter                                  : loaded 2 times (x 110B)
Class com.android.build.api.dsl.ViewBinding                                           : loaded 2 times (x 70B)
Class com.android.build.gradle.internal.dsl.DexPackagingImpl                          : loaded 2 times (x 70B)
Class com.android.build.gradle.internal.dsl.AssetPackBundleExtensionImpl              : loaded 2 times (x 70B)
Class com.android.build.gradle.internal.dsl.decorator.SupportedPropertyType$Var$String: loaded 2 times (x 74B)
Class org.jetbrains.kotlin.gradle.plugin.PropertiesProvider$localProperties$2         : loaded 2 times (x 79B)
Class com.android.build.gradle.internal.services.BuiltInKotlinServicesKt$failIfIncompatiblePluginsArePresent$3: loaded 2 times (x 74B)
Class com.android.build.gradle.internal.services.BuiltInKotlinServices$AvailabilityReason: loaded 2 times (x 70B)
Class com.android.prefs.PathLocator                                                   : loaded 2 times (x 73B)
Class com.google.wireless.android.sdk.stats.GradleBuildProfileSpan$1                  : loaded 2 times (x 151B)
Class com.android.build.api.artifact.Artifact$Multiple                                : loaded 2 times (x 74B)
Class com.android.build.api.artifact.impl.ArtifactTransformationRequestImpl           : loaded 2 times (x 76B)
Class com.android.tools.analytics.AnalyticsSettingsData$DataTypeAdapter               : loaded 2 times (x 73B)
Class org.jetbrains.kotlin.compilerRunner.CompilerSystemPropertiesService$Parameters_Decorated: loaded 2 times (x 130B)
Class org.jetbrains.kotlin.gradle.plugin.diagnostics.UsesKotlinToolingDiagnosticsParameters: loaded 2 times (x 70B)
Class org.jetbrains.kotlin.gradle.plugin.diagnostics.ToolingDiagnosticRenderingOptions: loaded 2 times (x 72B)
Class [Lorg.jetbrains.kotlin.gradle.dsl.KotlinVersion;                                : loaded 2 times (x 69B)
Class com.android.tools.idea.gradle.project.sync.SingleVariantSyncActionOptions       : loaded 2 times (x 73B)
Class com.android.builder.model.v2.ide.JavaCompileOptions                             : loaded 2 times (x 70B)
Class com.amazon.ion.IonList                                                          : loaded 2 times (x 70B)
Class org.jetbrains.plugins.gradle.tooling.serialization.internal.adapter.Supplier    : loaded 2 times (x 70B)
Class org.gradle.kotlin.dsl.TestImplementationConfigurationAccessorsKt                : loaded 2 times (x 71B)
Class com.android.build.gradle.tasks.KotlinCompileCreationAction                      : loaded 2 times (x 76B)
Class com.android.build.gradle.internal.scope.InternalArtifactType$SYMBOL_LIST_WITH_PACKAGE_NAME: loaded 2 times (x 74B)
Class com.android.build.gradle.internal.scope.InternalArtifactType$MERGED_MANIFESTS   : loaded 2 times (x 74B)
Class com.android.build.gradle.internal.VariantManager$createVariantsFromCombination$variantExtensionConfig$1: loaded 2 times (x 78B)
Class com.android.build.gradle.internal.core.dsl.impl.features.AndroidResourcesDslInfoImpl: loaded 2 times (x 81B)
Class com.android.build.api.component.impl.DeviceTestImpl$dexing$2                    : loaded 2 times (x 79B)
Class com.android.build.gradle.internal.core.dsl.ComponentDslInfo$DslDefinedDeviceTest: loaded 2 times (x 72B)
Class com.android.build.gradle.internal.lint.LintTaskManager$createBeforeEvaluateLintTasks$1: loaded 2 times (x 75B)
Class com.android.build.gradle.internal.lint.LintTaskManager$Companion                : loaded 2 times (x 71B)
Class com.android.build.gradle.internal.crash.ExternalApiUsageException               : loaded 2 times (x 82B)
Class [Lcom.android.build.api.variant.ScopedArtifacts$Scope;                          : loaded 2 times (x 69B)
Class com.android.build.gradle.api.ApplicationVariant                                 : loaded 2 times (x 70B)
Class com.android.build.gradle.internal.dsl.BundleOptionsCountrySet$AgpDecorated      : loaded 2 times (x 85B)
Class com.android.build.gradle.internal.dsl.EmulatorControl$AgpDecorated              : loaded 2 times (x 88B)
Class com.android.build.api.dsl.MinSdkSpec                                            : loaded 2 times (x 70B)
Class com.android.build.gradle.internal.dsl.JUnitEngineSpecImpl                       : loaded 2 times (x 84B)
Class com.android.build.gradle.internal.dsl.ApplicationPublishingImpl                 : loaded 2 times (x 81B)
Class org.jetbrains.kotlin.gradle.utils.WhenPluginEnabledKt$whenPluginsEnabled$1      : loaded 2 times (x 75B)
Class [Lorg.jetbrains.kotlin.gradle.report.BuildReportType;                           : loaded 2 times (x 69B)
Class org.jetbrains.kotlin.gradle.internal.properties.PropertiesBuildService$localProperties$2: loaded 2 times (x 79B)
Class org.jetbrains.kotlin.gradle.tasks.AbstractKotlinCompileTool                     : loaded 2 times (x 363B)
Class com.android.build.gradle.internal.errors.IncompatibleProjectOptionsReporter     : loaded 2 times (x 71B)
Class com.google.protobuf.DescriptorProtos$EnumDescriptorProto$Builder                : loaded 2 times (x 314B)
Class com.android.build.gradle.internal.profile.AnalyticsService$Params_Decorated     : loaded 2 times (x 151B)
Class com.google.wireless.android.sdk.stats.GradleBuildVariantOrBuilder               : loaded 2 times (x 70B)
Class com.android.sdklib.AndroidVersion                                               : loaded 2 times (x 75B)
Class com.android.build.api.variant.GeneratesApkBuilder                               : loaded 2 times (x 70B)
Class com.android.Version                                                             : loaded 2 times (x 71B)
Class org.jetbrains.kotlin.gradle.plugin.KotlinTargetWithTests                        : loaded 2 times (x 70B)
Class org.jetbrains.kotlin.gradle.idea.tcs.IdeaKotlinDependency                       : loaded 2 times (x 70B)
Class jdk.internal.jimage.ImageBufferCache                                            : loaded 2 times (x 71B)
Class jdk.internal.jrtfs.JrtPath                                                      : loaded 2 times (x 118B)
Class com.amazon.ion.IonSystem                                                        : loaded 2 times (x 70B)
Class com.amazon.ion.impl.bin.IonManagedBinaryWriter$ImportedSymbolContext            : loaded 2 times (x 72B)
Class kotlin.text.MatchResult$DefaultImpls                                            : loaded 2 times (x 71B)
Class org.gradle.tooling.model.idea.IdeaCompilerOutput                                : loaded 2 times (x 70B)
Class org.gradle.internal.classloader.ClasspathUtil                                   : loaded 2 times (x 71B)
Class org.jetbrains.kotlin.gradle.utils.StringUtilsKt$lowerCamelCaseName$1            : loaded 2 times (x 125B)
Class org.jetbrains.kotlin.gradle.plugin.mpp.compilationImpl.DefaultKotlinCompilationFriendPathsResolver$DefaultFriendArtifactResolver: loaded 2 times (x 74B)
Class org.jetbrains.kotlin.gradle.dsl.KotlinCompile                                   : loaded 2 times (x 70B)
Class org.jetbrains.kotlin.gradle.plugin.internal.DefaultConfigurationCacheStartParameterAccessor_Decorated: loaded 2 times (x 121B)
Class org.jetbrains.kotlin.gradle.plugin.internal.DefaultConfigurationCacheStartParameterAccessor: loaded 2 times (x 77B)
Class com.android.build.gradle.tasks.KotlinCompileCreationAction$getTaskProvider$1    : loaded 2 times (x 79B)
Class com.android.build.gradle.internal.component.ComponentBasedBuiltInKotlinCreationConfig$kaptSourceOutputDir$2: loaded 2 times (x 79B)
Class com.android.build.gradle.tasks.ManifestProcessorTask                            : loaded 2 times (x 331B)
Class com.android.build.gradle.internal.VariantManager$createVariantsFromCombination$8: loaded 2 times (x 79B)
Class com.android.build.api.variant.impl.MetadataRecord                               : loaded 2 times (x 72B)
Class com.android.build.gradle.internal.component.features.AndroidResourcesCreationConfig: loaded 2 times (x 70B)
Class com.android.build.gradle.internal.dsl.ApplicationExtensionImpl$sam$org_gradle_api_Action$0: loaded 2 times (x 75B)
Class com.google.common.base.Charsets                                                 : loaded 2 times (x 71B)
Class com.android.build.gradle.internal.dsl.ApplicationPublishingImpl$AgpDecorated_Decorated: loaded 2 times (x 130B)
Class com.android.build.api.dsl.ComposeOptions                                        : loaded 2 times (x 70B)
Class com.android.build.gradle.internal.dsl.NdkOptions$DebugSymbolLevel               : loaded 2 times (x 79B)
Class com.android.build.api.dsl.VectorDrawables                                       : loaded 2 times (x 70B)
Class com.android.build.gradle.internal.dsl.ViewBindingOptionsImpl                    : loaded 2 times (x 84B)
Class com.android.build.gradle.internal.dsl.ResourcesPackagingImpl                    : loaded 2 times (x 82B)
Class com.android.build.gradle.internal.dsl.BundleOptions                             : loaded 2 times (x 135B)
Class com.android.build.gradle.internal.services.BuiltInKotlinServicesKt$initBuiltInKotlinSupportIfRequired$3: loaded 2 times (x 75B)
Class org.jetbrains.kotlin.gradle.dsl.JvmTarget$Companion                             : loaded 2 times (x 71B)
Class org.jetbrains.kotlin.gradle.internal.properties.NativePropertiesLoader$downloadFromMaven$1: loaded 2 times (x 75B)
Class org.gradle.internal.classloader.DefaultClassLoaderFactory                       : loaded 2 times (x 82B)
Class com.android.build.gradle.internal.SdkComponentsBuildService$Parameters          : loaded 2 times (x 70B)
Class com.android.build.gradle.internal.services.AndroidLocationsBuildService$androidLocations$1$1: loaded 2 times (x 75B)
Class com.google.wireless.android.sdk.stats.GradleBuildProfileSpan$Builder            : loaded 2 times (x 316B)
Class com.google.protobuf.DescriptorProtos$EnumDescriptorProto                        : loaded 2 times (x 214B)
Class com.intellij.util.containers.IntObjectHashMap$ArrayProducer                     : loaded 2 times (x 70B)
Class com.android.build.gradle.options.FeatureStage$Supported                         : loaded 2 times (x 72B)
Class com.google.common.util.concurrent.MoreExecutors                                 : loaded 2 times (x 71B)
Class com.amazon.ion.impl.bin.IonManagedBinaryWriter$ImportedSymbolResolverMode$1     : loaded 2 times (x 80B)
Class org.gradle.tooling.internal.consumer.converters.GradleProjectIdentifierMixin    : loaded 2 times (x 73B)
Class com.intellij.util.ReflectionUtilRt                                              : loaded 2 times (x 71B)
Class org.jetbrains.kotlin.idea.gradleTooling.KotlinMPPGradleModel$Companion          : loaded 2 times (x 71B)
Class com.android.builder.model.v2.ide.ComponentInfo                                  : loaded 2 times (x 70B)
Class org.objectweb.asm.tree.MethodNode                                               : loaded 2 times (x 110B)
Class com.intellij.gradle.toolingExtension.impl.model.sourceSetModel.GradleSourceSetSerialisationService: loaded 2 times (x 77B)
Class kotlin.io.FileSystemException                                                   : loaded 2 times (x 82B)
Class com.android.build.gradle.internal.scope.InternalArtifactType$COMPILE_SYMBOL_LIST: loaded 2 times (x 74B)
Class com.android.build.api.artifact.impl.InAndOutDirectoryOperationRequestImpl$Companion$initializeInput$1: loaded 2 times (x 75B)
Class com.android.build.gradle.internal.core.dsl.HostTestComponentDslInfo             : loaded 2 times (x 70B)
Class [Lcom.android.build.api.variant.VariantOutputConfiguration$OutputType;          : loaded 2 times (x 69B)
Class com.android.build.api.component.impl.AnnotationProcessorImpl                    : loaded 2 times (x 77B)
Class com.android.build.api.variant.impl.PackagingImpl                                : loaded 2 times (x 80B)
Class com.android.build.api.component.analytics.AnalyticsEnabledApplicationVariantBuilder: loaded 2 times (x 200B)
Class [Lcom.android.build.gradle.internal.profile.ProfilingMode;                      : loaded 2 times (x 69B)
Class com.android.build.gradle.internal.dsl.TargetSdkVersionImpl                      : loaded 2 times (x 76B)
Class com.android.build.gradle.internal.TaskManager$ConfigAttrTask                    : loaded 2 times (x 312B)
Class com.android.builder.core.AbstractBuildType$Companion                            : loaded 2 times (x 71B)
Class com.android.builder.testing.api.TestServer                                      : loaded 2 times (x 74B)
Class com.android.build.gradle.internal.dsl.ShaderOptions_Decorated                   : loaded 2 times (x 131B)
Class com.android.build.api.dsl.KmpOptimization                                       : loaded 2 times (x 70B)
Class com.android.build.gradle.internal.dsl.decorator.SupportedPropertyType$Var       : loaded 2 times (x 74B)
Class com.android.builder.signing.DefaultSigningConfig                                : loaded 2 times (x 109B)
Class org.jetbrains.kotlin.gradle.plugin.internal.DefaultProjectIsolationStartParameterAccessor: loaded 2 times (x 77B)
Class org.jetbrains.kotlin.gradle.utils.GradleConfigurationUtilsKt$addGradlePluginMetadataAttributes$1: loaded 2 times (x 75B)
Class org.jetbrains.kotlin.gradle.dsl.KotlinAndroidExtension                          : loaded 2 times (x 70B)
Class org.jetbrains.kotlin.gradle.plugin.KaptExtension                                : loaded 2 times (x 136B)
Class org.jetbrains.kotlin.gradle.plugin.AbstractKotlinMultiplatformPluginWrapper     : loaded 2 times (x 86B)
Class com.android.build.gradle.internal.services.LintClassLoaderBuildService$RegistrationAction: loaded 2 times (x 74B)
Class com.android.build.gradle.internal.utils.GradleEnvironmentProvider               : loaded 2 times (x 70B)
Class [Lcom.google.wireless.android.sdk.stats.GradleBuildProfileSpan$ExecutionType;   : loaded 2 times (x 69B)
Class com.google.protobuf.SmallSortedMap$EmptySet                                     : loaded 2 times (x 71B)
Class com.google.protobuf.ByteString$2                                                : loaded 2 times (x 91B)
Class com.amazon.ion.impl.lite.IonSymbolLite                                          : loaded 2 times (x 246B)
Class com.android.tools.analytics.HostData$garbageCollectorBeans$2                    : loaded 2 times (x 78B)
Class com.android.build.gradle.internal.utils.AnalyticsSettingsUtils$analyticsEnabledProvider$1: loaded 2 times (x 74B)
Class [Lcom.amazon.ion.impl.bin.IonRawBinaryWriter$StreamCloseMode;                   : loaded 2 times (x 69B)
Class com.android.utils.Environment$Companion$SYSTEM$1                                : loaded 2 times (x 74B)
Class com.android.build.gradle.internal.TaskManager                                   : loaded 2 times (x 82B)
Class com.android.build.gradle.AppPluginKt                                            : loaded 2 times (x 71B)
Class org.gradle.accessors.dm.LibrariesForLibsInPluginsBlock$AndroidxLifecycleRuntimeLibraryAccessors: loaded 2 times (x 77B)
Class [Lorg.gradle.tooling.internal.adapter.MethodInvoker;                            : loaded 2 times (x 69B)
Class io.opentelemetry.context.propagation.TextMapGetter                              : loaded 2 times (x 70B)
Class com.google.common.base.Platform$JdkPatternCompiler                              : loaded 2 times (x 75B)
Class com.intellij.gradle.toolingExtension.impl.modelAction.GradleDaemonModelHolder   : loaded 2 times (x 76B)
Class com.android.tools.idea.gradle.project.sync.SyncActionOptions                    : loaded 2 times (x 72B)
Class com.android.builder.model.v2.dsl.BaseConfig                                     : loaded 2 times (x 70B)
Class com.amazon.ion.impl.lite.IonIntLite                                             : loaded 2 times (x 189B)
Class com.amazon.ion.impl._Private_IonReaderBuilder$TwoElementInputStream             : loaded 2 times (x 92B)
Class com.amazon.ion.util._Private_FastAppendable                                     : loaded 2 times (x 70B)
Class [Lcom.amazon.ion.impl.bin.IonRawBinaryWriter$PreallocationMode;                 : loaded 2 times (x 69B)
Class org.gradle.api.specs.Spec                                                       : loaded 2 times (x 70B)
Class org.jetbrains.kotlin.gradle.plugin.mpp.compilationImpl.KotlinCompilationImpl$Params: loaded 2 times (x 72B)
Class com.android.build.gradle.tasks.KotlinTaskCreationAction$registerTask$1          : loaded 2 times (x 75B)
Class org.jetbrains.kotlin.gradle.tasks.configuration.BaseKotlinCompileConfig$Companion: loaded 2 times (x 71B)
Class com.android.build.api.variant.ResourcesPackaging                                : loaded 2 times (x 70B)
Class com.android.build.gradle.internal.tasks.creationconfig.ProcessJavaResCreationConfig: loaded 2 times (x 70B)
Class com.android.build.gradle.internal.VariantTaskManager$checkMultidexDependency$1  : loaded 2 times (x 78B)
Class com.google.wireless.android.sdk.stats.GradleBuildSplits$1                       : loaded 2 times (x 76B)
Class com.android.build.gradle.internal.tasks.factory.TaskConfigAction                : loaded 2 times (x 70B)
Class com.android.build.gradle.internal.dsl.AndroidTestImpl$AgpDecorated_Decorated    : loaded 2 times (x 125B)
Class com.android.build.gradle.internal.ide.v2.NativeModelBuilder$configurationModels$2: loaded 2 times (x 79B)
Class com.android.build.api.artifact.impl.ScopedArtifactsImpl                         : loaded 2 times (x 75B)
Class com.android.build.api.artifact.impl.ArtifactsImpl                               : loaded 2 times (x 81B)
Class com.android.build.gradle.internal.core.ToolExecutionOptions                     : loaded 2 times (x 72B)
Class com.android.build.gradle.LintLifecycleExtensionImpl                             : loaded 2 times (x 80B)
Class com.android.build.gradle.internal.api.artifact.SourceArtifactType$JNI_LIBS      : loaded 2 times (x 74B)
Class com.android.build.gradle.internal.dsl.CoreShaderOptions                         : loaded 2 times (x 70B)
Class com.android.build.gradle.internal.dsl.decorator.SupportedPropertyType$Var$Custom: loaded 2 times (x 74B)
Class com.android.build.gradle.internal.dsl.AgpDslLockedException                     : loaded 2 times (x 82B)
Class com.android.build.gradle.internal.plugins.BasePlugin$variantInputModel$2$1      : loaded 2 times (x 79B)
Class org.jetbrains.kotlin.gradle.targets.native.toolchain.KotlinNativeBundleBuildService$Companion$registerIfAbsent$2$1: loaded 2 times (x 79B)
Class org.jetbrains.kotlin.build.report.metrics.GradleBuildPerformanceMetric$Companion: loaded 2 times (x 71B)
Class org.jetbrains.kotlin.gradle.plugin.internal.MavenPublicationComponentAccessor$Factory: loaded 2 times (x 70B)
Class com.android.build.gradle.internal.services.Aapt2DaemonBuildService              : loaded 2 times (x 80B)
Class com.android.build.gradle.internal.ide.v2.GlobalSyncService                      : loaded 2 times (x 80B)
Class [Lcom.google.protobuf.ProtocolMessageEnum;                                      : loaded 2 times (x 69B)
Class com.google.protobuf.LazyStringArrayList                                         : loaded 2 times (x 314B)
Class com.android.build.gradle.internal.scope.ProjectInfo                             : loaded 2 times (x 72B)
Class io.opentelemetry.api.GlobalOpenTelemetry                                        : loaded 2 times (x 71B)
Class com.android.build.api.variant.HasDeviceTestsBuilder                             : loaded 2 times (x 70B)
Class com.android.build.api.variant.HasAndroidResources                               : loaded 2 times (x 70B)
Class com.android.build.gradle.internal.component.VariantCreationConfig               : loaded 2 times (x 70B)
Class com.android.build.api.variant.VariantBuilder                                    : loaded 2 times (x 70B)
Class com.android.build.gradle.internal.dsl.InternalApplicationExtension              : loaded 2 times (x 70B)
Class io.opentelemetry.context.ThreadLocalContextStorage$ScopeImpl                    : loaded 2 times (x 79B)
Class jdk.internal.jimage.ImageReader$SharedImageReader$LocationVisitor               : loaded 2 times (x 70B)
Class com.amazon.ion.impl.lite.IonSexpLite                                            : loaded 2 times (x 490B)
Class com.amazon.ion.impl.lite.IonListLite                                            : loaded 2 times (x 490B)
Class com.amazon.ion.IonFloat                                                         : loaded 2 times (x 70B)
Class org.jetbrains.kotlin.tooling.core.ExtrasLazyProperty                            : loaded 2 times (x 70B)
Class org.jetbrains.kotlin.gradle.utils.StringUtilsKt                                 : loaded 2 times (x 71B)
Class com.android.build.gradle.internal.VariantTaskManager$checkMultidexDependency$2  : loaded 2 times (x 78B)
Class com.android.build.gradle.internal.HostTestTaskManager                           : loaded 2 times (x 82B)
Class com.android.build.api.variant.impl.AndroidResourcesImplKt                       : loaded 2 times (x 71B)
Class com.android.build.gradle.internal.core.dsl.impl.InstrumentedTestDslInfoImpl$functionalTest$2: loaded 2 times (x 74B)
Class com.android.build.VariantOutput$FilterType                                      : loaded 2 times (x 79B)
Class com.android.build.gradle.internal.variant.VariantPathHelper$apkLocation$2       : loaded 2 times (x 79B)
Class com.android.build.api.attributes.BuildTypeAttr$ImplFactory                      : loaded 2 times (x 75B)
Class com.android.builder.errors.IssueReporter$Type                                   : loaded 2 times (x 79B)
Class com.android.build.api.variant.AndroidResourcesBuilder                           : loaded 2 times (x 70B)
Class com.google.wireless.android.sdk.stats.GradleBuildSplits$2                       : loaded 2 times (x 76B)
Class com.android.build.gradle.api.AndroidBasePlugin                                  : loaded 2 times (x 74B)
Class com.android.build.gradle.internal.plugins.AppPlugin$ApplicationAndroidComponentsExtensionImplCompat_Decorated: loaded 2 times (x 162B)
Class com.android.build.gradle.internal.dsl.AbiSplitOptions$AgpDecorated              : loaded 2 times (x 98B)
Class com.android.build.api.artifact.Artifact$Category                                : loaded 2 times (x 79B)
Class com.android.build.gradle.internal.dsl.FusedLibraryExtensionImpl                 : loaded 2 times (x 104B)
Class com.android.build.gradle.internal.dsl.BundleOptionsAiModelVersion               : loaded 2 times (x 81B)
Class com.android.build.api.dsl.Publishing                                            : loaded 2 times (x 70B)
Class com.android.build.api.dsl.TargetSdkVersion                                      : loaded 2 times (x 70B)
Class org.jetbrains.kotlin.gradle.utils.CompletableFuture                             : loaded 2 times (x 70B)
Class org.jetbrains.kotlin.build.report.metrics.BuildPerformanceMetric                : loaded 2 times (x 70B)
Class org.jetbrains.kotlin.gradle.plugin.internal.JavaExecTaskParametersCompatibility : loaded 2 times (x 70B)
Class com.android.build.gradle.internal.BuildFeaturesUtils                            : loaded 2 times (x 71B)
Class [Lcom.android.build.gradle.internal.profile.AnalyticsConfiguratorService$State; : loaded 2 times (x 69B)
Class com.android.build.gradle.options.Option$Status$STABLE                           : loaded 2 times (x 71B)
Class com.google.protobuf.UninitializedMessageException                               : loaded 2 times (x 84B)
Class com.intellij.gradle.toolingExtension.impl.modelAction.GradleModelHolderState    : loaded 2 times (x 77B)
Class com.amazon.ion.impl.LocalSymbolTable$Factory                                    : loaded 2 times (x 77B)
Class com.amazon.ion.impl.bin.IonManagedBinaryWriter$ImportedSymbolResolverMode       : loaded 2 times (x 80B)
Class com.intellij.gradle.toolingExtension.impl.model.buildScriptClasspathModel.GradleBuildScriptClasspathSerializationService: loaded 2 times (x 77B)
Class Build_gradle$1                                                                  : loaded 2 times (x 74B)
Class com.android.build.gradle.internal.publishing.ArtifactCategory                   : loaded 2 times (x 79B)
Class com.android.build.gradle.internal.core.dsl.impl.AndroidTestComponentDslInfoImpl$dexingDslInfo$2: loaded 2 times (x 79B)
Class com.android.build.api.variant.ApplicationAndroidResources                       : loaded 2 times (x 70B)
Class com.android.build.api.variant.TestSuite                                         : loaded 2 times (x 70B)
Class com.google.wireless.android.sdk.stats.GradleBuildVariant$1                      : loaded 2 times (x 151B)
Class com.android.build.api.variant.impl.ApplicationVariantBuilderImpl$deviceTests$1  : loaded 2 times (x 79B)
Class com.google.wireless.android.sdk.stats.GradleBuildSplits$3                       : loaded 2 times (x 151B)
Class com.android.build.gradle.internal.plugins.BasePlugin$createTasks$2$1            : loaded 2 times (x 75B)
Class com.android.build.gradle.internal.ide.v2.NativeModelBuilder                     : loaded 2 times (x 87B)
Class com.android.build.gradle.internal.dsl.TestOptions$UnitTestOptions               : loaded 2 times (x 84B)
Class com.android.build.api.dsl.MultiDexConfig                                        : loaded 2 times (x 70B)
Class com.android.build.gradle.internal.dsl.AbiSplitOptions                           : loaded 2 times (x 95B)
Class com.android.build.gradle.api.BaseVariant                                        : loaded 2 times (x 70B)
Class org.jetbrains.kotlin.gradle.plugin.AndroidProjectHandler                        : loaded 2 times (x 72B)
Class org.jetbrains.kotlin.gradle.plugin.KotlinTarget                                 : loaded 2 times (x 70B)
Class com.android.build.gradle.internal.services.BuiltInKotlinServicesKt              : loaded 2 times (x 71B)
Class com.google.protobuf.Descriptors$ServiceDescriptor                               : loaded 2 times (x 76B)
Class com.google.protobuf.GeneratedMessageV3$1                                        : loaded 2 times (x 78B)
Class com.google.wireless.android.sdk.stats.GradleBuildProject$1                      : loaded 2 times (x 76B)
Class com.android.build.gradle.internal.profile.AnalyticsConfiguratorService$Params   : loaded 2 times (x 70B)
Class com.android.build.gradle.internal.lint.LintFromMaven                            : loaded 2 times (x 72B)
Class com.google.protobuf.GeneratedMessageV3$BuilderParent                            : loaded 2 times (x 70B)
Class com.google.protobuf.Internal$IntList                                            : loaded 2 times (x 70B)
Class io.opentelemetry.api.trace.SpanBuilder                                          : loaded 2 times (x 70B)
Class io.opentelemetry.api.DefaultOpenTelemetry                                       : loaded 2 times (x 89B)
Class org.jetbrains.kotlin.gradle.plugin.KotlinGradleBuildServices                    : loaded 2 times (x 80B)
Class org.jetbrains.kotlin.gradle.internal.properties.PropertiesBuildService$MemoizedCallable$value$2: loaded 2 times (x 79B)
Class org.gradle.tooling.model.BuildModel                                             : loaded 2 times (x 70B)
Class com.google.common.base.Platform                                                 : loaded 2 times (x 71B)
Class jdk.internal.jimage.decompressor.ResourceDecompressorRepository                 : loaded 2 times (x 71B)
Class com.amazon.ion.impl.LocalSymbolTableAsStruct                                    : loaded 2 times (x 126B)
Class com.amazon.ion.impl.lite.IonTimestampLite                                       : loaded 2 times (x 192B)
Class kotlin.text.StringsKt__RegexExtensionsKt                                        : loaded 2 times (x 71B)
Class kotlin.collections.EmptyIterator                                                : loaded 2 times (x 89B)
Class org.jetbrains.kotlin.gradle.plugin.mpp.compilationImpl.KotlinCompilationSourceSetsContainer: loaded 2 times (x 70B)
Class org.jetbrains.kotlin.gradle.plugin.diagnostics.KotlinToolingDiagnosticsCollector$Parameter: loaded 2 times (x 70B)
Class org.jetbrains.kotlin.gradle.plugin.diagnostics.KotlinToolingDiagnosticsCollectorKt$kotlinToolingDiagnosticsCollectorProvider$1: loaded 2 times (x 75B)
Class org.jetbrains.kotlin.compilerRunner.CompilerSystemPropertiesService$Parameters  : loaded 2 times (x 70B)
Class com.android.build.api.artifact.ScopedArtifact                                   : loaded 2 times (x 74B)
Class com.android.build.gradle.internal.scope.InternalMultipleArtifactType$AGGREGATED_CODE_COVERAGE_DATA: loaded 2 times (x 74B)
Class com.android.build.api.variant.ApplicationAndroidResourcesBuilder                : loaded 2 times (x 70B)
Class com.android.build.gradle.internal.core.dsl.impl.DslInfoBuilder$computeNames$1   : loaded 2 times (x 79B)
Class org.jetbrains.kotlin.gradle.targets.native.toolchain.KotlinNativeBundleBuildService: loaded 2 times (x 77B)
Class com.android.build.gradle.internal.ide.v2.ModelBuilder                           : loaded 2 times (x 80B)
Class com.android.build.gradle.internal.dsl.JniLibsPackagingImpl$AgpDecorated         : loaded 2 times (x 93B)
Class com.android.build.api.artifact.ArtifactKind$FILE                                : loaded 2 times (x 72B)
Class com.android.build.gradle.internal.dsl.AnnotationProcessorOptions                : loaded 2 times (x 102B)
Class com.android.build.gradle.internal.dsl.AarMetadataImpl                           : loaded 2 times (x 70B)
Class com.android.build.gradle.internal.dsl.decorator.SupportedPropertyType$Var$Boolean: loaded 2 times (x 74B)
Class com.android.build.gradle.internal.dsl.VariantDimensionBinaryCompatibilityFix    : loaded 2 times (x 70B)
Class org.jetbrains.kotlin.gradle.plugin.ProjectLocalConfigurations                   : loaded 2 times (x 71B)
Class org.jetbrains.kotlin.gradle.plugin.mpp.KotlinUsages$KotlinUsagesDisambiguation  : loaded 2 times (x 76B)
Class org.jetbrains.kotlin.tooling.core.Extras$Key$Companion                          : loaded 2 times (x 71B)
Class org.jetbrains.kotlin.tooling.core.Extras$Key                                    : loaded 2 times (x 72B)
Class com.android.build.gradle.internal.utils.GradleEnvironmentProviderImpl           : loaded 2 times (x 76B)
Class com.google.protobuf.Descriptors$DescriptorPool                                  : loaded 2 times (x 72B)
Class com.google.wireless.android.sdk.stats.GradleBuildProject$2                      : loaded 2 times (x 151B)
Class com.google.protobuf.Internal$LongList                                           : loaded 2 times (x 70B)
Class com.google.gson.internal.$Gson$Types                                            : loaded 2 times (x 71B)
Class com.google.gson.JsonDeserializer                                                : loaded 2 times (x 70B)
Class org.jetbrains.kotlin.gradle.targets.native.toolchain.KotlinNativeBundleBuildService$Parameters: loaded 2 times (x 70B)
Class org.jetbrains.kotlin.gradle.tasks.DefaultKotlinJavaToolchain                    : loaded 2 times (x 77B)
Class com.android.build.gradle.options.OptionalBooleanOption                          : loaded 2 times (x 85B)
Class com.android.build.gradle.internal.plugins.BasePlugin$variantInputModel$2        : loaded 2 times (x 79B)
Class com.android.build.gradle.internal.variant.ApplicationVariantFactory             : loaded 2 times (x 106B)
Class org.gradle.accessors.dm.LibrariesForLibsInPluginsBlock                          : loaded 2 times (x 82B)
Class io.opentelemetry.context.propagation.TextMapPropagator                          : loaded 2 times (x 70B)
Class org.jetbrains.kotlin.gradle.tasks.DefaultKotlinJavaToolchain$Companion          : loaded 2 times (x 71B)
Class com.android.build.gradle.internal.dsl.BuildTypeFactory                          : loaded 2 times (x 77B)
Class com.android.build.api.dsl.AssetPackBundleExtension                              : loaded 2 times (x 70B)
Class com.android.build.api.dsl.JniLibsPackaging                                      : loaded 2 times (x 70B)
Class com.android.build.gradle.internal.TaskManager$Companion$createTasksBeforeEvaluate$1: loaded 2 times (x 74B)
Class com.intellij.gradle.toolingExtension.modelAction.GradleProjectLoadedModelFetchPhase: loaded 2 times (x 81B)
Class com.android.builder.model.v2.dsl.ProductFlavor                                  : loaded 2 times (x 70B)
Class [Lcom.android.builder.model.v2.ide.TestInfo$Execution;                          : loaded 2 times (x 69B)
Class com.google.gson.internal.reflect.ReflectionHelper$RecordNotSupportedHelper      : loaded 2 times (x 78B)
Class jdk.internal.jimage.ImageReader$Directory                                       : loaded 2 times (x 84B)
Class com.amazon.ion.IonString                                                        : loaded 2 times (x 70B)
Class org.jetbrains.plugins.gradle.model.GradleSourceSetDependencyModel               : loaded 2 times (x 70B)
Class kotlin.io.FilePathComponents                                                    : loaded 2 times (x 72B)
Class com.google.common.collect.CompoundOrdering                                      : loaded 2 times (x 115B)
Class kotlin.sequences.SequencesKt__SequencesJVMKt                                    : loaded 2 times (x 71B)
Class kotlin.coroutines.jvm.internal.RestrictedSuspendLambda                          : loaded 2 times (x 91B)
Class org.jetbrains.kotlin.gradle.plugin.sources.DefaultKotlinSourceSetKt             : loaded 2 times (x 71B)
Class com.android.build.gradle.internal.scope.InternalArtifactType$STABLE_RESOURCE_IDS_FILE: loaded 2 times (x 74B)
Class com.android.build.api.component.impl.features.AndroidResourcesCreationConfigImpl: loaded 2 times (x 90B)
Class com.android.build.api.variant.impl.ApplicationVariantImpl$packaging$2           : loaded 2 times (x 79B)
Class com.android.build.api.variant.impl.VariantImpl$buildConfigFields$2              : loaded 2 times (x 79B)
Class com.android.build.api.component.impl.ComponentImpl$builtInKaptSupportMode$2     : loaded 2 times (x 79B)
Class com.android.build.gradle.internal.core.dsl.features.OptimizationDslInfo         : loaded 2 times (x 70B)
Class com.android.build.api.artifact.impl.ArtifactContainer                           : loaded 2 times (x 75B)
Class com.android.builder.core.DefaultApiVersion                                      : loaded 2 times (x 77B)
Class com.android.build.gradle.internal.core.dsl.impl.ApplicationVariantDslInfoImpl$versionName$2: loaded 2 times (x 79B)
Class com.android.build.gradle.internal.core.dsl.impl.ComponentDslInfoImpl$1          : loaded 2 times (x 78B)
Class com.android.build.gradle.internal.utils.SdkUtilsKt                              : loaded 2 times (x 71B)
Class com.android.build.gradle.internal.lint.AndroidLintGlobalTask$GlobalCreationAction: loaded 2 times (x 91B)
Class com.android.build.gradle.internal.api.VariantFilter                             : loaded 2 times (x 80B)
Class com.android.build.gradle.internal.dsl.BundleOptionsTexture$AgpDecorated         : loaded 2 times (x 85B)
Class com.android.build.api.dsl.ManagedVirtualDevice                                  : loaded 2 times (x 70B)
Class com.android.build.gradle.internal.dsl.TestFixturesImpl_Decorated                : loaded 2 times (x 127B)
Class com.android.build.api.dsl.SdkComponents                                         : loaded 2 times (x 70B)
Class com.android.build.gradle.internal.coverage.JacocoOptions                        : loaded 2 times (x 85B)
Class com.android.build.api.artifact.ArtifactKind$DIRECTORY                           : loaded 2 times (x 72B)
Class com.android.build.api.artifact.impl.SingleArtifactContainer                     : loaded 2 times (x 75B)
Class com.android.build.api.dsl.TestOptions                                           : loaded 2 times (x 70B)
Class com.android.build.api.dsl.AbiSplit                                              : loaded 2 times (x 70B)
Class com.android.build.api.dsl.LibraryVariantDimension                               : loaded 2 times (x 70B)
Class org.jetbrains.kotlin.gradle.plugin.mpp.HierarchyAttributeContainer$1            : loaded 2 times (x 78B)
Class org.jetbrains.kotlin.gradle.dsl.ToolchainSupport                                : loaded 2 times (x 70B)
Class com.android.build.gradle.internal.variant.VariantPathHelper$baseName$2          : loaded 2 times (x 79B)
Class org.jetbrains.kotlin.gradle.plugin.KotlinJsPluginWrapper                        : loaded 2 times (x 86B)
Class org.jetbrains.kotlin.gradle.plugin.mpp.InternalKotlinTarget                     : loaded 2 times (x 70B)
Class org.jetbrains.kotlin.gradle.dsl.KotlinJvmOptions                                : loaded 2 times (x 70B)
Class com.android.build.gradle.internal.services.FakeDependencyJarBuildService$RegistrationAction: loaded 2 times (x 74B)
Class com.android.utils.EnvironmentProvider                                           : loaded 2 times (x 70B)
Class com.google.protobuf.DescriptorProtos$EnumDescriptorProtoOrBuilder               : loaded 2 times (x 70B)
Class [Lcom.google.wireless.android.sdk.stats.GradleBuildProject$PluginType;          : loaded 2 times (x 69B)
Class com.android.build.api.variant.ResValue$Key                                      : loaded 2 times (x 70B)
Class com.google.common.util.concurrent.AbstractFuture$SynchronizedHelper             : loaded 2 times (x 78B)
Class com.google.protobuf.InvalidProtocolBufferException                              : loaded 2 times (x 88B)
Class com.google.common.collect.EnumHashBiMap                                         : loaded 2 times (x 159B)
Class io.opentelemetry.context.ArrayBasedContext                                      : loaded 2 times (x 100B)
Class com.amazon.ion.BufferConfiguration                                              : loaded 2 times (x 73B)
Class com.amazon.ion.system.SimpleCatalog                                             : loaded 2 times (x 91B)
Class com.intellij.gradle.toolingExtension.impl.model.taskModel.GradleTaskSerialisationService: loaded 2 times (x 76B)
Class com.android.ide.gradle.model.LegacyV1AgpVersionModel                            : loaded 2 times (x 70B)
Class kotlin.text.StringsKt__StringBuilderJVMKt                                       : loaded 2 times (x 71B)
Class com.google.common.collect.ImmutableRangeSet$Builder                             : loaded 2 times (x 77B)
Class kotlin.text.Regex                                                               : loaded 2 times (x 72B)
Class kotlin.sequences.SequencesKt__SequenceBuilderKt$sequence$$inlined$Sequence$1    : loaded 2 times (x 75B)
Class kotlin.Triple                                                                   : loaded 2 times (x 72B)
Class org.jetbrains.kotlin.gradle.plugin.hierarchy.KotlinSourceSetTreeClassifier$Property: loaded 2 times (x 72B)
Class org.jetbrains.kotlin.gradle.dsl.KotlinCommonCompilerOptionsHelper               : loaded 2 times (x 71B)
Class com.android.build.gradle.tasks.MergeSourceSetFolders$MergeAssetCreationAction$handleProvider$1: loaded 2 times (x 127B)
Class com.android.build.gradle.internal.scope.InternalArtifactType$COMPILED_NAVIGATION_RES: loaded 2 times (x 74B)
Class com.android.build.gradle.internal.scope.InternalArtifactType$AGGREGATED_CODE_COVERAGE_HTML_REPORT: loaded 2 times (x 74B)
Class com.android.build.gradle.internal.VariantTaskManager$createTasks$1              : loaded 2 times (x 75B)
Class com.android.build.gradle.internal.tasks.ModuleMetadataWriterTask$CreationAction : loaded 2 times (x 90B)
Class com.android.build.gradle.internal.core.dsl.impl.DslInfoCommonKt$getTestComponentNamespace$2$1: loaded 2 times (x 75B)
Class com.android.build.api.variant.impl.ApplicationVariantImpl$addVariantOutput$1    : loaded 2 times (x 75B)
Class com.android.build.api.variant.impl.VariantImpl$resValues$2                      : loaded 2 times (x 79B)
Class com.android.build.gradle.internal.component.legacy.OldVariantApiLegacySupport   : loaded 2 times (x 70B)
Class com.android.build.gradle.internal.core.dsl.impl.ComponentDslInfoImpl$2          : loaded 2 times (x 78B)
Class com.google.wireless.android.sdk.stats.GradleBuildProject$CompileOptions$1       : loaded 2 times (x 151B)
Class com.android.build.api.variant.ScopedArtifacts$Scope                             : loaded 2 times (x 79B)
Class com.android.build.gradle.internal.dsl.BundleOptions$AgpDecorated_Decorated      : loaded 2 times (x 195B)
Class com.android.build.gradle.internal.CompileOptions$AgpDecorated                   : loaded 2 times (x 97B)
Class com.android.build.gradle.internal.dsl.AbiSplitOptions$AgpDecorated_Decorated    : loaded 2 times (x 144B)
Class com.android.build.gradle.internal.dsl.BuildFeaturesImpl                         : loaded 2 times (x 110B)
Class com.android.build.gradle.internal.dsl.ExternalNativeNdkBuildOptions             : loaded 2 times (x 109B)
Class com.android.build.gradle.internal.dsl.CmakeOptions                              : loaded 2 times (x 98B)
Class com.android.build.api.variant.LifecycleTasks                                    : loaded 2 times (x 70B)
Class com.google.wireless.android.sdk.stats.GradleBuildVariant$VariantType$1          : loaded 2 times (x 76B)
Class org.jetbrains.kotlin.gradle.internal.properties.PropertiesBuildService$property$1$valueFromGradleAndLocalProperties$1: loaded 2 times (x 75B)
Class org.jetbrains.kotlin.gradle.plugin.KotlinPluginWrapperKt$kotlinToolingVersion$2 : loaded 2 times (x 78B)
Class com.android.build.gradle.internal.errors.OptionInfo                             : loaded 2 times (x 72B)
Class com.android.build.gradle.internal.services.AndroidLocationsBuildService$AndroidDirectoryCreator$Params_Decorated: loaded 2 times (x 132B)
Class com.android.build.gradle.internal.ide.v2.GlobalSyncService$RegistrationAction   : loaded 2 times (x 74B)
Class com.android.build.gradle.internal.ide.dependencies.MavenCoordinatesCacheBuildService$Parameters: loaded 2 times (x 70B)
Class com.google.protobuf.Extension                                                   : loaded 2 times (x 85B)
Class com.google.wireless.android.sdk.stats.GradleBuildProfile                        : loaded 2 times (x 248B)
Class com.google.protobuf.MessageOrBuilder                                            : loaded 2 times (x 70B)
Class com.android.build.api.component.impl.ComponentImpl$instrumentationCreationConfig$2: loaded 2 times (x 79B)
Class com.android.build.gradle.internal.VariantManager$createVariantsFromCombination$3$1: loaded 2 times (x 79B)
Class org.gradle.internal.impldep.com.google.common.base.Preconditions                : loaded 2 times (x 71B)
Class org.gradle.tooling.model.idea.IdeaSingleEntryLibraryDependency                  : loaded 2 times (x 70B)
Class org.gradle.tooling.model.ExternalDependency                                     : loaded 2 times (x 70B)
Class com.android.tools.idea.gradle.project.sync.ModelConsumerVersion                 : loaded 2 times (x 75B)
Class com.google.common.graph.SuccessorsFunction                                      : loaded 2 times (x 70B)
Class org.jetbrains.plugins.gradle.tooling.util.IntObjectMap$1                        : loaded 2 times (x 77B)
Class org.gradle.internal.classloader.VisitableURLClassLoader$InstrumentingVisitableURLClassLoader: loaded 2 times (x 123B)
Class org.gradle.kotlin.dsl.AndroidTestImplementationConfigurationAccessorsKt         : loaded 2 times (x 71B)
Class org.jetbrains.kotlin.compose.compiler.gradle.ComposeCompilerGradleSubplugin$applyToCompilation$allPluginProperties$1$1: loaded 2 times (x 74B)
Class org.jetbrains.kotlin.gradle.utils.ProjectExtensionsKt                           : loaded 2 times (x 71B)
Class org.jetbrains.kotlin.gradle.plugin.hierarchy.KotlinSourceSetTreeClassifier      : loaded 2 times (x 70B)
Class org.jetbrains.kotlin.gradle.plugin.mpp.KotlinNativeTarget                       : loaded 2 times (x 167B)
Class org.jetbrains.kotlin.gradle.plugin.mpp.compilationImpl.KotlinCompilationAssociator: loaded 2 times (x 70B)
Class com.android.build.api.variant.impl.JniLibsApkPackagingImpl                      : loaded 2 times (x 86B)
Class com.android.build.api.variant.DexPackagingOptions                               : loaded 2 times (x 70B)
Class com.android.build.gradle.internal.tasks.CheckAarMetadataTask$CreationAction$handleProvider$1: loaded 2 times (x 127B)
Class com.android.build.api.artifact.SingleArtifact$ASSETS                            : loaded 2 times (x 74B)
Class com.android.build.gradle.internal.dependency.AndroidAttributes                  : loaded 2 times (x 72B)
Class com.android.build.gradle.internal.AndroidTestTaskManager$createTopLevelTasks$1  : loaded 2 times (x 74B)
Class com.android.build.gradle.internal.tasks.CompressAssetsTask$CreationAction       : loaded 2 times (x 90B)
Class com.android.build.gradle.tasks.CompileNavigationXmlTask$CreationAction          : loaded 2 times (x 91B)
Class com.android.build.api.component.impl.DeviceTestImpl$manifestPlaceholdersCreationConfig$2: loaded 2 times (x 79B)
Class com.android.build.gradle.internal.publishing.AndroidArtifacts$ArtifactType      : loaded 2 times (x 79B)
Class com.android.build.api.variant.impl.HasTestFixtures                              : loaded 2 times (x 70B)
Class com.android.build.gradle.internal.core.dsl.impl.ApplicationVariantDslInfoImpl$signingConfigResolver$2: loaded 2 times (x 79B)
Class com.android.build.gradle.internal.core.dsl.impl.DslInfoUtilsKt$computeMergedOptions$1: loaded 2 times (x 79B)
Class com.android.build.gradle.internal.tasks.ExtractProguardFiles$CreationAction     : loaded 2 times (x 90B)
Class com.android.build.gradle.internal.dsl.BundleOptionsAiModelVersion$AgpDecorated_Decorated: loaded 2 times (x 130B)
Class com.android.build.gradle.tasks.MapSourceSetPathsTask$CreateAction               : loaded 2 times (x 93B)
Class com.android.build.gradle.internal.variant.LegacyVariantInputManager$1           : loaded 2 times (x 75B)
Class com.android.builder.internal.BaseConfigImpl$Companion                           : loaded 2 times (x 71B)
Class org.jetbrains.kotlin.gradle.plugin.mpp.compilationImpl.factory.DefaultKotlinCompilationSourceSetsContainerFactory$DefaultSourceSetNaming: loaded 2 times (x 70B)
Class com.android.ide.common.gradle.DEV                                               : loaded 2 times (x 77B)
Class org.jetbrains.kotlin.gradle.plugin.KotlinSourceSetTree$Companion                : loaded 2 times (x 71B)
Class org.jetbrains.kotlin.gradle.plugin.KotlinGradleBuildServices$Parameters         : loaded 2 times (x 70B)
Class com.google.protobuf.DescriptorProtos$UninterpretedOption                        : loaded 2 times (x 213B)
Class org.jetbrains.kotlin.gradle.plugin.sources.DefaultKotlinSourceSet$MetadataDependencyTransformation: loaded 2 times (x 72B)
Class com.android.build.gradle.internal.profile.AnalyticsService$RegistrationAction   : loaded 2 times (x 75B)
Class kotlin.sequences.TransformingSequence                                           : loaded 2 times (x 75B)
Class com.android.build.gradle.internal.errors.DeprecationReporter$DeprecationTarget  : loaded 2 times (x 79B)
Class com.android.build.gradle.internal.plugins.BasePlugin$sdkComponentsBuildService$2: loaded 2 times (x 79B)
Class com.android.build.gradle.internal.core.dsl.TestedVariantDslInfo                 : loaded 2 times (x 70B)
Class com.android.build.gradle.internal.variant.AbstractAppVariantFactory             : loaded 2 times (x 106B)
Class io.opentelemetry.api.trace.SpanId                                               : loaded 2 times (x 71B)
Class com.intellij.gradle.toolingExtension.impl.model.taskModel.GradleTaskModelProvider: loaded 2 times (x 78B)
Class com.google.common.io.Files$FileByteSink                                         : loaded 2 times (x 77B)
Class com.android.builder.model.v2.ide.AndroidGradlePluginProjectFlags                : loaded 2 times (x 70B)
Class [Lcom.android.builder.model.v2.ide.AndroidGradlePluginProjectFlags$BooleanFlag; : loaded 2 times (x 69B)
Class com.android.builder.model.v2.ide.BasicVariant                                   : loaded 2 times (x 70B)
Class [Lcom.amazon.ion.impl.bin.IonRawBinaryWriter$StreamFlushMode;                   : loaded 2 times (x 69B)
Class com.amazon.ion.UnsupportedIonVersionException                                   : loaded 2 times (x 85B)
Class sync_studio_tooling7_88wldbqquuzb0edrvf9voedq7$_run_closure1                    : loaded 2 times (x 139B)
Class kotlin.comparisons.ComparisonsKt__ComparisonsKt                                 : loaded 2 times (x 71B)
Class kotlin.ranges.RangesKt__RangesKt                                                : loaded 2 times (x 71B)
Class kotlin.collections.SetsKt___SetsKt                                              : loaded 2 times (x 71B)
Class kotlin.sequences.SequencesKt__SequencesKt                                       : loaded 2 times (x 71B)
Class kotlin.coroutines.Continuation                                                  : loaded 2 times (x 70B)
Class org.gradle.internal.classloader.VisitableURLClassLoader$Spec                    : loaded 2 times (x 74B)
Class org.gradle.internal.classpath.DefaultClassPath                                  : loaded 2 times (x 90B)
Class org.jetbrains.kotlin.compose.compiler.gradle.ComposeCompilerGradleSubplugin$applyToCompilation$allPluginProperties$1$2: loaded 2 times (x 74B)
Class [Lorg.jetbrains.kotlin.gradle.plugin.HasProject;                                : loaded 2 times (x 69B)
Class org.jetbrains.kotlin.gradle.utils.MutableObservableSetImpl                      : loaded 2 times (x 163B)
Class org.jetbrains.kotlin.gradle.plugin.mpp.compilationImpl.KotlinCompilationSourceSetInclusion$AddSourcesToCompileTask: loaded 2 times (x 70B)
Class com.android.build.gradle.internal.scope.InternalArtifactType$JAVAC              : loaded 2 times (x 74B)
Class com.android.build.gradle.internal.res.GenerateLibraryRFileTask$CreationAction$handleProvider$1: loaded 2 times (x 127B)
Class com.android.build.api.artifact.impl.OperationRequestsImplKt                     : loaded 2 times (x 71B)
Class com.android.build.gradle.internal.AndroidTestTaskManager$createTopLevelTasks$2  : loaded 2 times (x 75B)
Class com.android.build.api.component.analytics.AnalyticsEnabledApplicationVariant$userVisibleBundleConfig$2: loaded 2 times (x 79B)
Class com.android.build.gradle.internal.core.dsl.impl.ApplicationVariantDslInfoImpl$versionCode$2$versionCodeFromFlavors$1: loaded 2 times (x 78B)
Class com.android.build.api.component.analytics.AnalyticsEnabledAndroidTestBuilder    : loaded 2 times (x 108B)
Class com.android.build.api.component.impl.ComponentIdentityImpl                      : loaded 2 times (x 78B)
Class com.android.build.gradle.internal.tasks.factory.GlobalTaskNamesImpl             : loaded 2 times (x 81B)
Class com.android.build.gradle.internal.services.FakeDependencyJarBuildService$Inject_: loaded 2 times (x 102B)
Class com.android.build.gradle.internal.variant.LegacyVariantInputManager$2           : loaded 2 times (x 74B)
Class com.intellij.util.ThrowableConsumer                                             : loaded 2 times (x 70B)
Class com.android.build.api.dsl.Splits                                                : loaded 2 times (x 70B)
Class com.android.build.gradle.internal.dsl.BundleOptionsStoreArchive                 : loaded 2 times (x 77B)
Class org.jetbrains.kotlin.gradle.dsl.DefaultToolchainSupport$wireToolchainToTasks$1  : loaded 2 times (x 75B)
Class jdk.internal.jimage.decompressor.StringSharingDecompressorFactory               : loaded 2 times (x 74B)
Class org.jetbrains.kotlin.gradle.internal.properties.PropertiesBuildService$MemoizedCallable: loaded 2 times (x 75B)
Class org.jetbrains.kotlin.gradle.plugin.internal.DefaultMavenPublicationComponentAccessorFactory: loaded 2 times (x 76B)
Class org.jetbrains.kotlin.gradle.tasks.KotlinTasksProvider                           : loaded 2 times (x 72B)
Class org.jetbrains.kotlin.gradle.dsl.KotlinCommonCompilerOptions                     : loaded 2 times (x 70B)
Class com.google.wireless.android.sdk.stats.GradleTaskExecutionOrBuilder              : loaded 2 times (x 70B)
Class com.google.protobuf.Utf8$Processor                                              : loaded 2 times (x 77B)
Class com.google.protobuf.Reader                                                      : loaded 2 times (x 70B)
Class com.google.common.collect.Maps$UnmodifiableBiMap                                : loaded 2 times (x 153B)
Class org.gradle.accessors.dm.LibrariesForLibsInPluginsBlock$KotlinPluginAccessors    : loaded 2 times (x 74B)
Class com.android.builder.model.v2.ide.AaptOptions$Namespacing                        : loaded 2 times (x 79B)
Class org.gradle.tooling.internal.consumer.versioning.VersionDetails$R26VersionDetails: loaded 2 times (x 80B)
Class com.android.builder.model.v2.ide.BundleInfo                                     : loaded 2 times (x 70B)
Class com.android.builder.model.v2.ide.SourceProvider                                 : loaded 2 times (x 70B)
Class jdk.internal.jimage.decompressor.ZipDecompressorFactory                         : loaded 2 times (x 74B)
Class com.amazon.ion.impl.bin.IonManagedBinaryWriter$SymbolState                      : loaded 2 times (x 80B)
Class com.amazon.ion.IonStruct                                                        : loaded 2 times (x 70B)
Class org.jetbrains.plugins.gradle.model.GradleBuildScriptClasspathModel              : loaded 2 times (x 70B)
Class kotlin.sequences.FilteringSequence                                              : loaded 2 times (x 75B)
Class kotlin.text.CharsKt__CharJVMKt                                                  : loaded 2 times (x 71B)
Class kotlin.comparisons.ComparisonsKt                                                : loaded 2 times (x 71B)
Class kotlin.comparisons.ComparisonsKt___ComparisonsKt                                : loaded 2 times (x 71B)
Class kotlin.coroutines.jvm.internal.BaseContinuationImpl                             : loaded 2 times (x 87B)
Class kotlin.Result$Companion                                                         : loaded 2 times (x 71B)
Class org.jetbrains.kotlin.compose.compiler.gradle.ComposeCompilerGradleSubplugin$applyToCompilation$allPluginProperties$1$3: loaded 2 times (x 75B)
Class org.jetbrains.kotlin.compose.compiler.gradle.internal.ComposeWithAgpConfig$AgpConfigurationProvider: loaded 2 times (x 70B)
Class org.jetbrains.kotlin.gradle.plugin.KotlinSourceSet$Companion                    : loaded 2 times (x 71B)
Class org.jetbrains.kotlin.gradle.plugin.mpp.compilationImpl.KotlinCompilationImpl    : loaded 2 times (x 140B)
Class [Lorg.jetbrains.kotlin.gradle.plugin.mpp.compilationImpl.factory.KotlinCompilationImplFactory$PostConfigure;: loaded 2 times (x 69B)
Class com.android.build.gradle.tasks.JavaCompileCreationAction                        : loaded 2 times (x 90B)
Class com.android.build.gradle.internal.res.GenerateLibraryRFileTask$CreationAction$handleProvider$2: loaded 2 times (x 127B)
Class com.android.build.gradle.tasks.MergeSourceSetFolders                            : loaded 2 times (x 337B)
Class com.android.build.gradle.internal.AndroidTestTaskManager$createTopLevelTasks$3  : loaded 2 times (x 74B)
Class com.android.build.gradle.internal.scope.HostTestBuildFeaturesValuesImpl         : loaded 2 times (x 100B)
Class com.android.build.api.variant.impl.VariantImpl$buildConfigCreationConfig$2      : loaded 2 times (x 79B)
Class com.android.build.gradle.internal.dependency.SourceTypeAttributeKt              : loaded 2 times (x 71B)
Class com.android.build.api.artifact.impl.ArtifactsImpl$lookupProjectScopedArtifactsContainer$1: loaded 2 times (x 79B)
Class com.android.build.gradle.internal.dsl.PackagingOptions$AgpDecorated             : loaded 2 times (x 115B)
Class com.android.build.api.dsl.EmulatorControl                                       : loaded 2 times (x 70B)
Class com.android.build.gradle.internal.dsl.CompileSdkDelegate                        : loaded 2 times (x 89B)
Class com.android.build.gradle.internal.variant.LegacyVariantInputManager$3           : loaded 2 times (x 75B)
Class com.android.build.gradle.internal.dsl.AarMetadataImpl$AgpDecorated_Decorated    : loaded 2 times (x 137B)
Class com.android.build.gradle.internal.dsl.CoreNdkOptions                            : loaded 2 times (x 70B)
Class com.android.build.gradle.internal.dsl.decorator.AndroidPluginDslDecoratorKt     : loaded 2 times (x 71B)
Class com.android.build.gradle.internal.utils.KgpVersion$Companion                    : loaded 2 times (x 71B)
Class org.jetbrains.kotlin.konan.util.Named                                           : loaded 2 times (x 70B)
Class [Lorg.jetbrains.kotlin.gradle.report.BuildReportMode;                           : loaded 2 times (x 69B)
Class org.jetbrains.kotlin.gradle.plugin.AbstractKotlinAndroidPluginWrapper           : loaded 2 times (x 86B)
Class com.android.build.gradle.internal.services.BuiltInKotlinServices$AvailabilityReason$BuiltInKotlinBooleanOptionEnabled: loaded 2 times (x 71B)
Class [Lcom.android.tools.build.gradle.internal.profile.IntegerOption;                : loaded 2 times (x 69B)
Class com.google.wireless.android.sdk.stats.GradleIntegerOptionEntry$Builder          : loaded 2 times (x 297B)
Class com.google.common.base.CharMatcher$Ascii                                        : loaded 2 times (x 112B)
Class io.opentelemetry.api.internal.OtelEncodingUtils                                 : loaded 2 times (x 71B)
Class com.google.protobuf.AbstractMessage$BuilderParent                               : loaded 2 times (x 70B)
Class org.gradle.tooling.internal.consumer.converters.IdeaModuleDependencyTargetNameMixin: loaded 2 times (x 73B)
Class com.android.build.gradle.internal.tasks.factory.TaskManagerConfig               : loaded 2 times (x 70B)
Class com.android.build.gradle.options.Option                                         : loaded 2 times (x 70B)
Class com.android.build.gradle.options.SyncOptions                                    : loaded 2 times (x 71B)
Class com.android.build.gradle.internal.plugins.BasePlugin$bootClasspathConfig$2      : loaded 2 times (x 79B)
Class com.android.build.gradle.internal.plugins.AndroidPluginBaseServices$settingsExtension$2: loaded 2 times (x 79B)
Class org.gradle.tooling.model.cpp.CppBinary                                          : loaded 2 times (x 70B)
Class [Lio.opentelemetry.context.ThreadLocalContextStorage;                           : loaded 2 times (x 69B)
Class com.google.common.io.Closer                                                     : loaded 2 times (x 78B)
Class org.gradle.internal.classloader.ClassLoaderSpec                                 : loaded 2 times (x 71B)
Class org.jetbrains.kotlin.compose.compiler.gradle.ComposeCompilerGradleSubplugin$applyToCompilation$allPluginProperties$1$4: loaded 2 times (x 74B)
Class org.jetbrains.kotlin.gradle.plugin.mpp.KotlinCompilationsKt$moduleNameForCompilation$1: loaded 2 times (x 75B)
Class org.jetbrains.kotlin.gradle.plugin.mpp.KotlinCompilationsKt$addSourcesToKotlinCompileTask$1: loaded 2 times (x 75B)
Class org.jetbrains.kotlin.gradle.plugin.diagnostics.TransformActionUsingKotlinToolingDiagnostics$Parameters: loaded 2 times (x 70B)
Class org.jetbrains.kotlin.compilerRunner.CompilerSystemPropertiesService$Companion$registerIfAbsent$2$1: loaded 2 times (x 79B)
Class com.android.build.gradle.internal.tasks.creationconfig.JavaCompileCreationConfigKt: loaded 2 times (x 71B)
Class com.android.build.gradle.internal.tasks.creationconfig.BaseJavaPreCompileTaskCreationConfig: loaded 2 times (x 98B)
Class com.android.build.gradle.internal.res.GenerateLibraryRFileTask$CreationAction$handleProvider$3: loaded 2 times (x 127B)
Class com.android.build.gradle.internal.TaskManager$MergeType$MERGE                   : loaded 2 times (x 80B)
Class com.android.build.gradle.internal.scope.InternalArtifactType$MANIFEST_METADATA  : loaded 2 times (x 74B)
Class com.android.build.gradle.internal.AndroidTestTaskManager$createTopLevelTasks$4  : loaded 2 times (x 75B)
Class com.android.build.api.component.impl.features.OptimizationCreationConfigImpl$consumerProguardFilePaths$2: loaded 2 times (x 79B)
Class com.android.build.api.variant.impl.VariantImpl$renderscriptCreationConfig$2     : loaded 2 times (x 79B)
Class com.android.build.gradle.internal.component.TestFixturesCreationConfig          : loaded 2 times (x 70B)
Class com.android.build.gradle.internal.plugins.BasePlugin$createAndroidTasks$1       : loaded 2 times (x 77B)
Class com.android.build.gradle.internal.lint.AndroidLintGlobalTask$LintFixCreationAction: loaded 2 times (x 91B)
Class com.android.build.gradle.internal.lint.AndroidLintGlobalTask$BaseGlobalCreationAction: loaded 2 times (x 91B)
Class com.android.build.gradle.ProguardFiles                                          : loaded 2 times (x 71B)
Class com.android.builder.core.DefaultDexOptions                                      : loaded 2 times (x 99B)
Class com.android.build.gradle.api.ApkVariant                                         : loaded 2 times (x 70B)
Class com.android.build.gradle.internal.dsl.ResourcesPackagingImpl$AgpDecorated_Decorated: loaded 2 times (x 129B)
Class com.android.build.gradle.internal.variant.LegacyVariantInputManager$4           : loaded 2 times (x 74B)
Class com.android.build.gradle.internal.api.artifact.SourceArtifactType$KEEP_RULES    : loaded 2 times (x 74B)
Class com.android.build.gradle.internal.api.artifact.SourceArtifactType$RENDERSCRIPT  : loaded 2 times (x 74B)
Class com.android.build.gradle.internal.dsl.NdkOptions_Decorated                      : loaded 2 times (x 166B)
Class com.android.build.gradle.internal.dsl.decorator.DslDecorator$ManagedProperty    : loaded 2 times (x 72B)
Class com.android.utils.ILogger                                                       : loaded 2 times (x 70B)
Class org.jetbrains.kotlin.gradle.internal.properties.PropertiesBuildService$GradleProperty: loaded 2 times (x 70B)
Class org.jetbrains.kotlin.gradle.utils.StoredPropertyKt$projectStoredProperty$1      : loaded 2 times (x 78B)
Class org.jetbrains.kotlin.gradle.internal.Kapt3GradleSubplugin$Companion             : loaded 2 times (x 71B)
Class com.android.prefs.VariableType                                                  : loaded 2 times (x 79B)
Class com.google.protobuf.ByteString                                                  : loaded 2 times (x 101B)
Class com.google.protobuf.GeneratedMessageV3$Builder$BuilderParentImpl                : loaded 2 times (x 78B)
Class com.android.tools.analytics.Environment                                         : loaded 2 times (x 73B)
Class com.android.build.gradle.internal.errors.DeprecationReporter                    : loaded 2 times (x 70B)
Class com.android.utils.NullLogger                                                    : loaded 2 times (x 85B)
Class org.jetbrains.kotlin.gradle.dsl.KotlinProjectExtension                          : loaded 2 times (x 122B)
Class com.android.build.gradle.options.ApiStage$Stable                                : loaded 2 times (x 72B)
Class com.android.build.gradle.internal.crash.CrashReporting                          : loaded 2 times (x 71B)
Class com.android.build.api.variant.Component                                         : loaded 2 times (x 70B)
Class org.gradle.accessors.dm.LibrariesForLibs$AndroidxEspressoLibraryAccessors       : loaded 2 times (x 77B)
Class org.gradle.accessors.dm.LibrariesForLibs$VersionAccessors                       : loaded 2 times (x 84B)
Class org.jetbrains.kotlin.idea.gradleTooling.IdeaKpmProjectProvider                  : loaded 2 times (x 78B)
Class com.amazon.ion.impl.IonWriterSystemTextMarkup                                   : loaded 2 times (x 192B)
Class com.amazon.ion.impl.bin.BlockAllocator                                          : loaded 2 times (x 80B)
Class kotlin.jvm.internal.FunctionReferenceImpl                                       : loaded 2 times (x 122B)
Class kotlin.collections.CollectionsKt___CollectionsJvmKt                             : loaded 2 times (x 71B)
Class org.jetbrains.kotlin.compose.compiler.gradle.ComposeCompilerGradleSubplugin$applyToCompilation$allPluginProperties$1$5: loaded 2 times (x 74B)
Class org.jetbrains.kotlin.gradle.tasks.configuration.TaskConfigAction$configureTask$1: loaded 2 times (x 79B)
Class com.android.build.gradle.internal.scope.InternalArtifactType$LOCAL_ONLY_SYMBOL_LIST: loaded 2 times (x 74B)
Class com.android.build.gradle.internal.tasks.CheckAarMetadataTask$CreationAction     : loaded 2 times (x 90B)
Class com.android.build.gradle.tasks.MergeResources$CreationAction$handleProvider$1   : loaded 2 times (x 78B)
Class com.android.build.gradle.tasks.MergeResources$CreationAction                    : loaded 2 times (x 94B)
Class com.android.build.gradle.internal.core.dsl.impl.SigningConfigResolver$Companion : loaded 2 times (x 71B)
Class com.android.build.gradle.internal.variant.VariantComponentInfo                  : loaded 2 times (x 72B)
Class com.android.build.api.variant.impl.ApplicationVariantImpl$targetSdk$2           : loaded 2 times (x 79B)
Class com.android.build.api.variant.GeneratesAar                                      : loaded 2 times (x 70B)
Class com.android.build.gradle.internal.profile.AnalyticsResourceManager$getVariantBuilder$1: loaded 2 times (x 79B)
Class com.android.build.api.variant.Aidl                                              : loaded 2 times (x 70B)
Class com.android.build.gradle.internal.tasks.factory.BootClasspathConfigImpl$fullBootClasspath$2: loaded 2 times (x 79B)
Class com.android.build.gradle.internal.dsl.BundleOptionsDeviceGroup$AgpDecorated     : loaded 2 times (x 85B)
Class com.android.build.gradle.internal.dsl.EmulatorControl                           : loaded 2 times (x 83B)
Class com.android.build.gradle.internal.dsl.TestOptions_Decorated                     : loaded 2 times (x 171B)
Class com.android.build.gradle.internal.variant.LegacyVariantInputManager$5           : loaded 2 times (x 75B)
Class org.jetbrains.kotlin.gradle.internal.properties.PropertiesBuildService$BooleanGradleProperty: loaded 2 times (x 76B)
Class com.android.build.gradle.api.ViewBindingOptions                                 : loaded 2 times (x 70B)
Class com.android.build.api.dsl.Split                                                 : loaded 2 times (x 70B)
Class com.android.build.api.dsl.LibraryDefaultConfig                                  : loaded 2 times (x 70B)
Class org.jetbrains.kotlin.gradle.dsl.JvmTarget                                       : loaded 2 times (x 79B)
Class org.jetbrains.kotlin.gradle.internal.ClassLoadersCachingBuildService            : loaded 2 times (x 76B)
Class org.jetbrains.kotlin.gradle.plugin.internal.DefaultJavaExecTaskParametersCompatibility$Factory: loaded 2 times (x 76B)
Class org.jetbrains.kotlin.gradle.plugin.VariantImplementationFactoriesConfigurator$Companion: loaded 2 times (x 71B)
Class org.jetbrains.kotlin.gradle.plugin.VariantImplementationFactories$Companion$getProvider$1: loaded 2 times (x 75B)
Class com.google.protobuf.DescriptorProtos$EnumDescriptorProto$EnumReservedRange      : loaded 2 times (x 197B)
Class com.google.protobuf.DescriptorProtos$FileDescriptorProto$Builder                : loaded 2 times (x 341B)
Class org.jetbrains.kotlin.gradle.plugin.KotlinTargetComponent                        : loaded 2 times (x 70B)
Class com.google.protobuf.Internal$ListAdapter$Converter                              : loaded 2 times (x 70B)
Class com.android.build.gradle.internal.dsl.InternalBuildType                         : loaded 2 times (x 70B)
Class com.android.tools.analytics.CommonMetricsData$GarbageCollectionStatsDiffs       : loaded 2 times (x 71B)
Class com.android.build.gradle.internal.dsl.SigningConfig                             : loaded 2 times (x 147B)
Class com.android.build.gradle.options.Version                                        : loaded 2 times (x 80B)
Class com.android.build.gradle.internal.plugins.BasePlugin$versionedSdkLoaderService$2: loaded 2 times (x 79B)
Class com.android.build.gradle.internal.plugins.AppPlugin$1                           : loaded 2 times (x 86B)
Class com.android.ide.common.signing.KeytoolException                                 : loaded 2 times (x 84B)
Class io.opentelemetry.api.trace.Tracer                                               : loaded 2 times (x 70B)
Class com.intellij.gradle.toolingExtension.modelProvider.GradleClassBuildModelProvider: loaded 2 times (x 80B)
Class com.google.common.collect.ImmutableMultisetGwtSerializationDependencies         : loaded 2 times (x 125B)
Class com.google.common.io.Closer$Suppressor                                          : loaded 2 times (x 70B)
Class com.google.common.io.LineProcessor                                              : loaded 2 times (x 70B)
Class [Lcom.google.gson.ReflectionAccessFilter$FilterResult;                          : loaded 2 times (x 69B)
Class Settings_gradle$1$1                                                             : loaded 2 times (x 74B)
Class com.amazon.ion.impl._Private_RecyclingQueue                                     : loaded 2 times (x 80B)
Class com.amazon.ion.system.IonWriterBuilderBase                                      : loaded 2 times (x 83B)
Class kotlin.TuplesKt                                                                 : loaded 2 times (x 71B)
Class kotlin.jvm.internal.markers.KMutableIterable                                    : loaded 2 times (x 70B)
Class kotlin.Unit                                                                     : loaded 2 times (x 71B)
Class kotlin.sequences.SequencesKt___SequencesJvmKt                                   : loaded 2 times (x 71B)
Class org.jetbrains.kotlin.compose.compiler.gradle.ComposeCompilerGradleSubplugin$applyToCompilation$allPluginProperties$1$6: loaded 2 times (x 74B)
Class org.jetbrains.kotlin.gradle.targets.js.dsl.KotlinWasmSubTargetContainerDsl      : loaded 2 times (x 70B)
Class org.jetbrains.kotlin.gradle.plugin.internal.BuildIdService$Companion            : loaded 2 times (x 71B)
Class com.android.build.api.component.impl.HostTestImpl$buildConfigCreationConfig$2   : loaded 2 times (x 79B)
Class com.android.build.api.component.impl.DeviceTestImpl$renderscript$2              : loaded 2 times (x 79B)
Class com.android.build.api.component.impl.DeviceTestImpl$signingConfig$2             : loaded 2 times (x 79B)
Class com.android.build.api.component.analytics.AnalyticsEnabledApplicationVariantBuilder_Decorated: loaded 2 times (x 262B)
Class com.android.build.api.variant.GeneratesTestApkBuilder                           : loaded 2 times (x 70B)
Class com.android.build.gradle.internal.plugins.BasePlugin$createAndroidTasks$3       : loaded 2 times (x 79B)
Class com.android.build.gradle.internal.lint.AndroidLintGlobalTask$UpdateBaselineCreationAction: loaded 2 times (x 91B)
Class com.android.build.gradle.internal.ide.v2.ModelBuilder$Companion                 : loaded 2 times (x 71B)
Class com.android.build.gradle.internal.api.TestedVariant                             : loaded 2 times (x 70B)
Class com.android.build.gradle.internal.variant.LegacyVariantInputManager$6           : loaded 2 times (x 74B)
Class com.android.build.api.dsl.TestDefaultConfig                                     : loaded 2 times (x 70B)
Class com.android.build.gradle.internal.dsl.decorator.SupportedPropertyType$Var$NullableInt: loaded 2 times (x 74B)
Class org.jetbrains.kotlin.gradle.utils.StoredPropertyStorage                         : loaded 2 times (x 72B)
Class org.jetbrains.kotlin.gradle.plugin.KotlinSourceSetContainer                     : loaded 2 times (x 70B)
Class com.android.build.gradle.internal.services.Aapt2ThreadPoolBuildServiceKt        : loaded 2 times (x 71B)
Class com.google.wireless.android.sdk.stats.GradleBuildSplits                         : loaded 2 times (x 219B)
Class com.android.tools.analytics.HostData$memoryBean$2                               : loaded 2 times (x 78B)
Class com.android.build.gradle.internal.dsl.BaselineProfileImpl$AgpDecorated_Decorated: loaded 2 times (x 128B)
Class com.android.build.gradle.internal.core.dsl.features.DeviceTestOptionsDslInfo    : loaded 2 times (x 70B)
Class com.android.build.gradle.options.SyncOptions$ErrorFormatMode                    : loaded 2 times (x 79B)
Class com.android.build.gradle.internal.errors.SyncIssueReporter                      : loaded 2 times (x 76B)
Class com.android.build.gradle.internal.plugins.AppPlugin$2                           : loaded 2 times (x 86B)
Class com.android.build.gradle.internal.dsl.InternalTestedExtension                   : loaded 2 times (x 70B)
Class com.android.build.gradle.internal.manifest.LazyManifestParser$manifestData$2    : loaded 2 times (x 75B)
Class io.opentelemetry.api.trace.ArrayBasedTraceState                                 : loaded 2 times (x 86B)
Class io.opentelemetry.context.ContextKey                                             : loaded 2 times (x 70B)
Class io.opentelemetry.context.propagation.TextMapSetter                              : loaded 2 times (x 70B)
Class com.android.tools.idea.gradle.project.sync.AndroidExtraModelProviderImpl        : loaded 2 times (x 72B)
Class [Lcom.android.builder.model.v2.ide.AaptOptions$Namespacing;                     : loaded 2 times (x 69B)
Class [Lorg.objectweb.asm.Label;                                                      : loaded 2 times (x 69B)
Class kotlin.ranges.RangesKt                                                          : loaded 2 times (x 71B)
Class org.gradle.internal.classloader.VisitableURLClassLoader                         : loaded 2 times (x 117B)
Class org.jetbrains.kotlin.compose.compiler.gradle.ComposeCompilerGradleSubplugin$applyToCompilation$allPluginProperties$1$7: loaded 2 times (x 74B)
Class org.jetbrains.kotlin.gradle.plugin.mpp.compilationImpl.factory.ConfigurationNaming: loaded 2 times (x 70B)
Class [Lorg.jetbrains.kotlin.tooling.core.HasExtras;                                  : loaded 2 times (x 69B)
Class org.jetbrains.kotlin.gradle.plugin.mpp.compilationImpl.DefaultKotlinCompilationPostConfigureKt: loaded 2 times (x 71B)
Class org.jetbrains.kotlin.gradle.internal.IdeaKt$isInIdeaEnvironment$1               : loaded 2 times (x 74B)
Class org.jetbrains.kotlin.gradle.tasks.configuration.BaseKotlinCompileConfig$configureCommonParameters$1: loaded 2 times (x 74B)
Class com.android.build.api.variant.impl.ResourcesApkPackagingImpl$excludes$1         : loaded 2 times (x 75B)
Class com.android.build.gradle.tasks.MergeResources$CreationAction$handleProvider$3   : loaded 2 times (x 78B)
Class com.android.build.gradle.internal.scope.Java8LangSupport                        : loaded 2 times (x 79B)
Class com.google.common.base.Verify                                                   : loaded 2 times (x 71B)
Class com.android.build.gradle.internal.attributes.VariantAttr$ImplFactory            : loaded 2 times (x 75B)
Class com.android.build.gradle.internal.core.dsl.impl.VariantDslInfoImpl$initApplicationId$2: loaded 2 times (x 75B)
Class com.android.build.api.variant.DependenciesInfoBuilder                           : loaded 2 times (x 70B)
Class com.android.build.gradle.internal.core.dsl.impl.VariantDslInfoImpl$applicationId$2: loaded 2 times (x 79B)
Class com.android.build.gradle.internal.plugins.DslContainerProvider$lock$1           : loaded 2 times (x 74B)
Class com.android.build.gradle.internal.tasks.factory.TaskFactory                     : loaded 2 times (x 70B)
Class com.android.builder.core.DexOptions                                             : loaded 2 times (x 70B)
Class com.android.build.gradle.internal.dsl.LintImpl$AgpDecorated                     : loaded 2 times (x 223B)
Class com.android.build.gradle.internal.api.DefaultAndroidSourceSet                   : loaded 2 times (x 227B)
Class com.google.common.base.Converter$FunctionBasedConverter                         : loaded 2 times (x 90B)
Class com.android.build.gradle.internal.dependency.SourceSetManager                   : loaded 2 times (x 72B)
Class org.jetbrains.kotlin.gradle.dsl.DefaultToolchainSupport$wireToolchainToTasks$1$1: loaded 2 times (x 75B)
Class org.jetbrains.kotlin.gradle.utils.SingleActionPerProject                        : loaded 2 times (x 73B)
Class org.jetbrains.kotlin.gradle.plugin.DefaultKotlinBasePlugin                      : loaded 2 times (x 82B)
Class com.android.prefs.AbstractAndroidLocations                                      : loaded 2 times (x 82B)
Class com.google.protobuf.DescriptorProtos$FeatureSet                                 : loaded 2 times (x 251B)
Class com.google.protobuf.DescriptorProtos$EnumDescriptorProto$EnumReservedRangeOrBuilder: loaded 2 times (x 70B)
Class com.google.protobuf.IntArrayList                                                : loaded 2 times (x 262B)
Class com.google.common.util.concurrent.AbstractFuture$Waiter                         : loaded 2 times (x 72B)
Class com.google.protobuf.ExtensionRegistryLite                                       : loaded 2 times (x 74B)
Class com.android.build.api.variant.HostTestBuilder                                   : loaded 2 times (x 70B)
Class com.android.build.gradle.internal.plugins.AndroidPluginBaseServices$optionService$2: loaded 2 times (x 79B)
Class com.android.build.gradle.internal.plugins.AppPlugin$3                           : loaded 2 times (x 86B)
Class com.android.build.api.variant.AndroidComponentsExtension                        : loaded 2 times (x 70B)
Class com.android.build.gradle.internal.variant.VariantPathHelper$coverageReportDir$2 : loaded 2 times (x 79B)
Class com.android.build.gradle.internal.component.features.OptimizationCreationConfig : loaded 2 times (x 70B)
Class org.gradle.tooling.model.eclipse.EclipseProject                                 : loaded 2 times (x 70B)
Class com.android.build.gradle.tasks.MergeResources$Flag                              : loaded 2 times (x 79B)
Class Settings_gradle                                                                 : loaded 2 times (x 124B)
Class com.amazon.ion.impl.bin.IonRawBinaryWriter$1                                    : loaded 2 times (x 77B)
Class [Lcom.amazon.ion.SymbolTable;                                                   : loaded 2 times (x 69B)
Class com.amazon.ion.impl.bin.IonBinaryWriterAdapter$Factory                          : loaded 2 times (x 70B)
Class com.amazon.ion.impl.BlockedBuffer$BufferedOutputStream                          : loaded 2 times (x 90B)
Class org.jetbrains.plugins.gradle.tooling.serialization.ExternalTestsSerializationService$ReadContext: loaded 2 times (x 72B)
Class kotlin.sequences.FlatteningSequence$iterator$1                                  : loaded 2 times (x 79B)
Class kotlin.jvm.functions.Function0                                                  : loaded 2 times (x 70B)
Class kotlin.collections.ArraysUtilJVM                                                : loaded 2 times (x 71B)
Class org.jetbrains.kotlin.compose.compiler.gradle.ComposeCompilerGradleSubplugin$applyToCompilation$allPluginProperties$1$8: loaded 2 times (x 76B)
Class org.jetbrains.kotlin.gradle.plugin.mpp.compilationImpl.KotlinCompilationCompilerOptionsFromTargetConfigurator: loaded 2 times (x 74B)
Class org.jetbrains.kotlin.gradle.plugin.mpp.compilationImpl.factory.DefaultKotlinCompilationSourceSetsContainerFactory$DefaultDefaultSourceSetNaming: loaded 2 times (x 74B)
Class [Lorg.jetbrains.kotlin.gradle.plugin.mpp.compilationImpl.DefaultKotlinCompilationFriendPathsResolver$FriendArtifactResolver;: loaded 2 times (x 69B)
Class org.jetbrains.kotlin.gradle.internal.IdeaKt$isInIdeaEnvironment$2               : loaded 2 times (x 74B)
Class org.jetbrains.kotlin.gradle.tasks.configuration.BaseKotlinCompileConfig$configureCommonParameters$2: loaded 2 times (x 75B)
Class com.android.build.gradle.tasks.MergeResources$CreationAction$handleProvider$4   : loaded 2 times (x 78B)
Class com.android.build.gradle.internal.component.NestedComponentCreationConfig       : loaded 2 times (x 70B)
Class com.android.build.api.variant.TestedComponentPackaging                          : loaded 2 times (x 70B)
Class [Lcom.android.builder.errors.IssueReporter$Type;                                : loaded 2 times (x 69B)
Class com.android.build.gradle.internal.core.InternalBaseVariant$MergedFlavor         : loaded 2 times (x 70B)
Class com.android.build.gradle.internal.core.dsl.impl.DslInfoBuilder                  : loaded 2 times (x 72B)
Class com.android.build.gradle.internal.plugins.DslContainerProvider$lock$2           : loaded 2 times (x 74B)
Class com.android.build.gradle.internal.dsl.CompileSdkReleaseSpecImpl                 : loaded 2 times (x 81B)
Class com.android.build.api.artifact.impl.PropertyAdapter                             : loaded 2 times (x 70B)
Class com.android.build.gradle.ProguardFiles$ProguardFile                             : loaded 2 times (x 79B)
Class com.android.build.gradle.internal.cxx.configure.NativeModelBuilderOutcomeOrBuilder: loaded 2 times (x 70B)
Class com.android.builder.testing.api.DeviceProvider                                  : loaded 2 times (x 77B)
Class com.android.build.gradle.internal.dsl.ExternalNativeBuild$AgpDecorated_Decorated: loaded 2 times (x 144B)
Class com.android.build.gradle.internal.dsl.DeviceGroupFactory                        : loaded 2 times (x 75B)
Class com.android.build.gradle.internal.dependency.AdditionalArtifactType             : loaded 2 times (x 79B)
Class org.jetbrains.kotlin.gradle.dsl.KotlinCommonCompilerToolOptionsHelper           : loaded 2 times (x 71B)
Class com.android.build.api.dsl.Ndk                                                   : loaded 2 times (x 70B)
Class com.android.build.api.dsl.BundleStoreArchive                                    : loaded 2 times (x 70B)
Class com.android.build.api.dsl.BundleCodeTransparency                                : loaded 2 times (x 70B)
Class org.jetbrains.kotlin.gradle.internal.transforms.BuildToolsApiClasspathEntrySnapshotTransform: loaded 2 times (x 82B)
Class org.jetbrains.kotlin.gradle.plugin.GradleUtilsKt                                : loaded 2 times (x 71B)
Class org.jetbrains.kotlin.gradle.internal.properties.PropertiesBuildService$Params$Inject_: loaded 2 times (x 106B)
Class org.jetbrains.kotlin.gradle.internal.properties.PropertiesBuildService          : loaded 2 times (x 76B)
Class org.jetbrains.kotlin.gradle.plugin.BuildFinishedListenerService$Companion$registerIfAbsent$1$1$1: loaded 2 times (x 75B)
Class org.jetbrains.kotlin.gradle.plugin.mpp.compilationImpl.factory.KotlinCompilationImplFactory$PreConfigure: loaded 2 times (x 70B)
Class com.android.builder.profile.ThreadRecorder                                      : loaded 2 times (x 76B)
Class org.jetbrains.kotlin.gradle.targets.js.dsl.KotlinJsTargetDsl                    : loaded 2 times (x 70B)
Class com.android.tools.analytics.AnalyticsSettingsData$Companion                     : loaded 2 times (x 71B)
Class kotlin.ranges.IntProgression$Companion                                          : loaded 2 times (x 71B)
Class ijInit1_bu6iadawygi6zgg13exfdo9so$_run_closure1                                 : loaded 2 times (x 140B)
Class com.google.gson.InstanceCreator                                                 : loaded 2 times (x 70B)
Class com.android.build.gradle.internal.plugins.AndroidPluginBaseServices$optionService$2$1: loaded 2 times (x 78B)
Class com.android.build.gradle.internal.core.dsl.ApplicationVariantDslInfo            : loaded 2 times (x 70B)
Class com.android.build.gradle.internal.variant.DimensionCombination                  : loaded 2 times (x 70B)
Class com.android.build.gradle.internal.core.dsl.VariantDslInfo                       : loaded 2 times (x 70B)
Class com.android.build.gradle.internal.variant.VariantFactory                        : loaded 2 times (x 70B)
Class com.android.builder.model.v2.ide.AaptOptions                                    : loaded 2 times (x 70B)
Class [Lcom.android.builder.model.v2.ide.BytecodeTransformation;                      : loaded 2 times (x 69B)
Class com.google.common.base.Strings                                                  : loaded 2 times (x 71B)
Class jdk.internal.jimage.decompressor.ZipDecompressor                                : loaded 2 times (x 75B)
Class com.amazon.ion.impl.bin.AbstractIonWriter$WriteValueOptimization                : loaded 2 times (x 79B)
Class kotlin.collections.AbstractMutableList                                          : loaded 2 times (x 206B)
Class kotlin.jvm.functions.Function1                                                  : loaded 2 times (x 70B)
Class org.jetbrains.kotlin.compose.compiler.gradle.ComposeCompilerGradleSubplugin$applyToCompilation$allPluginProperties$1$9: loaded 2 times (x 76B)
Class org.jetbrains.kotlin.gradle.plugin.diagnostics.KotlinToolingDiagnosticsCollector: loaded 2 times (x 76B)
Class com.android.build.gradle.internal.scope.InternalArtifactType$COMPILE_APP_CLASSES_JAR: loaded 2 times (x 74B)
Class com.android.build.api.variant.impl.DexPackagingOptionsImpl                      : loaded 2 times (x 75B)
Class com.android.build.gradle.internal.tasks.MergeNativeLibsTaskKt                   : loaded 2 times (x 71B)
Class com.android.build.gradle.internal.scope.InternalArtifactType$ANDROID_RES_SOURCE_SET_PATH_MAP: loaded 2 times (x 74B)
Class com.android.build.gradle.tasks.MergeResources$CreationAction$handleProvider$5   : loaded 2 times (x 78B)
Class com.android.build.api.component.impl.MutableListBackedUpWithListProperty        : loaded 2 times (x 205B)
Class com.android.build.api.variant.VariantExtensionConfig                            : loaded 2 times (x 70B)
Class com.android.build.api.component.analytics.AnalyticsEnabledAndroidTest           : loaded 2 times (x 182B)
Class com.android.build.gradle.internal.core.dsl.AndroidTestComponentDslInfo          : loaded 2 times (x 70B)
Class com.android.build.api.variant.impl.VariantOutputConfigurationImplKt$WhenMappings: loaded 2 times (x 71B)
Class com.android.build.gradle.internal.dependency.VariantDependencies                : loaded 2 times (x 76B)
Class com.google.wireless.android.sdk.stats.GradleBuildVariant$NativeBuildConfigInfoOrBuilder: loaded 2 times (x 70B)
Class com.android.build.gradle.internal.plugins.DslContainerProvider$lock$3           : loaded 2 times (x 74B)
Class com.amazon.ion.system.IonBinaryWriterBuilder                                    : loaded 2 times (x 99B)
Class com.android.build.gradle.internal.api.artifact.SourceArtifactType               : loaded 2 times (x 74B)
Class com.android.build.gradle.internal.dsl.decorator.annotation.RuntimeGuardedExperimentalApi: loaded 2 times (x 70B)
Class com.android.build.api.dsl.AgpTestSuite                                          : loaded 2 times (x 70B)
Class com.android.build.api.dsl.MaxSdkVersion                                         : loaded 2 times (x 70B)
Class [Lcom.android.build.gradle.internal.dsl.decorator.SupportedPropertyType;        : loaded 2 times (x 69B)
Class org.jetbrains.kotlin.tooling.core.MutableExtrasImpl                             : loaded 2 times (x 165B)
Class org.jetbrains.kotlin.gradle.utils.FileUtilsKt                                   : loaded 2 times (x 71B)
Class com.google.protobuf.Utf8$SafeProcessor                                          : loaded 2 times (x 77B)
Class com.google.wireless.android.sdk.stats.GradleProjectOptionsSettings              : loaded 2 times (x 220B)
Class com.amazon.ion.impl.bin.IonManagedBinaryWriter$UserState$4                      : loaded 2 times (x 85B)
Class com.android.builder.model.v2.ide.AndroidArtifact                                : loaded 2 times (x 70B)
Class com.google.common.io.ByteArrayDataOutput                                        : loaded 2 times (x 70B)
Class io.opentelemetry.context.ContextStorageProvider                                 : loaded 2 times (x 70B)
Class [Lcom.android.tools.analytics.Environment$EnvironmentVariable;                  : loaded 2 times (x 69B)
Class com.android.SdkConstants                                                        : loaded 2 times (x 71B)
Class com.android.build.gradle.internal.services.GlobalServiceRegistrationAction$execute$globalService$1: loaded 2 times (x 75B)
Class com.android.build.gradle.internal.services.R8D8ThreadPoolBuildService$Companion : loaded 2 times (x 71B)
Class com.android.build.gradle.options.FeatureStage$Enforced                          : loaded 2 times (x 72B)
Class com.android.build.api.instrumentation.manageddevice.ManagedDeviceRegistry       : loaded 2 times (x 70B)
Class com.android.build.gradle.internal.services.GlobalServiceRegistrationAction$execute$1: loaded 2 times (x 75B)
Class com.android.build.gradle.internal.services.RunOnceBuildService                  : loaded 2 times (x 70B)
Class io.opentelemetry.api.trace.ArrayBasedTraceStateBuilder                          : loaded 2 times (x 77B)
Class com.android.tools.idea.gradle.project.sync.SyncProjectActionOptions             : loaded 2 times (x 73B)
Class org.gradle.tooling.BuildController                                              : loaded 2 times (x 70B)
Class com.amazon.ion.impl.bin.BlockAllocatorProvider                                  : loaded 2 times (x 72B)
Class org.jetbrains.plugins.gradle.tooling.serialization.internal.IdeaProjectSerializationService$WriteContext: loaded 2 times (x 72B)
Class com.intellij.gradle.toolingExtension.impl.model.sourceSetDependencyModel.GradleSourceSetDependencySerialisationService: loaded 2 times (x 77B)
Class org.jetbrains.plugins.gradle.model.GradleSourceSetModel                         : loaded 2 times (x 70B)
Class kotlin.KotlinNothingValueException                                              : loaded 2 times (x 82B)
Class kotlin.jvm.functions.Function2                                                  : loaded 2 times (x 70B)
Class org.gradle.internal.classpath.DefaultClassPath$ImmutableUniqueList$Builder      : loaded 2 times (x 75B)
Class org.jetbrains.kotlin.gradle.plugin.mpp.KotlinCompilationFactory$DefaultImpls    : loaded 2 times (x 71B)
Class org.jetbrains.kotlin.gradle.plugin.mpp.compilationImpl.factory.DefaultKotlinCompilationDependencyConfigurationsFactory: loaded 2 times (x 75B)
Class com.android.build.api.variant.JniLibsTestedApkPackaging                         : loaded 2 times (x 70B)
Class com.android.build.gradle.internal.scope.InternalArtifactType$JAVA_RES           : loaded 2 times (x 74B)
Class com.android.build.gradle.tasks.MergeResources$CreationAction$handleProvider$6   : loaded 2 times (x 78B)
Class [Lcom.android.build.gradle.tasks.MergeResources$Flag;                           : loaded 2 times (x 69B)
Class com.android.build.gradle.internal.dependency.ProvidedClasspathSubtractor$excludes$1: loaded 2 times (x 79B)
Class com.android.build.gradle.internal.dependency.VariantDependencies$WhenMappings   : loaded 2 times (x 71B)
Class com.android.build.api.component.impl.features.OptimizationCreationConfigImpl    : loaded 2 times (x 85B)
Class com.android.build.api.variant.impl.CodeTransparencyImpl                         : loaded 2 times (x 75B)
Class com.android.build.api.variant.InternalSources                                   : loaded 2 times (x 70B)
Class com.android.build.gradle.internal.plugins.DslContainerProvider$lock$4           : loaded 2 times (x 75B)
Class com.android.build.api.dsl.CompileSdkReleaseSpec                                 : loaded 2 times (x 70B)
Class com.android.build.gradle.internal.core.InternalBaseVariant                      : loaded 2 times (x 70B)
Class com.android.build.gradle.internal.scope.DelayedActionsExecutor                  : loaded 2 times (x 72B)
Class org.jetbrains.kotlin.gradle.internal.properties.PropertiesBuildService$Companion$registerIfAbsent$1: loaded 2 times (x 75B)
Class org.jetbrains.kotlin.gradle.plugin.internal.DefaultConfigurationCacheStartParameterAccessorVariantFactory: loaded 2 times (x 76B)
Class org.jetbrains.kotlin.gradle.dsl.KotlinCommonCompilerToolOptions                 : loaded 2 times (x 70B)
Class com.android.build.gradle.internal.plugins.BasePlugin$Companion$createAndroidJdkImageConfiguration$1: loaded 2 times (x 74B)
Class [Lcom.android.prefs.LocationValue;                                              : loaded 2 times (x 69B)
Class com.google.wireless.android.sdk.stats.GradleTaskExecution                       : loaded 2 times (x 205B)
Class com.android.build.gradle.internal.res.Aapt2FromMaven                            : loaded 2 times (x 72B)
Class com.android.build.gradle.internal.res.Aapt2FromMaven$Companion                  : loaded 2 times (x 71B)
Class com.google.wireless.android.sdk.stats.GradleBuildMemorySample$Builder           : loaded 2 times (x 303B)
Class com.android.tools.analytics.HostData$threadBean$2                               : loaded 2 times (x 78B)
Class com.android.build.gradle.internal.profile.AnalyticsConfiguratorService$createAnalyticsService$1: loaded 2 times (x 75B)
Class com.android.utils.Environment                                                   : loaded 2 times (x 74B)
Class com.android.build.gradle.internal.plugins.LibraryPlugin                         : loaded 2 times (x 97B)
Class com.android.build.gradle.AssetPackPluginKt                                      : loaded 2 times (x 71B)
Class io.opentelemetry.api.trace.TracerProvider                                       : loaded 2 times (x 70B)
Class com.google.protobuf.DescriptorProtos$ServiceDescriptorProto                     : loaded 2 times (x 205B)
Class com.amazon.ion.impl.lite.IonSequenceLite                                        : loaded 2 times (x 432B)
Class com.amazon.ion.impl._Private_Utils$1                                            : loaded 2 times (x 89B)
Class com.amazon.ion.impl.SymbolTableAsStruct                                         : loaded 2 times (x 70B)
Class ijInit1_bu6iadawygi6zgg13exfdo9so                                               : loaded 2 times (x 171B)
Class com.android.ide.gradle.model.dependencies.Coordinates                           : loaded 2 times (x 70B)
Class com.google.common.collect.AbstractRangeSet                                      : loaded 2 times (x 114B)
Class kotlin.collections.MapsKt___MapsJvmKt                                           : loaded 2 times (x 71B)
Class com.android.build.gradle.internal.tasks.CheckDuplicateClassesTask$CreationAction: loaded 2 times (x 90B)
Class com.android.build.gradle.internal.tasks.MergeJavaResourceTask                   : loaded 2 times (x 360B)
Class [Lorg.jetbrains.kotlin.gradle.plugin.sources.ConsistencyCheck;                  : loaded 2 times (x 69B)
Class com.android.build.gradle.tasks.MergeSourceSetFolders$MergeAssetBaseCreationAction: loaded 2 times (x 91B)
Class com.android.build.gradle.internal.tasks.ProcessNavigationXmlTask                : loaded 2 times (x 331B)
Class com.android.build.gradle.internal.scope.InternalArtifactType$CHECK_MANIFEST_RESULT: loaded 2 times (x 74B)
Class com.android.build.api.component.impl.OldVariantApiLegacySupportImpl             : loaded 2 times (x 89B)
Class com.android.build.gradle.internal.scope.InternalArtifactType$NESTED_RESOURCES_VALIDATION_REPORT: loaded 2 times (x 74B)
Class com.android.build.gradle.internal.HostTestTaskManager$createTopLevelTasksCore$1 : loaded 2 times (x 75B)
Class com.android.build.api.component.impl.features.OptimizationCreationConfigImpl$proguardFiles$2: loaded 2 times (x 79B)
Class com.android.build.gradle.internal.core.MergedExternalNativeBuildOptions         : loaded 2 times (x 87B)
Class com.android.build.api.variant.impl.ApplicationVariantImpl$dexing$2              : loaded 2 times (x 79B)
Class com.android.build.gradle.internal.VariantManager$getFlavorSelection$1           : loaded 2 times (x 78B)
Class com.android.build.gradle.internal.dsl.ModulePropertyKey                         : loaded 2 times (x 70B)
Class com.android.build.gradle.internal.core.dsl.impl.ComponentDslInfoImpl$androidResourcesDsl$2: loaded 2 times (x 79B)
Class com.android.build.gradle.internal.VariantManager$getLazyManifestParser$1        : loaded 2 times (x 79B)
Class com.android.build.gradle.internal.plugins.DslContainerProvider$lock$5           : loaded 2 times (x 75B)
Class com.android.build.gradle.internal.dsl.BundleOptionsStoreArchive$AgpDecorated    : loaded 2 times (x 81B)
Class com.android.build.gradle.internal.dsl.ApplicationExtensionImpl$AgpDecorated_Decorated: loaded 2 times (x 468B)
Class com.google.protobuf.WireFormat                                                  : loaded 2 times (x 71B)
Class org.jetbrains.kotlin.gradle.report.ReportingSettings                            : loaded 2 times (x 72B)
Class org.jetbrains.kotlin.gradle.plugin.KotlinBasePluginWrapper                      : loaded 2 times (x 86B)
Class com.android.build.gradle.internal.plugins.BasePlugin$Companion$createAndroidJdkImageConfiguration$2: loaded 2 times (x 74B)
Class com.android.build.gradle.internal.ManagedDeviceUtilsKt                          : loaded 2 times (x 71B)
Class com.google.protobuf.DescriptorProtos$UninterpretedOptionOrBuilder               : loaded 2 times (x 70B)
Class com.android.tools.build.gradle.internal.profile.BooleanOption                   : loaded 2 times (x 87B)
Class org.jetbrains.kotlin.gradle.plugin.KotlinBaseApiPlugin$kaptExtension$2          : loaded 2 times (x 79B)
Class org.jetbrains.kotlin.gradle.internal.properties.PropertiesBuildService$IntGradleProperty: loaded 2 times (x 76B)
Class com.google.gson.TypeAdapter$1                                                   : loaded 2 times (x 74B)
Class org.jetbrains.kotlin.gradle.plugin.mpp.KotlinUsages$KotlinMetadataDisambiguation: loaded 2 times (x 76B)
Class org.jetbrains.kotlin.gradle.plugin.mpp.KotlinAndroidTargetVariantDsl            : loaded 2 times (x 70B)
Class com.android.build.gradle.internal.dsl.AgpExperimentalApiOptInRequiredException  : loaded 2 times (x 82B)
Class [Lcom.android.build.gradle.internal.core.Abi;                                   : loaded 2 times (x 69B)
Class com.android.build.gradle.internal.services.GlobalServiceRegistrationAction      : loaded 2 times (x 73B)
Class org.gradle.accessors.dm.LibrariesForLibsInPluginsBlock$AndroidxActivityLibraryAccessors: loaded 2 times (x 77B)
Class io.opentelemetry.api.trace.AutoValue_ArrayBasedTraceState                       : loaded 2 times (x 87B)
Class org.jetbrains.kotlin.compose.compiler.gradle.ComposeFeatureFlag                 : loaded 2 times (x 70B)
Class com.android.build.gradle.internal.dsl.MinSdkSpecImpl$AgpDecorated               : loaded 2 times (x 84B)
Class com.android.build.gradle.internal.manifest.LazyManifestParser$manifestData$1    : loaded 2 times (x 75B)
Class com.android.build.api.component.impl.ComponentBuilderImpl                       : loaded 2 times (x 92B)
Class org.jetbrains.kotlin.cli.common.arguments.K2JVMCompilerArguments                : loaded 2 times (x 76B)
Class com.amazon.ion.impl.bin.AbstractIonWriter                                       : loaded 2 times (x 161B)
Class gnu.trove.TObjectHash                                                           : loaded 2 times (x 94B)
Class org.jetbrains.plugins.gradle.tooling.util.ObjectCollector$Processor             : loaded 2 times (x 70B)
Class kotlin.jvm.functions.Function4                                                  : loaded 2 times (x 70B)
Class kotlin.collections.EmptySet                                                     : loaded 2 times (x 122B)
Class kotlin.annotation.Target                                                        : loaded 2 times (x 70B)
Class kotlin.collections.CollectionsKt___CollectionsKt                                : loaded 2 times (x 71B)
Class com.android.build.gradle.internal.res.LinkApplicationAndroidResourcesTask$CreationAction: loaded 2 times (x 96B)
Class com.android.build.gradle.tasks.ProcessApplicationManifest$CreationAction$handleProvider$1: loaded 2 times (x 127B)
Class com.android.build.gradle.internal.HostTestTaskManager$createTopLevelTasksCore$2 : loaded 2 times (x 75B)
Class com.android.build.api.instrumentation.FramesComputationMode                     : loaded 2 times (x 79B)
Class com.android.build.api.variant.DependenciesInfo                                  : loaded 2 times (x 70B)
Class com.android.build.gradle.internal.VariantManager$getFlavorSelection$2           : loaded 2 times (x 79B)
Class com.android.build.api.variant.impl.GlobalVariantBuilderConfigImpl               : loaded 2 times (x 77B)
Class com.android.build.gradle.internal.plugins.DslContainerProvider$lock$6           : loaded 2 times (x 75B)
Class com.android.build.gradle.internal.dsl.TargetSdkSpecImpl$AgpDecorated_Decorated  : loaded 2 times (x 129B)
Class com.android.build.gradle.internal.lint.AndroidLintGlobalTask$LintFixCreationAction$Companion: loaded 2 times (x 71B)
Class com.android.build.api.artifact.impl.SinglePropertyAdapter                       : loaded 2 times (x 78B)
Class com.android.build.api.artifact.impl.TypedStorageProvider                        : loaded 2 times (x 72B)
Class com.android.build.gradle.internal.plugins.BasePlugin$globalConfig$2$1           : loaded 2 times (x 79B)
Class com.android.build.gradle.internal.dsl.TestOptions$suites$2                      : loaded 2 times (x 79B)
Class com.android.build.gradle.internal.dsl.VariantDimensionBinaryCompatibilityFixParent: loaded 2 times (x 70B)
Class com.android.build.gradle.internal.variant.BaseVariantData                       : loaded 2 times (x 72B)
Class org.jetbrains.kotlin.gradle.dsl.JvmDefaultMode                                  : loaded 2 times (x 79B)
Class org.jetbrains.kotlin.gradle.plugin.ProjectLocalConfigurations$ProjectLocalCompatibility: loaded 2 times (x 76B)
Class org.jetbrains.kotlin.gradle.plugin.internal.DefaultMavenPublicationComponentAccessor: loaded 2 times (x 75B)
Class org.jetbrains.kotlin.gradle.plugin.internal.DefaultProjectIsolationStartParameterAccessor$Factory: loaded 2 times (x 76B)
Class org.jetbrains.kotlin.gradle.dsl.KotlinJvmCompilerOptions                        : loaded 2 times (x 70B)
Class com.android.build.gradle.internal.services.VersionedSdkLoaderService$versionedSdkLoader$2$1: loaded 2 times (x 75B)
Class com.android.build.gradle.internal.ide.dependencies.LibraryDependencyCacheBuildService$Parameters: loaded 2 times (x 70B)
Class com.google.protobuf.DescriptorProtos$EnumValueOptions$Builder                   : loaded 2 times (x 357B)
Class [Lcom.google.protobuf.Descriptors$FileDescriptor;                               : loaded 2 times (x 69B)
Class com.google.wireless.android.sdk.stats.GradleBuildMemorySample                   : loaded 2 times (x 203B)
Class com.android.build.gradle.internal.res.Aapt2FromMaven$Companion$create$aapt2Directory$1$1: loaded 2 times (x 74B)
Class com.android.build.api.variant.ExternalNativeBuild                               : loaded 2 times (x 70B)
Class com.google.common.collect.ForwardingMap                                         : loaded 2 times (x 132B)
Class com.android.build.gradle.internal.core.dsl.impl.InstrumentedTestDslInfoImpl     : loaded 2 times (x 80B)
Class com.android.build.api.component.impl.DeviceTestImpl$renderscriptCreationConfig$2: loaded 2 times (x 79B)
Class com.android.build.gradle.options.ProjectOptions$OptionValue                     : loaded 2 times (x 72B)
Class com.android.build.api.dsl.ApkExtension                                          : loaded 2 times (x 70B)
Class org.gradle.accessors.dm.LibrariesForLibs$AndroidxComposeUiTestLibraryAccessors  : loaded 2 times (x 78B)
Class org.gradle.tooling.model.eclipse.EclipseExternalDependency                      : loaded 2 times (x 70B)
Class org.gradle.tooling.internal.adapter.ProtocolToModelAdapter$TypeSpecificMappingAction: loaded 2 times (x 81B)
Class io.opentelemetry.api.trace.TraceState                                           : loaded 2 times (x 70B)
Class org.gradle.tooling.model.eclipse.HierarchicalEclipseProject                     : loaded 2 times (x 70B)
Class org.gradle.tooling.internal.consumer.versioning.VersionDetails$R35VersionDetails: loaded 2 times (x 80B)
Class com.android.build.gradle.tasks.MergeSourceSetFolders$MergeJniLibFoldersCreationAction$handleProvider$1: loaded 2 times (x 127B)
Class com.android.builder.model.v2.ide.AndroidLibraryData                             : loaded 2 times (x 70B)
Class com.android.builder.model.v2.ide.ApiVersion                                     : loaded 2 times (x 70B)
Class jdk.internal.jimage.ImageStrings                                                : loaded 2 times (x 70B)
Class com.amazon.ion.system.IonReaderBuilder                                          : loaded 2 times (x 95B)
Class com.amazon.ion.IonReader                                                        : loaded 2 times (x 70B)
Class gnu.trove.Equality                                                              : loaded 2 times (x 70B)
Class kotlin.text.StringsKt___StringsJvmKt                                            : loaded 2 times (x 71B)
Class kotlin.reflect.KDeclarationContainer                                            : loaded 2 times (x 70B)
Class kotlin.annotation.Retention                                                     : loaded 2 times (x 70B)
Class com.android.build.api.variant.impl.JniLibsTestedApkPackagingImpl$testOnly$1     : loaded 2 times (x 75B)
Class com.android.build.gradle.internal.tasks.CompressAssetsTask$CreationAction$handleProvider$1: loaded 2 times (x 127B)
Class com.android.build.api.component.impl.features.AndroidResourcesCreationConfigImpl$pseudoLocalesEnabled$2: loaded 2 times (x 79B)
Class com.android.build.gradle.tasks.ProcessMultiApkApplicationManifest$CreationAction: loaded 2 times (x 90B)
Class com.android.build.gradle.tasks.ProcessApplicationManifest$CreationAction$handleProvider$2: loaded 2 times (x 127B)
Class com.android.build.gradle.internal.tasks.PrepareLintJarForPublish                : loaded 2 times (x 321B)
Class com.android.build.gradle.internal.VariantTaskManager$Companion                  : loaded 2 times (x 71B)
Class [Lcom.google.wireless.android.sdk.stats.GradleBuildVariant$DexMergerTool;       : loaded 2 times (x 69B)
Class com.android.build.api.variant.VariantOutputConfiguration                        : loaded 2 times (x 70B)
Class com.android.build.gradle.internal.core.dsl.impl.ApplicationVariantDslInfoImpl$versionCode$2: loaded 2 times (x 79B)
Class com.android.build.gradle.internal.tasks.ExtractProguardFiles$CreationAction$handleProvider$1: loaded 2 times (x 127B)
Class com.android.build.gradle.internal.dsl.SdkComponentsImpl$ndkDirectory$2          : loaded 2 times (x 79B)
Class com.android.build.gradle.internal.dsl.Splits$AgpDecorated_Decorated             : loaded 2 times (x 129B)
Class com.android.repository.Revision$Precision                                       : loaded 2 times (x 79B)
Class com.android.build.api.dsl.ApplicationInstallation                               : loaded 2 times (x 70B)
Class com.android.build.api.dsl.ConfigurableFiles                                     : loaded 2 times (x 70B)
Class org.jetbrains.kotlin.gradle.utils.Completable                                   : loaded 2 times (x 72B)
Class org.jetbrains.kotlin.gradle.plugin.DefaultKotlinBasePlugin$addKotlinCompilerConfiguration$2$1: loaded 2 times (x 75B)
Class org.jetbrains.kotlin.gradle.plugin.internal.DefaultCompatibilityConventionRegistrar$Factory: loaded 2 times (x 76B)
Class com.android.builder.internal.StringCachingService                               : loaded 2 times (x 70B)
Class com.google.protobuf.Internal$EnumLiteMap                                        : loaded 2 times (x 70B)
Class com.google.wireless.android.sdk.stats.GradleBuildProject$CompileOptionsOrBuilder: loaded 2 times (x 70B)
Class com.google.wireless.android.sdk.stats.GradleBuildMemorySample$1                 : loaded 2 times (x 151B)
Class com.google.gson.internal.bind.TypeAdapters$34$1                                 : loaded 2 times (x 74B)
Class org.jetbrains.kotlin.gradle.tasks.configuration.AbstractKotlinCompileConfig$1   : loaded 2 times (x 79B)
Class org.jetbrains.kotlin.gradle.plugin.mpp.compilationImpl.KotlinCompilationFriendPathsResolver: loaded 2 times (x 70B)
Class org.gradle.api.internal.classpath.ManifestUtil                                  : loaded 2 times (x 71B)
Class com.android.build.gradle.options.FeatureStage$Experimental                      : loaded 2 times (x 72B)
Class [Lcom.android.build.gradle.internal.errors.DeprecationReporter$DeprecationTarget;: loaded 2 times (x 69B)
Class com.android.build.gradle.internal.services.ProjectServices                      : loaded 2 times (x 72B)
Class io.opentelemetry.context.LazyStorage                                            : loaded 2 times (x 71B)
Class [Lcom.google.common.io.FileWriteMode;                                           : loaded 2 times (x 69B)
Class com.android.builder.model.v2.models.Versions$Version                            : loaded 2 times (x 70B)
Class com.amazon.ion.IonClob                                                          : loaded 2 times (x 70B)
Class org.jetbrains.plugins.gradle.tooling.ModelBuilderService$Parameter              : loaded 2 times (x 70B)
Class kotlin.io.FilesKt                                                               : loaded 2 times (x 71B)
Class kotlin.collections.MapsKt___MapsKt                                              : loaded 2 times (x 71B)
Class kotlin.collections.ArraysKt___ArraysKt                                          : loaded 2 times (x 71B)
Class org.jetbrains.kotlin.gradle.dsl.KotlinVersion$Companion                         : loaded 2 times (x 71B)
Class org.jetbrains.kotlin.gradle.plugin.mpp.KotlinOnlyTarget                         : loaded 2 times (x 153B)
Class com.android.build.gradle.tasks.KotlinTaskCreationAction                         : loaded 2 times (x 76B)
Class com.android.build.gradle.tasks.ProcessApplicationManifest$CreationAction$handleProvider$3: loaded 2 times (x 127B)
Class com.android.build.gradle.internal.scope.InternalArtifactType$APK_IDE_MODEL      : loaded 2 times (x 74B)
Class com.android.build.gradle.internal.ScreenshotTestTaskManager                     : loaded 2 times (x 82B)
Class com.android.build.api.component.impl.HostTestImpl$androidResourcesCreationConfig$2: loaded 2 times (x 79B)
Class com.android.build.gradle.internal.variant.TestVariantData                       : loaded 2 times (x 72B)
Class com.android.build.gradle.internal.scope.MutableTaskContainer                    : loaded 2 times (x 96B)
Class com.android.build.api.attributes.AgpVersionAttr$Companion                       : loaded 2 times (x 71B)
Class com.google.wireless.android.sdk.stats.GradleBuildVariant$PrivacySandboxDependenciesInfo: loaded 2 times (x 199B)
Class com.android.build.api.variant.impl.DeviceTestBuilderImpl$Companion              : loaded 2 times (x 71B)
Class com.android.build.gradle.internal.core.MergedOptimization                       : loaded 2 times (x 76B)
Class com.android.build.gradle.internal.core.dsl.impl.ComponentDslInfoImpl            : loaded 2 times (x 120B)
Class com.android.build.gradle.internal.manifest.ManifestValueSource$Params           : loaded 2 times (x 70B)
Class com.android.build.gradle.internal.services.VariantBuilderServicesImpl           : loaded 2 times (x 88B)
Class com.android.build.gradle.internal.dsl.BundleOptionsDensity$AgpDecorated_Decorated: loaded 2 times (x 125B)
Class com.android.build.gradle.internal.dsl.AdbOptions                                : loaded 2 times (x 87B)
Class com.android.build.api.artifact.ArtifactKind                                     : loaded 2 times (x 72B)
Class com.android.build.gradle.internal.dsl.PackagingOptions                          : loaded 2 times (x 111B)
Class com.android.build.api.dsl.JavaCompileOptions                                    : loaded 2 times (x 70B)
Class com.android.build.gradle.internal.dsl.BundleOptionsTexture                      : loaded 2 times (x 81B)
Class org.bouncycastle.operator.OperatorCreationException                             : loaded 2 times (x 82B)
Class org.jetbrains.kotlin.gradle.dsl.DefaultToolchainSupport                         : loaded 2 times (x 76B)
Class org.jetbrains.kotlin.gradle.plugin.VariantImplementationFactories$Inject_       : loaded 2 times (x 106B)
Class org.jetbrains.kotlin.gradle.plugin.internal.CustomPropertiesFileValueSource     : loaded 2 times (x 82B)
Class org.jetbrains.kotlin.gradle.InternalKotlinGradlePluginApi                       : loaded 2 times (x 70B)
Class com.android.build.gradle.internal.plugins.BasePlugin$versionedSdkLoaderService$2$1: loaded 2 times (x 79B)
Class [Lcom.android.prefs.VariableType;                                               : loaded 2 times (x 69B)
Class com.google.protobuf.DescriptorProtos$EnumOptions                                : loaded 2 times (x 254B)
Class org.gradle.tooling.model.build.GradleEnvironment                                : loaded 2 times (x 70B)
Class com.google.protobuf.LazyStringList                                              : loaded 2 times (x 70B)
Class org.jetbrains.plugins.gradle.tooling.util.IntObjectMap$ObjectFactory            : loaded 2 times (x 70B)
Class com.amazon.ion.IonException                                                     : loaded 2 times (x 84B)
Class com.android.utils.Environment$Companion                                         : loaded 2 times (x 71B)
Class com.android.build.gradle.internal.plugins.VersionCheckPlugin$apply$1            : loaded 2 times (x 79B)
Class org.gradle.accessors.dm.LibrariesForLibs$AndroidPluginAccessors                 : loaded 2 times (x 74B)
Class com.amazon.ion.util.GzipStreamInterceptor                                       : loaded 2 times (x 85B)
Class org.jetbrains.kotlin.idea.gradleTooling.KotlinDslScriptModelProvider            : loaded 2 times (x 79B)
Class com.google.common.io.Files                                                      : loaded 2 times (x 71B)
Class org.jetbrains.kotlin.cli.common.arguments.CommonCompilerArguments               : loaded 2 times (x 75B)
Class com.google.common.cache.LocalCache$WriteThroughEntry                            : loaded 2 times (x 79B)
Class com.google.common.cache.LocalCache$HashIterator                                 : loaded 2 times (x 86B)
Class com.amazon.ion.impl.lite.IonLobLite                                             : loaded 2 times (x 184B)
Class com.amazon.ion.impl.lite.IonTextLite                                            : loaded 2 times (x 181B)
Class com.amazon.ion.IonNumber                                                        : loaded 2 times (x 70B)
Class gnu.trove.TObjectHashingStrategy                                                : loaded 2 times (x 70B)
Class kotlin.collections.MapsKt__MapWithDefaultKt                                     : loaded 2 times (x 71B)
Class com.android.build.gradle.internal.tasks.MergeGeneratedProguardFilesCreationAction$Companion: loaded 2 times (x 71B)
Class org.jetbrains.kotlin.gradle.internal.CompilerOptionsDslHelpersKt                : loaded 2 times (x 71B)
Class org.jetbrains.kotlin.gradle.internal.transforms.BuildToolsApiClasspathEntrySnapshotTransform$Inject_1: loaded 2 times (x 113B)
Class com.android.build.gradle.internal.component.KmpComponentCreationConfig          : loaded 2 times (x 70B)
Class com.android.build.gradle.tasks.ProcessApplicationManifest$CreationAction$handleProvider$4: loaded 2 times (x 74B)
Class com.android.build.gradle.tasks.ProcessApplicationManifest                       : loaded 2 times (x 355B)
Class [Lcom.android.build.gradle.internal.scope.Java8LangSupport;                     : loaded 2 times (x 69B)
Class com.android.build.gradle.internal.scope.AndroidTestBuildFeatureValuesImpl       : loaded 2 times (x 100B)
Class com.android.build.api.variant.impl.AndroidTestBuilderImpl                       : loaded 2 times (x 96B)
Class com.android.build.gradle.internal.plugins.BasePlugin$variantManager$2$1         : loaded 2 times (x 79B)
Class com.android.build.gradle.internal.tasks.factory.GlobalTaskCreationConfigImpl$Companion: loaded 2 times (x 71B)
Class com.android.build.api.dsl.UnitTestOptions                                       : loaded 2 times (x 70B)
Class com.android.builder.core.ToolsRevisionUtils                                     : loaded 2 times (x 71B)
Class com.android.builder.model.BaseConfig                                            : loaded 2 times (x 70B)
Class com.android.build.gradle.internal.dsl.AndroidSourceSetFactory                   : loaded 2 times (x 77B)
Class [Lcom.google.wireless.android.sdk.stats.GradleBuildVariant$VariantType;         : loaded 2 times (x 69B)
Class com.amazon.ion.impl.bin.IonManagedBinaryWriter$UserState$3                      : loaded 2 times (x 85B)
Class org.jetbrains.kotlin.gradle.internal.properties.NativePropertiesLoader$konanDataDirProperty$1: loaded 2 times (x 75B)
Class org.jetbrains.kotlin.gradle.plugin.KotlinGradleBuildServices$Inject_            : loaded 2 times (x 100B)
Class org.jetbrains.kotlin.gradle.plugin.KotlinGradleBuildServices$Companion$registerIfAbsent$2$1: loaded 2 times (x 79B)
Class org.jetbrains.kotlin.gradle.plugin.PropertiesProvider$keepIncrementalCompilationCachesInMemory$1: loaded 2 times (x 79B)
Class org.jetbrains.kotlin.gradle.plugin.VariantImplementationFactoriesConfigurator$Inject_: loaded 2 times (x 96B)
Class com.android.builder.model.v2.models.VariantDependenciesAdjacencyList            : loaded 2 times (x 70B)
Class com.android.prefs.QueryResult                                                   : loaded 2 times (x 82B)
Class com.google.protobuf.FieldSet                                                    : loaded 2 times (x 72B)
Class com.intellij.gradle.toolingExtension.modelAction.GradleModelFetchPhase$ProjectLoaded: loaded 2 times (x 70B)
Class com.android.tools.analytics.HostData$runtimeBean$2                              : loaded 2 times (x 78B)
Class com.google.protobuf.MutabilityOracle                                            : loaded 2 times (x 70B)
Class com.google.protobuf.GeneratedMessageV3$Builder                                  : loaded 2 times (x 278B)
Class com.intellij.gradle.toolingExtension.modelProvider.GradleClassProjectModelProvider: loaded 2 times (x 80B)
Class [Lio.opentelemetry.api.trace.ImmutableTraceFlags;                               : loaded 2 times (x 69B)
Class com.android.builder.errors.EvalIssueException                                   : loaded 2 times (x 82B)
Class com.android.build.gradle.options.ApiStage$Removed                               : loaded 2 times (x 72B)
Class com.android.build.gradle.internal.plugins.BasePlugin$apply$1                    : loaded 2 times (x 75B)
Class com.android.ide.common.blame.SourcePosition                                     : loaded 2 times (x 71B)
Class com.android.build.gradle.internal.utils.AnalyticsEnabledValueSource$Params$Inject_: loaded 2 times (x 106B)
Class org.jetbrains.kotlin.idea.projectModel.ExtraFeatures                            : loaded 2 times (x 70B)
Class org.jetbrains.kotlin.cli.common.arguments.CommonCompilerArgumentsConfigurator   : loaded 2 times (x 74B)
Class [Lcom.amazon.ion.impl.bin.IonManagedBinaryWriter$UserState;                     : loaded 2 times (x 69B)
Class com.amazon.ion.impl.bin.utf8.Utf8StringEncoder                                  : loaded 2 times (x 80B)
Class com.amazon.ion.IonBool                                                          : loaded 2 times (x 70B)
Class kotlin.text.StringsKt___StringsKt                                               : loaded 2 times (x 71B)
Class com.google.common.collect.NullsLastOrdering                                     : loaded 2 times (x 115B)
Class kotlin.collections.CollectionsKt__MutableCollectionsJVMKt                       : loaded 2 times (x 71B)
Class org.jetbrains.kotlin.gradle.dsl.KotlinJvmCompile                                : loaded 2 times (x 70B)
Class com.android.build.gradle.internal.scope.InternalArtifactType$ANNOTATION_PROCESSOR_LIST: loaded 2 times (x 74B)
Class com.android.build.gradle.tasks.GenerateManifestJarTask$CreationAction           : loaded 2 times (x 90B)
Class com.android.build.gradle.internal.tasks.ExtractNativeDebugMetadataTask$CreationAction: loaded 2 times (x 91B)
Class com.google.common.base.VerifyException                                          : loaded 2 times (x 82B)
Class com.android.build.gradle.internal.core.dsl.InstrumentedTestComponentDslInfo     : loaded 2 times (x 70B)
Class com.android.build.api.variant.impl.VariantImpl$pseudoLocalesEnabled$2           : loaded 2 times (x 79B)
Class com.android.build.api.component.impl.ComponentImpl$oldVariantApiLegacySupport$2 : loaded 2 times (x 79B)
Class com.android.build.gradle.internal.core.dsl.impl.DslInfoBuilder$Companion        : loaded 2 times (x 71B)
Class com.android.build.gradle.internal.api.ReadOnlyObjectProvider                    : loaded 2 times (x 76B)
Class com.android.builder.core.LibraryRequest                                         : loaded 2 times (x 72B)
Class com.google.common.base.Enums                                                    : loaded 2 times (x 71B)
Class com.android.builder.model.VectorDrawablesOptions                                : loaded 2 times (x 70B)
Class com.google.protobuf.CodedInputStream$StreamDecoder                              : loaded 2 times (x 120B)
Class com.android.build.gradle.internal.dsl.MaxSdkSpecImpl                            : loaded 2 times (x 79B)
Class com.android.build.gradle.internal.dsl.DefaultConfig                             : loaded 2 times (x 438B)
Class org.jetbrains.kotlin.gradle.plugin.UsesVariantImplementationFactories           : loaded 2 times (x 70B)
Class org.jetbrains.kotlin.gradle.internal.Kapt3GradleSubplugin                       : loaded 2 times (x 83B)
Class com.android.build.gradle.internal.services.AndroidLocationsBuildService$AndroidDirectoryCreator$Inject_: loaded 2 times (x 111B)
Class com.google.protobuf.Android                                                     : loaded 2 times (x 71B)
Class com.google.protobuf.Descriptors$DescriptorValidationException                   : loaded 2 times (x 85B)
Class com.android.build.gradle.internal.services.Aapt2ThreadPoolBuildService$RegistrationAction: loaded 2 times (x 74B)
Class com.android.build.gradle.internal.AvdComponentsBuildService                     : loaded 2 times (x 76B)
Class com.android.build.gradle.internal.services.FakeDependencyJarBuildService$Params : loaded 2 times (x 70B)
Class org.jetbrains.kotlin.gradle.plugin.internal.CustomPropertiesFileValueSource$Parameters$Inject_: loaded 2 times (x 106B)
Class [Lcom.android.build.gradle.options.BooleanOption;                               : loaded 2 times (x 69B)
Class com.android.build.gradle.internal.services.ServiceRegistrationAction$execute$1  : loaded 2 times (x 75B)
Class [Lcom.google.common.util.concurrent.DirectExecutor;                             : loaded 2 times (x 69B)
Class io.opentelemetry.context.propagation.NoopTextMapPropagator                      : loaded 2 times (x 76B)
Class com.android.tools.idea.gradle.project.sync.GradleSyncStudioFlags                : loaded 2 times (x 72B)
Class org.jetbrains.kotlin.gradle.report.BuildReportType                              : loaded 2 times (x 79B)
Class com.intellij.gradle.toolingExtension.modelAction.GradleBuildFinishedModelFetchPhase: loaded 2 times (x 81B)
Class com.google.gson.internal.reflect.ReflectionHelper                               : loaded 2 times (x 71B)
Class com.android.builder.model.v2.models.VariantDependencies                         : loaded 2 times (x 70B)
Class com.amazon.ion.IonLoader                                                        : loaded 2 times (x 70B)
Class org.jetbrains.plugins.gradle.model.GradleProperty                               : loaded 2 times (x 70B)
Class gnu.trove.TObjectCanonicalHashingStrategy                                       : loaded 2 times (x 78B)
Class com.google.common.collect.ImmutableRangeSet$ComplementRanges                    : loaded 2 times (x 207B)
Class org.gradle.internal.classloader.SystemClassLoaderSpec                           : loaded 2 times (x 71B)
Class org.jetbrains.kotlin.gradle.plugin.mpp.compilationImpl.factory.KotlinCompilationImplFactory$PostConfigure: loaded 2 times (x 70B)
Class org.jetbrains.kotlin.gradle.tasks.configuration.BaseKotlinCompileConfig$1$1     : loaded 2 times (x 75B)
Class com.android.build.gradle.internal.res.GenerateLibraryRFileTask                  : loaded 2 times (x 342B)
Class com.android.build.gradle.internal.scope.InternalArtifactType$MERGED_RES_BLAME_FOLDER: loaded 2 times (x 74B)
Class com.android.build.gradle.internal.AndroidTestTaskManager                        : loaded 2 times (x 82B)
Class com.android.build.gradle.internal.core.dsl.impl.HostTestComponentDslInfoImpl$namespace$2: loaded 2 times (x 79B)
Class com.android.build.api.variant.TestFixtures                                      : loaded 2 times (x 70B)
Class com.android.build.api.variant.DeviceTest                                        : loaded 2 times (x 70B)
Class com.android.build.gradle.internal.core.dsl.impl.ConsumableComponentDslInfoImpl$renderscriptDslInfo$2: loaded 2 times (x 79B)
Class com.android.build.gradle.internal.dsl.SdkComponentsImpl$aidl$2                  : loaded 2 times (x 79B)
Class com.android.build.gradle.internal.dsl.CmakeOptions$AgpDecorated                 : loaded 2 times (x 102B)
Class com.android.build.gradle.internal.dependency.SourceSetManager$createConfigurationsForSourceSet$createKaptConfiguration$1: loaded 2 times (x 79B)
Class com.android.build.gradle.internal.dsl.JavaCompileOptions$AgpDecorated           : loaded 2 times (x 86B)
Class com.android.build.api.dsl.NdkBuildFlags                                         : loaded 2 times (x 70B)
Class com.android.build.gradle.internal.dsl.CoreExternalNativeNdkBuildOptions         : loaded 2 times (x 70B)
Class com.google.common.base.CaseFormat                                               : loaded 2 times (x 83B)
Class com.android.build.gradle.internal.dsl.DefaultConfig$AgpDecorated_Decorated      : loaded 2 times (x 517B)
Class org.jetbrains.kotlin.gradle.plugin.mpp.AbstractKotlinTarget$kotlinComponents$2  : loaded 2 times (x 79B)
Class org.jetbrains.kotlin.gradle.plugin.KotlinPlatformType$CompatibilityRule         : loaded 2 times (x 76B)
Class org.jetbrains.kotlin.gradle.internal.properties.NativePropertiesLoader$actualNativeHomeDirectory$1: loaded 2 times (x 75B)
Class org.jetbrains.kotlin.gradle.internal.properties.NativePropertiesKt              : loaded 2 times (x 71B)
Class com.android.tools.build.gradle.internal.profile.IntegerOption                   : loaded 2 times (x 87B)
Class [Lcom.google.protobuf.Descriptors$GenericDescriptor;                            : loaded 2 times (x 69B)
Class org.jetbrains.kotlin.gradle.targets.native.KonanPropertiesBuildService$Companion$registerIfAbsent$2$1: loaded 2 times (x 79B)
Class com.android.build.api.dsl.JUnitEngineSpec                                       : loaded 2 times (x 70B)
Class com.android.build.gradle.internal.dsl.ApplicationBuildFeaturesImpl_Decorated    : loaded 2 times (x 170B)
Class com.google.gson.internal.bind.TypeAdapters$EnumTypeAdapter                      : loaded 2 times (x 74B)
Class com.google.gson.internal.bind.TypeAdapters$28                                   : loaded 2 times (x 75B)
Class com.android.build.gradle.internal.dsl.JniLibsPackagingImpl$AgpDecorated_Decorated: loaded 2 times (x 138B)
Class com.android.build.api.variant.CanMinifyCodeBuilder                              : loaded 2 times (x 70B)
Class com.android.build.gradle.internal.dsl.DexOptions                                : loaded 2 times (x 103B)
Class com.android.build.api.artifact.impl.StorageProviderImpl                         : loaded 2 times (x 72B)
Class com.android.build.gradle.internal.tasks.LintCompile                             : loaded 2 times (x 320B)
Class com.android.builder.model.v2.ide.TestedTargetVariant                            : loaded 2 times (x 70B)
Class com.amazon.ion.impl._Private_Utils                                              : loaded 2 times (x 71B)
Class kotlin.ranges.IntRange$Companion                                                : loaded 2 times (x 71B)
Class kotlin.text.MatcherMatchResult$groups$1                                         : loaded 2 times (x 151B)
Class kotlin.collections.EmptyMap                                                     : loaded 2 times (x 108B)
Class kotlin.reflect.KAnnotatedElement                                                : loaded 2 times (x 70B)
Class kotlin.jvm.internal.markers.KMutableCollection                                  : loaded 2 times (x 70B)
Class kotlin.coroutines.intrinsics.IntrinsicsKt                                       : loaded 2 times (x 71B)
Class org.gradle.kotlin.dsl.ImplementationConfigurationAccessorsKt                    : loaded 2 times (x 71B)
Class org.jetbrains.kotlin.gradle.plugin.mpp.compilationImpl.factory.KotlinCompilationDependencyConfigurationsFactoriesKt: loaded 2 times (x 71B)
Class org.jetbrains.kotlin.gradle.plugin.mpp.compilationImpl.DefaultKotlinCompilationFriendPathsResolver: loaded 2 times (x 75B)
Class org.jetbrains.kotlin.gradle.tasks.configuration.BaseKotlinCompileConfig$registerBuildToolsApiTransformations$1: loaded 2 times (x 75B)
Class org.jetbrains.kotlin.gradle.tasks.configuration.AbstractKotlinCompileConfigKt$sam$org_gradle_api_Action$0: loaded 2 times (x 75B)
Class org.jetbrains.kotlin.gradle.plugin.internal.BuildIdService                      : loaded 2 times (x 76B)
Class com.android.build.gradle.internal.res.ParseLibraryResourcesTask                 : loaded 2 times (x 335B)
Class com.android.build.gradle.internal.res.LinkApplicationAndroidResourcesTask$CreationAction$handleProvider$1: loaded 2 times (x 127B)
Class com.android.build.gradle.internal.TaskManager$MergeType$PACKAGE                 : loaded 2 times (x 80B)
Class com.android.build.gradle.internal.tasks.ValidateResourcesTask                   : loaded 2 times (x 327B)
Class com.android.build.gradle.internal.coverage.tasks.CodeCoverageReportTask$AggregatedCoverageReportCreationAction$handleProvider$1: loaded 2 times (x 127B)
Class com.android.build.gradle.internal.services.BuiltInKotlinSupportMode$Supported$BuiltInKotlinBooleanOptionEnabled: loaded 2 times (x 71B)
Class com.android.build.gradle.internal.core.dsl.impl.AndroidTestComponentDslInfoImpl$signingConfigResolver$2: loaded 2 times (x 79B)
Class com.android.build.api.variant.Renderscript                                      : loaded 2 times (x 70B)
Class com.android.build.api.variant.SigningConfig                                     : loaded 2 times (x 70B)
Class com.android.build.gradle.internal.component.features.DexingCreationConfig       : loaded 2 times (x 70B)
Class com.android.build.gradle.internal.dependency.SourceTypeCompatibilityRule        : loaded 2 times (x 76B)
Class org.jetbrains.kotlin.gradle.plugin.SubpluginArtifact                            : loaded 2 times (x 72B)
Class com.android.build.gradle.internal.dsl.BaseAppModuleExtension_Decorated          : loaded 2 times (x 540B)
Class com.android.build.gradle.internal.api.artifact.SourceArtifactType$JNI           : loaded 2 times (x 74B)
Class com.android.build.gradle.internal.scope.BuildFeatureValues                      : loaded 2 times (x 70B)
Class com.android.build.gradle.internal.dsl.LibraryAndroidResourcesImpl               : loaded 2 times (x 121B)
Class com.android.build.gradle.internal.model.CoreExternalNativeBuild                 : loaded 2 times (x 70B)
Class com.android.build.api.dsl.ApplicationProductFlavor                              : loaded 2 times (x 70B)
Class org.jetbrains.kotlin.gradle.dsl.KotlinVersion                                   : loaded 2 times (x 79B)
Class org.jetbrains.kotlin.gradle.internal.properties.NativePropertiesLoader$actualNativeHomeDirectory$2: loaded 2 times (x 74B)
Class org.jetbrains.kotlin.gradle.utils.StoredPropertyKt                              : loaded 2 times (x 71B)
Class com.google.protobuf.DescriptorProtos$FileOptions$Builder                        : loaded 2 times (x 403B)
Class com.google.wireless.android.sdk.stats.GradleProjectOptionsSettings$1            : loaded 2 times (x 151B)
Class com.android.build.gradle.internal.manifest.ManifestValueSource$Params_Decorated : loaded 2 times (x 130B)
Class com.google.protobuf.AbstractProtobufList                                        : loaded 2 times (x 229B)
Class com.android.build.gradle.internal.dependency.VariantDependenciesBuilder         : loaded 2 times (x 82B)
Class com.android.build.api.attributes.AgpVersionAttr                                 : loaded 2 times (x 70B)
Class com.android.build.gradle.internal.variant.ApkVariantData                        : loaded 2 times (x 72B)
Class com.android.build.api.variant.AnnotationProcessor                               : loaded 2 times (x 70B)
Class com.google.common.util.concurrent.ListeningScheduledExecutorService             : loaded 2 times (x 70B)
Class org.gradle.accessors.dm.LibrariesForLibs$AndroidxLibraryAccessors               : loaded 2 times (x 82B)
Class com.android.build.gradle.internal.tasks.AppClasspathCheckTask$CreationAction    : loaded 2 times (x 90B)
Class org.gradle.tooling.internal.consumer.connection.NestedActionAwareBuildControllerAdapter: loaded 2 times (x 101B)
Class org.gradle.tooling.internal.consumer.versioning.VersionDetails$R51VersionDetails: loaded 2 times (x 80B)
Class org.gradle.tooling.model.gradle.GradleBuild                                     : loaded 2 times (x 70B)
Class io.opentelemetry.api.trace.Span                                                 : loaded 2 times (x 70B)
Class org.gradle.tooling.internal.consumer.versioning.VersionDetails                  : loaded 2 times (x 80B)
Class com.google.common.io.ByteStreams$LimitedInputStream                             : loaded 2 times (x 92B)
Class jdk.internal.jrtfs.JrtFileSystem                                                : loaded 2 times (x 102B)
Class com.intellij.gradle.toolingExtension.impl.model.projectModel.GradleExternalProjectSerializationService$ReadContext: loaded 2 times (x 73B)
Class com.intellij.gradle.toolingExtension.impl.model.dependencyModel.DependencyWriteContext: loaded 2 times (x 72B)
Class kotlin.collections.MapsKt                                                       : loaded 2 times (x 71B)
Class kotlin.coroutines.intrinsics.CoroutineSingletons                                : loaded 2 times (x 79B)
Class kotlin.collections.CollectionsKt__IterablesKt                                   : loaded 2 times (x 71B)
Class org.jetbrains.kotlin.gradle.plugin.mpp.compilationImpl.KotlinCompilationSourceSetsContainerKt: loaded 2 times (x 71B)
Class org.jetbrains.kotlin.gradle.tasks.configuration.BaseKotlinCompileConfig$registerBuildToolsApiTransformations$2: loaded 2 times (x 75B)
Class org.jetbrains.kotlin.gradle.tasks.KotlinJvmCompile                              : loaded 2 times (x 70B)
Class com.android.build.api.variant.impl.ResourcesPackagingImpl$excludes$1            : loaded 2 times (x 75B)
Class com.android.build.gradle.internal.res.LinkApplicationAndroidResourcesTask$CreationAction$handleProvider$2: loaded 2 times (x 127B)
Class com.android.build.api.component.impl.HostTestImpl_Decorated                     : loaded 2 times (x 483B)
Class com.android.build.gradle.internal.services.BuiltInKaptSupportMode               : loaded 2 times (x 71B)
Class com.android.build.gradle.internal.cxx.configure.NativeModelBuilderOutcome$Builder: loaded 2 times (x 322B)
Class com.android.build.gradle.internal.variant.VariantModelImpl                      : loaded 2 times (x 87B)
Class com.android.build.api.variant.VariantSelector                                   : loaded 2 times (x 70B)
Class com.android.build.gradle.api.InstallableVariant                                 : loaded 2 times (x 70B)
Class com.android.build.gradle.internal.dsl.LintImpl$AgpDecorated_Decorated           : loaded 2 times (x 303B)
Class com.android.build.gradle.internal.dsl.PackagingOptions$AgpDecorated_Decorated   : loaded 2 times (x 162B)
Class com.android.build.gradle.internal.dsl.CoreProductFlavor                         : loaded 2 times (x 70B)
Class com.android.build.api.dsl.BuildType                                             : loaded 2 times (x 70B)
Class com.android.build.gradle.tasks.ExtractDeepLinksTask$BaseCreationAction          : loaded 2 times (x 93B)
Class org.jetbrains.kotlin.gradle.internal.properties.NativePropertiesLoader$actualNativeHomeDirectory$3: loaded 2 times (x 75B)
Class org.jetbrains.kotlin.gradle.report.BuildReportMode                              : loaded 2 times (x 79B)
Class org.jetbrains.kotlin.gradle.plugin.VariantImplementationFactories$Companion$getProvider$2$1$1: loaded 2 times (x 75B)
Class org.jetbrains.kotlin.gradle.plugin.internal.ProjectIsolationStartParameterAccessor$Factory: loaded 2 times (x 70B)
Class com.google.protobuf.Descriptors$NumberGetter                                    : loaded 2 times (x 70B)
Class com.google.protobuf.LazyField                                                   : loaded 2 times (x 85B)
Class com.android.tools.analytics.HostData$graphicsEnvironment$2                      : loaded 2 times (x 78B)
Class com.google.protobuf.Message$Builder                                             : loaded 2 times (x 70B)
Class com.android.tools.analytics.Environment$EnvironmentVariable                     : loaded 2 times (x 79B)
Class com.android.build.gradle.internal.errors.AndroidProblemReporterProvider$Parameters_Decorated: loaded 2 times (x 130B)
Class com.android.build.gradle.internal.errors.AndroidProblemReporterProvider$Parameters: loaded 2 times (x 70B)
Class com.android.build.gradle.internal.dependency.VariantDependencies$Companion$WhenMappings: loaded 2 times (x 71B)
Class com.google.common.collect.ImmutableMultimap$1                                   : loaded 2 times (x 82B)
Class jdk.internal.jimage.decompressor.CompressedResourceHeader                       : loaded 2 times (x 71B)
Class org.jetbrains.plugins.gradle.model.GradleConfiguration                          : loaded 2 times (x 70B)
Class com.amazon.ion.impl.bin.utf8.Utf8StringEncoderPool                              : loaded 2 times (x 74B)
Class com.amazon.ion.impl._Private_IonSystem                                          : loaded 2 times (x 70B)
Class com.amazon.ion.BufferConfiguration$OversizedValueHandler                        : loaded 2 times (x 70B)
Class kotlin.ranges.OpenEndRange                                                      : loaded 2 times (x 70B)
Class kotlin.sequences.SequenceBuilderIterator                                        : loaded 2 times (x 85B)
Class org.jetbrains.kotlin.gradle.plugin.mpp.compilationImpl.KotlinCompilationRegisterInSourceSetsConfigurator: loaded 2 times (x 74B)
Class org.jetbrains.kotlin.gradle.plugin.mpp.compilationImpl.factory.DefaultKotlinCompilationTaskNamesContainerFactory: loaded 2 times (x 74B)
Class org.jetbrains.kotlin.gradle.plugin.mpp.compilationImpl.DefaultKotlinCompilationFriendPathsResolver$FriendArtifactResolver$Companion: loaded 2 times (x 71B)
Class com.android.build.gradle.internal.dependency.ProvidedClasspathSubtractor        : loaded 2 times (x 72B)
Class [Lcom.android.build.gradle.internal.dependency.AdditionalArtifactType;          : loaded 2 times (x 69B)
Class com.android.build.api.component.impl.DeviceTestImpl$buildConfigFields$2         : loaded 2 times (x 79B)
Class com.android.build.gradle.internal.core.dsl.impl.AndroidTestComponentDslInfoImpl$instrumentedTestDelegate$2: loaded 2 times (x 79B)
Class com.google.wireless.android.sdk.stats.ApiVersion                                : loaded 2 times (x 199B)
Class com.google.wireless.android.sdk.stats.AsmFramesComputationModeUpdate            : loaded 2 times (x 195B)
Class com.android.build.gradle.internal.tasks.factory.BootClasspathConfigImpl$1       : loaded 2 times (x 79B)
Class com.android.build.gradle.internal.api.DefaultAndroidSourceSet$AndroidSourceDirectorySetFactory: loaded 2 times (x 75B)
Class com.android.build.gradle.internal.dsl.KmpOptimizationImpl                       : loaded 2 times (x 83B)
Class com.android.build.api.dsl.BundleTexture                                         : loaded 2 times (x 70B)
Class com.android.build.api.dsl.ApkSigningConfig                                      : loaded 2 times (x 70B)
Class org.jetbrains.kotlin.gradle.plugin.mpp.AbstractKotlinTarget$components$2        : loaded 2 times (x 79B)
Class org.jetbrains.kotlin.gradle.plugin.mpp.KotlinUsages$setupAttributesMatchingStrategy$1: loaded 2 times (x 74B)
Class org.jetbrains.kotlin.gradle.plugin.KotlinGradleBuildServices$Companion$registerIfAbsent$2$1$1: loaded 2 times (x 75B)
Class org.jetbrains.kotlin.gradle.plugin.PropertiesProvider$preciseCompilationResultsBackup$1: loaded 2 times (x 79B)
Class org.jetbrains.kotlin.gradle.internal.diagnostics.AgpCompatibilityCheck$runAgpCompatibilityCheckIfAgpIsApplied$1$1: loaded 2 times (x 75B)
Class org.jetbrains.kotlin.gradle.utils.AndroidPluginIdsKt                            : loaded 2 times (x 71B)
Class org.jetbrains.kotlin.gradle.plugin.KotlinBaseApiPlugin_Decorated                : loaded 2 times (x 163B)
Class org.jetbrains.kotlin.gradle.plugin.KotlinBasePlugin                             : loaded 2 times (x 70B)
Class com.android.build.gradle.internal.services.FakeDependencyJarBuildService        : loaded 2 times (x 82B)
Class com.android.build.gradle.internal.dependency.JacocoInstrumentationService$RegistrationAction: loaded 2 times (x 74B)
Class com.android.build.gradle.internal.tasks.ModuleMetadataWriterTask$CreationAction$handleProvider$1: loaded 2 times (x 127B)
Class com.google.protobuf.MessageReflection$MergeTarget                               : loaded 2 times (x 70B)
Class com.google.protobuf.DescriptorProtos$EnumValueDescriptorProto                   : loaded 2 times (x 202B)
Class com.android.tools.build.gradle.internal.profile.BooleanOption$1                 : loaded 2 times (x 76B)
Class com.google.wireless.android.sdk.stats.GradleIntegerOptionEntryOrBuilder         : loaded 2 times (x 70B)
Class com.android.build.gradle.tasks.MergeSourceSetFolders$MergeAssetCreationAction   : loaded 2 times (x 91B)
Class com.android.build.api.variant.impl.JniLibsTestedApkPackagingImpl                : loaded 2 times (x 91B)
Class org.jetbrains.kotlin.gradle.report.UsesBuildMetricsService                      : loaded 2 times (x 70B)
Class com.android.build.gradle.internal.plugins.AndroidPluginBaseServices$projectServices$2$1$1: loaded 2 times (x 125B)
Class org.jetbrains.kotlin.gradle.utils.ConfigurationCacheOpaqueValueSource           : loaded 2 times (x 79B)
Class [Lcom.android.build.gradle.options.ReplacedOption;                              : loaded 2 times (x 69B)
Class com.android.build.gradle.internal.plugins.BasePlugin$Companion                  : loaded 2 times (x 71B)
Class org.jetbrains.kotlin.gradle.plugin.KotlinCompilerPluginSupportPlugin            : loaded 2 times (x 70B)
Class org.gradle.accessors.dm.LibrariesForLibsInPluginsBlock$AndroidxComposeUiToolingLibraryAccessors: loaded 2 times (x 83B)
Class org.gradle.accessors.dm.LibrariesForLibsInPluginsBlock$AndroidxComposeUiLibraryAccessors: loaded 2 times (x 85B)
Class org.gradle.accessors.dm.LibrariesForLibs$KotlinPluginAccessors                  : loaded 2 times (x 74B)
Class org.jetbrains.kotlin.gradle.plugin.mpp.compilationImpl.factory.KotlinCompilationImplFactory$KotlinCompilationSourceSetsContainerFactory: loaded 2 times (x 70B)
Class org.jetbrains.kotlin.gradle.utils.MutableObservableSet                          : loaded 2 times (x 70B)
Class io.opentelemetry.api.OpenTelemetry                                              : loaded 2 times (x 70B)
Class org.jetbrains.kotlin.gradle.plugin.hierarchy.KotlinSourceSetTreeClassifierKt    : loaded 2 times (x 71B)
Class com.android.build.gradle.internal.TaskManager$addSubpluginOptionsForBuiltInKotlin$configureKotlinTask$1: loaded 2 times (x 79B)
Class com.google.common.collect.ImmutableMultimap$2                                   : loaded 2 times (x 81B)
Class com.android.ide.common.repository.AgpVersion$Companion$WhenMappings             : loaded 2 times (x 71B)
Class com.amazon.ion.IonDecimal                                                       : loaded 2 times (x 70B)
Class kotlin.ranges.RangesKt___RangesKt                                               : loaded 2 times (x 71B)
Class org.gradle.tooling.model.idea.IdeaLanguageLevel                                 : loaded 2 times (x 70B)
Class com.android.build.gradle.tasks.MapSourceSetPathsTask                            : loaded 2 times (x 338B)
Class com.android.build.api.component.impl.OldVariantApiLegacySupportImpl$manifestPlaceholdersDslInfo$2: loaded 2 times (x 79B)
Class com.android.build.gradle.internal.tasks.ModuleMetadataWriterTask                : loaded 2 times (x 334B)
Class com.android.build.gradle.internal.dependency.VariantDependencies$computeArtifactCollection$1: loaded 2 times (x 78B)
Class com.android.build.api.component.analytics.AnalyticsEnabledApplicationVariant$userVisibleSigningConfig$2: loaded 2 times (x 79B)
Class com.android.build.api.component.impl.LifecycleTasksImpl                         : loaded 2 times (x 76B)
Class com.android.build.api.component.impl.TestFixturesImpl                           : loaded 2 times (x 364B)
Class com.google.wireless.android.sdk.stats.GradleBuildVariant$KotlinOptions          : loaded 2 times (x 199B)
Class com.android.build.gradle.internal.core.dsl.impl.features.OptimizationDslInfoImpl: loaded 2 times (x 98B)
Class com.android.build.gradle.internal.dsl.MinSdkVersionImpl                         : loaded 2 times (x 76B)
Class com.android.build.gradle.internal.dsl.SigningConfig$AgpDecorated                : loaded 2 times (x 150B)
Class com.android.build.api.variant.Aapt2                                             : loaded 2 times (x 70B)
Class com.android.build.gradle.internal.dsl.SdkComponentsImpl                         : loaded 2 times (x 86B)
Class com.android.build.gradle.internal.tasks.factory.BootClasspathConfigImpl$2       : loaded 2 times (x 79B)
Class com.android.build.gradle.internal.dsl.ApplicationPublishingImpl$AgpDecorated    : loaded 2 times (x 86B)
Class com.android.build.gradle.internal.dsl.ManagedDevices_Decorated                  : loaded 2 times (x 124B)
Class com.android.build.gradle.internal.api.AndroidSourceSetName$Companion            : loaded 2 times (x 71B)
Class org.jetbrains.kotlin.gradle.utils.FutureKt                                      : loaded 2 times (x 71B)
Class org.jetbrains.kotlin.gradle.targets.native.internal.PlatformLibrariesGenerator$GeneratedPlatformLibrariesService: loaded 2 times (x 76B)
Class org.jetbrains.kotlin.gradle.logging.GradleLoggingUtilsKt                        : loaded 2 times (x 71B)
Class org.jetbrains.kotlin.gradle.plugin.KotlinAndroidPluginWrapper                   : loaded 2 times (x 86B)
Class com.android.build.gradle.internal.AvdComponentsBuildService$RegistrationAction  : loaded 2 times (x 74B)
Class com.android.build.gradle.internal.ide.dependencies.MavenCoordinatesCacheBuildService$RegistrationAction: loaded 2 times (x 74B)
Class com.google.protobuf.Descriptors$EnumValueDescriptor$1                           : loaded 2 times (x 91B)
Class org.gradle.internal.classloader.ClassLoaderHierarchy                            : loaded 2 times (x 70B)
Class kotlin.collections.CollectionsKt__ReversedViewsKt                               : loaded 2 times (x 71B)
Class com.android.build.gradle.internal.plugins.AndroidPluginBaseServices$projectServices$2$1$2: loaded 2 times (x 79B)
Class kotlin.sequences.SequencesKt__SequenceBuilderKt                                 : loaded 2 times (x 71B)
Class kotlin.io.FilesKt__FileTreeWalkKt                                               : loaded 2 times (x 71B)
Class kotlin.jvm.internal.CollectionToArray                                           : loaded 2 times (x 71B)
Class com.android.build.gradle.internal.plugins.BasePlugin$extension$2                : loaded 2 times (x 79B)
Class com.android.build.gradle.internal.plugins.DslContainerProvider                  : loaded 2 times (x 70B)
Class com.android.build.gradle.AppExtension                                           : loaded 2 times (x 215B)
Class com.android.build.gradle.DynamicFeaturePlugin                                   : loaded 2 times (x 76B)
Class com.android.build.gradle.AppPlugin                                              : loaded 2 times (x 76B)
Class io.opentelemetry.api.trace.PropagatedSpan                                       : loaded 2 times (x 112B)
Class kotlin.sequences.FilteringSequence$iterator$1                                   : loaded 2 times (x 79B)
Class com.google.common.hash.PrimitiveSink                                            : loaded 2 times (x 70B)
Class com.android.builder.model.v2.ide.ProjectInfo                                    : loaded 2 times (x 70B)
Class org.jetbrains.kotlin.cli.common.arguments.CommonToolArguments                   : loaded 2 times (x 73B)
Class com.google.common.base.PatternCompiler                                          : loaded 2 times (x 70B)
Class com.amazon.ion.impl.bin.IonRawBinaryWriter$StreamCloseMode                      : loaded 2 times (x 79B)
Class com.amazon.ion.impl._Private_IonBinaryWriterBuilder$Mutable                     : loaded 2 times (x 115B)
Class com.intellij.gradle.toolingExtension.impl.model.projectModel.GradleExternalProjectSerializationService: loaded 2 times (x 77B)
Class kotlin.text.CharsKt__CharKt                                                     : loaded 2 times (x 71B)
Class kotlin.collections.ArrayDeque$Companion                                         : loaded 2 times (x 71B)
Class kotlin.collections.ArraysKt                                                     : loaded 2 times (x 71B)
Class org.jetbrains.kotlin.gradle.plugin.mpp.compilationImpl.factory.KotlinJvmCompilerOptionsFactory$create$kotlinOptions$1: loaded 2 times (x 101B)
Class com.android.build.gradle.internal.tasks.CheckManifest$CreationAction$handleProvider$1: loaded 2 times (x 127B)
Class com.android.build.gradle.internal.dependency.VariantDependencies$computeArtifactCollection$2: loaded 2 times (x 75B)
Class com.android.build.gradle.internal.TestFixturesTaskManager                       : loaded 2 times (x 82B)
Class com.android.build.gradle.internal.core.dsl.impl.DslInfoCommonKt$initTestApplicationId$2: loaded 2 times (x 74B)
Class com.android.build.api.instrumentation.InstrumentationScope                      : loaded 2 times (x 79B)
Class com.intellij.gradle.toolingExtension.impl.model.sourceSetModel.GradleSourceSetSerialisationService$Companion: loaded 2 times (x 71B)
Class com.android.build.gradle.internal.lint.AndroidLintGlobalTask$UpdateBaselineCreationAction$Companion: loaded 2 times (x 71B)
Class com.android.builder.signing.DefaultSigningConfig$Companion                      : loaded 2 times (x 71B)
Class com.android.build.gradle.internal.dsl.BundleOptionsAbi$AgpDecorated_Decorated   : loaded 2 times (x 125B)
Class com.android.build.api.artifact.Artifact$Companion                               : loaded 2 times (x 71B)
Class com.amazon.ion.impl._Private_IonValue                                           : loaded 2 times (x 70B)
Class com.amazon.ion.impl.bin.IonManagedBinaryWriter$UserState$2                      : loaded 2 times (x 85B)
Class jdk.internal.jimage.BasicImageReader                                            : loaded 2 times (x 95B)
Class com.android.build.api.dsl.FusedLibraryExtension                                 : loaded 2 times (x 70B)
Class com.android.build.gradle.internal.dsl.AndroidTestImpl                           : loaded 2 times (x 77B)
Class org.jetbrains.kotlin.gradle.plugin.DefaultKotlinBasePlugin$setupAttributeMatchingStrategy$1$1: loaded 2 times (x 79B)
Class org.jetbrains.kotlin.gradle.internal.properties.PropertiesBuildService$property$1: loaded 2 times (x 79B)
Class com.android.build.gradle.internal.ManagedDeviceUtilsKt$getManagedDeviceAvdFolder$1: loaded 2 times (x 75B)
Class com.android.build.gradle.internal.services.AndroidLocationsBuildService$Inject_ : loaded 2 times (x 110B)
Class com.google.protobuf.Descriptors$EnumValueDescriptor$2                           : loaded 2 times (x 76B)
Class com.google.common.io.FileWriteMode                                              : loaded 2 times (x 79B)
Class com.google.protobuf.PrimitiveNonBoxingCollection                                : loaded 2 times (x 70B)
Class com.google.wireless.android.sdk.stats.InstantRunStatus                          : loaded 2 times (x 205B)
Class com.android.build.gradle.internal.profile.AnalyticsConfiguratorService$State    : loaded 2 times (x 79B)
Class com.android.build.gradle.internal.plugins.AndroidPluginBaseServices$projectServices$2$1$3: loaded 2 times (x 79B)
Class org.gradle.tooling.model.gradle.BasicGradleProject                              : loaded 2 times (x 70B)
Class sync_studio_tooling10_d3a9yvy1oeu46htg93589bto3                                 : loaded 2 times (x 171B)
Class com.android.build.gradle.options.FeatureStage$SoftlyEnforced                    : loaded 2 times (x 72B)
Class com.android.build.gradle.api.FusedLibraryPlugin                                 : loaded 2 times (x 74B)
Class com.android.build.gradle.internal.plugins.BasePlugin$variantManager$2           : loaded 2 times (x 79B)
Class org.gradle.accessors.dm.LibrariesForLibsInPluginsBlock_Decorated                : loaded 2 times (x 126B)
Class org.gradle.accessors.dm.LibrariesForLibs$AndroidxLifecycleLibraryAccessors      : loaded 2 times (x 77B)
Class io.opentelemetry.api.trace.TraceFlags                                           : loaded 2 times (x 70B)
Class com.android.build.gradle.internal.plugins.AndroidPluginBaseServices             : loaded 2 times (x 78B)
Class com.google.common.io.CharSink                                                   : loaded 2 times (x 79B)
Class com.android.builder.model.v2.dsl.DependenciesInfo                               : loaded 2 times (x 70B)
Class com.amazon.ion.impl.bin.IonRawBinaryWriter$PatchPoint                           : loaded 2 times (x 73B)
Class com.amazon.ion.IonSequence                                                      : loaded 2 times (x 70B)
Class com.amazon.ion.IonBlob                                                          : loaded 2 times (x 70B)
Class com.amazon.ion.IonLob                                                           : loaded 2 times (x 70B)
Class org.jetbrains.plugins.gradle.tooling.serialization.ExternalTestsSerializationService: loaded 2 times (x 77B)
Class com.google.common.collect.ByFunctionOrdering                                    : loaded 2 times (x 115B)
Class kotlin.collections.SetsKt__SetsKt                                               : loaded 2 times (x 71B)
Class kotlin.coroutines.EmptyCoroutineContext                                         : loaded 2 times (x 77B)
Class org.gradle.kotlin.dsl.Accessors7cddnu26duc8nxp06w1clhaoeKt                      : loaded 2 times (x 71B)
Class com.android.build.gradle.internal.scope.InternalArtifactType$MERGED_JAVA_RES    : loaded 2 times (x 74B)
Class org.jetbrains.kotlin.gradle.plugin.mpp.compilationImpl.factory.KotlinCompilationImplFactory$ProcessResourcesTaskNameFactory: loaded 2 times (x 70B)
Class org.jetbrains.kotlin.gradle.tasks.KotlinCompilationTask                         : loaded 2 times (x 70B)
Class com.android.build.api.variant.impl.ResourcesApkPackagingImpl                    : loaded 2 times (x 80B)
Class com.android.build.gradle.internal.tasks.ProcessJavaResTask$CreationAction$handleProvider$1: loaded 2 times (x 127B)
Class com.android.build.gradle.internal.tasks.factory.features.AndroidResourcesTaskCreationActionImpl: loaded 2 times (x 75B)
Class com.android.build.gradle.internal.scope.InternalArtifactType$METADATA_APPLICATION_ID: loaded 2 times (x 74B)
Class com.android.build.api.component.impl.ComponentImpl$computeLocalPackagedJars$1   : loaded 2 times (x 80B)
Class com.android.build.gradle.internal.VariantTaskManager$checkMultidexDependency$$inlined$filterIsInstance$1: loaded 2 times (x 74B)
Class [Lcom.android.builder.dexing.DexingType;                                        : loaded 2 times (x 69B)
Class com.google.wireless.android.sdk.stats.ApiVersion$Builder                        : loaded 2 times (x 299B)
Class com.android.build.api.component.analytics.AnalyticsEnabledSigningConfig         : loaded 2 times (x 84B)
Class com.android.build.gradle.internal.core.dsl.NestedComponentDslInfo               : loaded 2 times (x 70B)
Class com.android.build.api.variant.BuildConfigField                                  : loaded 2 times (x 72B)
Class com.android.build.gradle.internal.component.features.BuildConfigCreationConfig  : loaded 2 times (x 70B)
Class com.android.build.api.variant.AndroidTestBuilder                                : loaded 2 times (x 70B)
Class com.android.build.gradle.internal.core.dsl.impl.DslInfoUtilsKt                  : loaded 2 times (x 71B)
Class com.android.build.gradle.internal.ClasspathVerifier                             : loaded 2 times (x 71B)
Class org.jetbrains.kotlin.compose.compiler.gradle.ComposeCompilerGradlePluginExtension: loaded 2 times (x 76B)
Class com.android.build.gradle.internal.tasks.NonIncrementalGlobalTask                : loaded 2 times (x 319B)
Class com.android.build.gradle.internal.plugins.BasePlugin$createTasks$1              : loaded 2 times (x 75B)
Class com.android.build.gradle.internal.plugins.BasePlugin$buildOutputs$2$1           : loaded 2 times (x 78B)
Class com.android.build.gradle.internal.dsl.AnnotationProcessorOptions$AgpDecorated   : loaded 2 times (x 106B)
Class com.android.build.gradle.internal.plugins.BasePlugin$dslServices$2              : loaded 2 times (x 79B)
Class com.android.build.gradle.internal.errors.AndroidProblemReporterProvider$Parameters$Inject_: loaded 2 times (x 106B)
Class com.android.build.gradle.internal.dsl.InternalFusedLibraryExtension             : loaded 2 times (x 70B)
Class com.android.build.gradle.internal.dsl.MultiDexConfigImpl                        : loaded 2 times (x 80B)
Class com.android.build.gradle.internal.errors.AndroidProblemReporterProvider$Inject_ : loaded 2 times (x 96B)
Class org.jetbrains.kotlin.gradle.plugin.DefaultKotlinBasePlugin$setupAttributeMatchingStrategy$1$2: loaded 2 times (x 79B)
Class org.jetbrains.kotlin.gradle.targets.native.internal.PlatformLibrariesGenerator$Companion: loaded 2 times (x 71B)
Class com.google.wireless.android.sdk.stats.GradleBuildProject$PluginGeneration       : loaded 2 times (x 87B)
Class com.google.protobuf.MapField                                                    : loaded 2 times (x 89B)
Class com.android.builder.profile.NameAnonymizer                                      : loaded 2 times (x 72B)
Class com.android.tools.analytics.CommonMetricsData                                   : loaded 2 times (x 71B)
Class com.google.protobuf.CodedInputStream$UnsafeDirectNioDecoder                     : loaded 2 times (x 120B)
Class com.google.protobuf.DescriptorProtos$ServiceDescriptorProtoOrBuilder            : loaded 2 times (x 70B)
Class com.android.build.gradle.internal.profile.AnalyticsConfiguratorService$Params$Inject_: loaded 2 times (x 106B)
Class org.jetbrains.kotlin.gradle.plugin.KotlinPlatformType$Companion                 : loaded 2 times (x 71B)
Class com.android.build.gradle.options.FeatureStage                                   : loaded 2 times (x 72B)
Class com.android.build.gradle.internal.plugins.BasePlugin$variantFactory$2           : loaded 2 times (x 79B)
Class com.android.build.gradle.internal.component.PublishableCreationConfig           : loaded 2 times (x 70B)
Class com.android.build.gradle.internal.dsl.BaseAppModuleExtensionInternal            : loaded 2 times (x 459B)
Class com.google.gson.internal.reflect.ReflectionHelper$RecordSupportedHelper         : loaded 2 times (x 78B)
Class com.android.builder.model.v2.models.ProjectGraph                                : loaded 2 times (x 70B)
Class com.amazon.ion.system.IonTextWriterBuilder                                      : loaded 2 times (x 98B)
Class com.amazon.ion.impl.bin.IonManagedBinaryWriter$ImportedSymbolResolverMode$1$1$1 : loaded 2 times (x 76B)
Class com.amazon.ion.impl._Private_LocalSymbolTableFactory                            : loaded 2 times (x 70B)
Class org.jetbrains.plugins.gradle.tooling.serialization.AnnotationProcessingModelSerializationService: loaded 2 times (x 77B)
Class com.google.common.collect.RangeGwtSerializationDependencies                     : loaded 2 times (x 71B)
Class kotlin.collections.ArraysKt__ArraysJVMKt                                        : loaded 2 times (x 71B)
Class org.jetbrains.kotlin.tooling.core.ExtrasProperty                                : loaded 2 times (x 70B)
Class org.jetbrains.kotlin.gradle.plugin.mpp.compilationImpl.KotlinCompilationSourceSetInclusion$Companion: loaded 2 times (x 71B)
Class [Lorg.jetbrains.kotlin.gradle.plugin.sources.android.AndroidVariantType;        : loaded 2 times (x 69B)
Class org.jetbrains.kotlin.compilerRunner.UsesCompilerSystemPropertiesService         : loaded 2 times (x 70B)
Class com.android.build.api.artifact.SingleArtifact$RUNTIME_SYMBOL_LIST               : loaded 2 times (x 74B)
Class com.android.build.gradle.tasks.CompatibleScreensManifest$CreationAction$handleProvider$1: loaded 2 times (x 127B)
Class com.android.build.gradle.tasks.ExtractDeepLinksTask$BaseCreationAction$handleProvider$1: loaded 2 times (x 127B)
Class com.android.build.api.component.impl.ComponentImpl$providedOnlyClasspath$2      : loaded 2 times (x 79B)
Class com.android.build.api.variant.impl.ApplicationVariantBuilderImpl$androidTest$2  : loaded 2 times (x 79B)
Class com.android.build.api.variant.impl.ApplicationVariantBuilderImpl$dependenciesInfo$2: loaded 2 times (x 79B)
Class com.android.build.gradle.internal.core.dsl.impl.ConsumableComponentDslInfoImpl$buildConfigDslInfo$2: loaded 2 times (x 79B)
Class com.android.build.gradle.internal.plugins.BasePlugin$createTasks$2              : loaded 2 times (x 77B)
Class com.android.build.gradle.internal.tasks.BaseTask                                : loaded 2 times (x 318B)
Class com.android.build.gradle.internal.dsl.BuildType$AgpDecorated_Decorated          : loaded 2 times (x 441B)
Class com.android.build.api.artifact.impl.ArtifactsImpl$1                             : loaded 2 times (x 78B)
Class com.android.build.api.dsl.ApplicationBuildFeatures                              : loaded 2 times (x 70B)
Class com.android.build.gradle.internal.dsl.Splits                                    : loaded 2 times (x 81B)
Class com.android.build.gradle.internal.dsl.BundleOptionsDeviceGroup                  : loaded 2 times (x 81B)
Class com.android.build.gradle.internal.dsl.ProductFlavorFactory                      : loaded 2 times (x 77B)
Class com.android.build.api.dsl.TestVariantDimension                                  : loaded 2 times (x 70B)
Class com.android.build.api.dsl.ApplicationVariantDimension                           : loaded 2 times (x 70B)
Class org.jetbrains.kotlin.gradle.plugin.mpp.KotlinTargetSoftwareComponent            : loaded 2 times (x 89B)
Class org.jetbrains.kotlin.gradle.plugin.mpp.KotlinVariant                            : loaded 2 times (x 101B)
Class org.jetbrains.kotlin.gradle.utils.WhenPluginEnabledKt                           : loaded 2 times (x 71B)
Class org.jetbrains.kotlin.gradle.plugin.VariantImplementationFactories               : loaded 2 times (x 75B)
Class org.jetbrains.kotlin.gradle.internal.diagnostics.KotlinCompilerEmbeddableCheck  : loaded 2 times (x 71B)
Class org.jetbrains.kotlin.gradle.plugin.sources.android.AndroidVariantType           : loaded 2 times (x 79B)
Class com.android.build.gradle.internal.ide.dependencies.MavenCoordinatesCacheBuildService$Parameters_Decorated: loaded 2 times (x 130B)
Class org.jetbrains.kotlin.gradle.plugin.KotlinPlatformType$DisambiguationRule        : loaded 2 times (x 76B)
Class com.android.build.gradle.internal.profile.AnalyticsService$Params               : loaded 2 times (x 70B)
Class com.android.build.gradle.internal.utils.AnalyticsEnabledValueSource$Inject_     : loaded 2 times (x 109B)
Class com.android.build.gradle.internal.utils.AnalyticsEnabledValueSource$Params_Decorated: loaded 2 times (x 130B)
Class com.android.build.gradle.internal.dependency.GenericTransformParameters         : loaded 2 times (x 70B)
Class com.android.build.api.dsl.DynamicFeatureVariantDimension                        : loaded 2 times (x 70B)
Class com.android.build.gradle.options.HasFutureStage                                 : loaded 2 times (x 70B)
Class com.android.build.gradle.options.ProjectOptionService$Inject_                   : loaded 2 times (x 97B)
Class com.android.build.gradle.internal.plugins.BasePlugin$taskManagerConfig$2        : loaded 2 times (x 79B)
Class com.android.build.gradle.internal.plugins.AppPlugin$ApplicationAndroidComponentsExtensionImplCompat: loaded 2 times (x 114B)
Class org.gradle.accessors.dm.LibrariesForLibsInPluginsBlock$AndroidxLibraryAccessors : loaded 2 times (x 82B)
Class org.gradle.tooling.internal.consumer.versioning.VersionDetails$R28VersionDetails: loaded 2 times (x 80B)
Class com.android.build.gradle.internal.dsl.decorator.SupportedPropertyType$Collection$Set: loaded 2 times (x 74B)
Class com.amazon.ion.impl.lite.IonNullLite                                            : loaded 2 times (x 175B)
Class [Lcom.intellij.openapi.externalSystem.model.project.dependencies.ResolutionState;: loaded 2 times (x 69B)
Class gnu.trove.TObjectIntHashMap                                                     : loaded 2 times (x 109B)
Class kotlin.text.StringsKt__StringBuilderKt                                          : loaded 2 times (x 71B)
Class com.google.common.collect.RangeSet                                              : loaded 2 times (x 70B)
Class kotlin.jvm.internal.CallableReference$NoReceiver                                : loaded 2 times (x 71B)
Class org.gradle.api.internal.classpath.GlobalCacheRootsProvider                      : loaded 2 times (x 70B)
Class org.jetbrains.kotlin.tooling.core.Extras$Entry$Companion                        : loaded 2 times (x 71B)
Class org.jetbrains.kotlin.gradle.targets.js.dsl.KotlinWasmWasiTargetDsl              : loaded 2 times (x 70B)
Class com.android.build.api.variant.JniLibsTestedComponentPackaging                   : loaded 2 times (x 70B)
Class com.android.build.api.variant.JniLibsPackaging                                  : loaded 2 times (x 70B)
Class com.android.build.api.artifact.impl.ScopedArtifactsImpl$ScopedArtifactsContainer: loaded 2 times (x 72B)
Class com.google.wireless.android.sdk.stats.GradleBuildVariant$DexBuilderTool$1       : loaded 2 times (x 76B)
Class com.android.build.api.component.analytics.AnalyticsEnabledApplicationVariant_Decorated: loaded 2 times (x 281B)
Class com.android.build.api.variant.impl.VariantImpl$shadersCreationConfig$2          : loaded 2 times (x 79B)
Class com.android.build.api.component.impl.ComponentImpl$resValuesCreationConfig$2    : loaded 2 times (x 79B)
Class com.android.build.gradle.internal.core.dsl.impl.ConsumableComponentDslInfoImpl  : loaded 2 times (x 132B)
Class com.google.wireless.android.sdk.stats.GradleBuildSplits$Builder                 : loaded 2 times (x 319B)
Class com.android.build.gradle.internal.dsl.CompileSdkReleaseSpecImpl$AgpDecorated_Decorated: loaded 2 times (x 130B)
Class com.android.build.gradle.internal.dsl.CompileSdkReleaseSpecImpl$AgpDecorated    : loaded 2 times (x 85B)
Class com.android.build.gradle.internal.dsl.SigningConfig$AgpDecorated_Decorated      : loaded 2 times (x 201B)
Class com.android.build.gradle.internal.dsl.ConsumerKeepRulesImpl                     : loaded 2 times (x 92B)
Class com.android.build.gradle.internal.dsl.TargetSdkSpecImpl                         : loaded 2 times (x 81B)
Class com.android.build.api.dsl.DexPackaging                                          : loaded 2 times (x 70B)
Class com.android.build.api.dsl.TestBuildType                                         : loaded 2 times (x 70B)
Class org.jetbrains.kotlin.gradle.internal.CompilerArgumentAware                      : loaded 2 times (x 70B)
Class org.jetbrains.kotlin.gradle.utils.StoredLazyProperty                            : loaded 2 times (x 75B)
Class com.android.prefs.Global                                                        : loaded 2 times (x 80B)
Class com.android.build.gradle.internal.profile.AnalyticsUtil                         : loaded 2 times (x 71B)
Class com.android.build.gradle.internal.dsl.VcsInfoImpl                               : loaded 2 times (x 77B)
Class com.android.build.gradle.internal.dsl.CompileSdkSpecImpl                        : loaded 2 times (x 86B)
Class com.android.build.gradle.internal.dsl.CoreExternalNativeCmakeOptions            : loaded 2 times (x 70B)
Class com.android.build.api.dsl.AndroidSourceFile                                     : loaded 2 times (x 70B)
Class [Lcom.android.build.gradle.options.SyncOptions$EvaluationMode;                  : loaded 2 times (x 69B)
Class com.android.build.gradle.internal.dsl.ManagedDevices                            : loaded 2 times (x 80B)
Class com.android.build.api.extension.impl.VariantApiOperationsRegistrar              : loaded 2 times (x 72B)
Class com.android.build.api.variant.ApplicationAndroidComponentsExtension             : loaded 2 times (x 70B)
Class com.android.build.gradle.internal.dsl.CmakeOptions$AgpDecorated_Decorated       : loaded 2 times (x 146B)
Class io.opentelemetry.context.propagation.ContextPropagators                         : loaded 2 times (x 70B)
Class com.android.build.gradle.internal.dsl.SdkComponentsImpl_Decorated               : loaded 2 times (x 130B)
Class com.android.build.gradle.internal.services.FakeDependencyJarBuildService$FakeDependencyJarCreator$Params: loaded 2 times (x 70B)
Class com.amazon.ion.impl.lite.IonClobLite                                            : loaded 2 times (x 220B)
Class com.amazon.ion.impl._Private_ValueFactory                                       : loaded 2 times (x 70B)
Class com.amazon.ion.impl.bin.IonRawBinaryWriter$PreallocationMode$1                  : loaded 2 times (x 82B)
Class [Lcom.amazon.ion.impl.bin._Private_IonManagedBinaryWriterBuilder$AllocatorMode; : loaded 2 times (x 69B)
Class com.intellij.gradle.toolingExtension.impl.model.dependencyDownloadPolicyModel.GradleDependencyDownloadPolicy: loaded 2 times (x 70B)
Class org.jetbrains.kotlin.gradle.plugin.mpp.KotlinJvmAgpCompilationFactory$WhenMappings: loaded 2 times (x 71B)
Class org.jetbrains.kotlin.gradle.plugin.sources.FragmentConsistencyChecks            : loaded 2 times (x 72B)
Class org.jetbrains.kotlin.gradle.plugin.diagnostics.IsAttachedToTerminalValueSource  : loaded 2 times (x 80B)
Class com.android.build.gradle.internal.scope.InternalArtifactType$LINT_PUBLISH_JAR   : loaded 2 times (x 74B)
Class com.android.build.gradle.internal.tasks.ProcessNavigationXmlTask$CreationAction : loaded 2 times (x 91B)
Class com.android.build.api.component.impl.DeviceTestImpl$shadersCreationConfig$2     : loaded 2 times (x 79B)
Class com.android.build.gradle.internal.core.dsl.impl.DslInfoCommonKt$initTestApplicationId$testAppIdFromFlavors$1: loaded 2 times (x 78B)
Class com.android.build.api.variant.impl.VariantOutputConfigurationImplKt             : loaded 2 times (x 71B)
Class com.android.build.api.component.impl.AnnotationProcessorImpl$finalListOfClassNames$1: loaded 2 times (x 75B)
Class com.android.build.api.AndroidPluginVersion                                      : loaded 2 times (x 75B)
Class com.android.build.gradle.internal.tasks.SigningConfigUtils$Companion$gson$2     : loaded 2 times (x 78B)
Class com.android.build.gradle.internal.api.artifact.SourceArtifactType$ANDROID_RESOURCES: loaded 2 times (x 74B)
Class org.jetbrains.kotlin.gradle.plugin.mpp.KotlinAndroidTarget$kotlinComponents$2   : loaded 2 times (x 79B)
Class org.jetbrains.kotlin.gradle.plugin.mpp.InternalKotlinTargetComponent            : loaded 2 times (x 93B)
Class org.jetbrains.kotlin.gradle.utils.ProviderApiUtilsKt                            : loaded 2 times (x 71B)
Class org.jetbrains.kotlin.gradle.targets.native.UsesKonanPropertiesBuildService      : loaded 2 times (x 70B)
Class org.jetbrains.kotlin.gradle.internal.properties.NativePropertiesLoader$forceDisableRunningInProcess$1: loaded 2 times (x 75B)
Class org.jetbrains.kotlin.gradle.utils.PersistentCachesKt                            : loaded 2 times (x 71B)
Class org.jetbrains.kotlin.gradle.internal.tasks.TaskWithLocalState                   : loaded 2 times (x 70B)
Class org.jetbrains.kotlin.gradle.internal.properties.PropertiesBuildService$Params   : loaded 2 times (x 70B)
Class org.jetbrains.kotlin.gradle.internal.diagnostics.GradleCompatibilityCheck       : loaded 2 times (x 71B)
Class com.google.protobuf.DescriptorProtos$FileDescriptorProto                        : loaded 2 times (x 241B)
Class com.android.tools.build.gradle.internal.profile.AnalyticsEnums                  : loaded 2 times (x 71B)
Class com.android.build.api.artifact.impl.SingleInitialProviderRequestImpl$on$2       : loaded 2 times (x 75B)
Class com.android.build.api.annotations.ReplacedByIncubating                          : loaded 2 times (x 70B)
Class com.google.protobuf.Descriptors$Descriptor                                      : loaded 2 times (x 76B)
Class com.google.wireless.android.sdk.stats.InstantRunStatusOrBuilder                 : loaded 2 times (x 70B)
Class [Lcom.android.tools.analytics.Environment$SystemProperty;                       : loaded 2 times (x 69B)
Class com.android.tools.analytics.AnalyticsSettings                                   : loaded 2 times (x 71B)
Class com.android.ide.common.blame.SourceFilePosition                                 : loaded 2 times (x 72B)
Class com.android.build.gradle.internal.attributes.VariantAttr                        : loaded 2 times (x 70B)
Class com.android.build.gradle.internal.scope.InternalArtifactType$METADATA_FEATURE_MANIFEST: loaded 2 times (x 74B)
Class com.android.build.gradle.internal.res.LinkApplicationAndroidResourcesTask       : loaded 2 times (x 375B)
Class org.gradle.tooling.internal.consumer.converters.EclipseExternalDependencyUnresolvedMixin: loaded 2 times (x 73B)
Class org.gradle.tooling.model.BuildableElement                                       : loaded 2 times (x 70B)
Class org.gradle.tooling.model.HasGradleProject                                       : loaded 2 times (x 70B)
Class org.gradle.tooling.internal.consumer.versioning.VersionDetails$R44VersionDetails: loaded 2 times (x 80B)
Class org.jetbrains.kotlin.idea.projectModel.KotlinPlatform                           : loaded 2 times (x 79B)
Class com.android.build.gradle.internal.scope.InternalArtifactType$COMPILE_AND_RUNTIME_R_CLASS_JAR: loaded 2 times (x 74B)
Class com.android.builder.model.v2.ide.VectorDrawablesOptions                         : loaded 2 times (x 70B)
Class com.amazon.ion.IonInt                                                           : loaded 2 times (x 70B)
Class com.amazon.ion.impl.bin.IonRawBinaryWriter$PreallocationMode$2                  : loaded 2 times (x 82B)
Class org.jetbrains.kotlin.gradle.utils.ConfigurationsKt$maybeCreateDependencyScope$1 : loaded 2 times (x 78B)
Class org.jetbrains.kotlin.gradle.plugin.sources.FragmentConsistencyChecks$languageVersionCheck$1: loaded 2 times (x 79B)
Class org.jetbrains.kotlin.gradle.plugin.statistics.UsesBuildFusService               : loaded 2 times (x 70B)
Class org.jetbrains.kotlin.gradle.tasks.K2MultiplatformCompilationTask                : loaded 2 times (x 70B)
Class com.android.build.gradle.internal.scope.InternalArtifactType$FEATURE_RESOURCE_PKG: loaded 2 times (x 74B)
Class com.android.build.gradle.internal.core.dsl.impl.InstrumentedTestDslInfoImpl$handleProfiling$2: loaded 2 times (x 74B)
Class com.android.build.api.variant.impl.HasDeviceTestsCreationConfig                 : loaded 2 times (x 70B)
Class com.android.build.gradle.internal.core.dsl.features.RenderscriptDslInfo         : loaded 2 times (x 70B)
Class com.android.build.gradle.internal.core.dsl.impl.VariantDslInfoImpl$initApplicationId$appIdFromFlavors$1: loaded 2 times (x 78B)
Class com.android.build.gradle.internal.variant.DimensionCombinator$Companion         : loaded 2 times (x 71B)
Class com.android.build.gradle.internal.variant.DimensionCombinator                   : loaded 2 times (x 72B)
Class com.android.build.gradle.internal.dsl.NdkBuildOptions$AgpDecorated_Decorated    : loaded 2 times (x 139B)
Class com.android.build.gradle.internal.dsl.NdkBuildOptions$AgpDecorated              : loaded 2 times (x 96B)
Class com.android.build.gradle.internal.dsl.CommonExtensionImpl$sdkComponents$2       : loaded 2 times (x 79B)
Class com.android.builder.model.PackagingOptions                                      : loaded 2 times (x 70B)
Class com.android.build.api.dsl.DynamicFeatureDefaultConfig                           : loaded 2 times (x 70B)
Class [Lcom.android.builder.core.ComponentType;                                       : loaded 2 times (x 69B)
Class [Lorg.jetbrains.kotlin.gradle.plugin.KotlinPlatformType;                        : loaded 2 times (x 69B)
Class org.jetbrains.kotlin.gradle.plugin.BuildFinishedListenerService$Companion$registerIfAbsent$1$1: loaded 2 times (x 79B)
Class org.jetbrains.kotlin.gradle.internal.diagnostics.GradleCompatibilityCheck$CurrentGradleVersionProvider: loaded 2 times (x 70B)
Class org.jetbrains.kotlin.gradle.plugin.mpp.DecoratedKotlinCompilation               : loaded 2 times (x 191B)
Class com.android.build.gradle.internal.lint.LintFixBuildService$RegistrationAction   : loaded 2 times (x 74B)
Class org.jetbrains.kotlin.gradle.plugin.internal.ConfigurationCacheStartParameterAccessorKt: loaded 2 times (x 71B)
Class com.android.builder.profile.NameAnonymizer$ProjectCacheLoader                   : loaded 2 times (x 76B)
Class com.android.tools.analytics.AnalyticsPaths                                      : loaded 2 times (x 71B)
Class org.jetbrains.kotlin.gradle.plugin.mpp.compilationImpl.factory.DefaultKotlinCompilationSourceSetsContainerFactory: loaded 2 times (x 75B)
Class com.android.build.gradle.internal.plugins.BasePlugin$registeredExtension$2      : loaded 2 times (x 79B)
Class com.android.build.api.extension.impl.DslLifecycleComponentsOperationsRegistrar  : loaded 2 times (x 72B)
Class org.gradle.tooling.model.build.BuildEnvironment                                 : loaded 2 times (x 70B)
Class com.intellij.gradle.toolingExtension.impl.model.sourceSetModel.GradleSourceSetModelProvider: loaded 2 times (x 79B)
Class com.android.builder.model.v2.ide.Edge                                           : loaded 2 times (x 70B)
Class com.google.common.io.ByteStreams$1                                              : loaded 2 times (x 85B)
Class com.google.gson.internal.ReflectionAccessFilterHelper                           : loaded 2 times (x 71B)
Class com.google.gson.internal.reflect.ReflectionHelper$RecordHelper                  : loaded 2 times (x 75B)
Class com.android.builder.model.v2.models.VariantDependenciesFlatList                 : loaded 2 times (x 70B)
Class com.amazon.ion.impl.bin.IonRawBinaryWriter$PreallocationMode$3                  : loaded 2 times (x 82B)
Class com.android.ide.gradle.model.GradlePluginModel                                  : loaded 2 times (x 70B)
Class com.google.common.collect.ReverseOrdering                                       : loaded 2 times (x 115B)
Class org.gradle.tooling.model.build.JavaEnvironment                                  : loaded 2 times (x 70B)
Class org.gradle.internal.classloader.FilteringClassLoader                            : loaded 2 times (x 105B)
Class org.jetbrains.kotlin.gradle.targets.js.dsl.KotlinWasmJsTargetDsl                : loaded 2 times (x 70B)
Class org.jetbrains.kotlin.gradle.plugin.mpp.compilationImpl.factory.ConfigurationNaming$Default: loaded 2 times (x 75B)
Class org.jetbrains.kotlin.gradle.plugin.sources.DefaultLanguageSettingsBuilder       : loaded 2 times (x 100B)
Class org.jetbrains.kotlin.gradle.plugin.sources.FragmentConsistencyChecks$languageVersionCheck$2: loaded 2 times (x 78B)
Class org.jetbrains.kotlin.gradle.plugin.mpp.compilationImpl.KotlinCompilationSourceSetInclusion: loaded 2 times (x 72B)
Class org.jetbrains.kotlin.gradle.plugin.diagnostics.ToolingDiagnosticRenderingOptionsKt$WhenMappings: loaded 2 times (x 71B)
Class org.jetbrains.kotlin.gradle.tasks.configuration.BaseKotlinCompileConfig$1       : loaded 2 times (x 79B)
Class com.android.build.gradle.internal.scope.InternalArtifactType$COMPILE_R_CLASS_JAR: loaded 2 times (x 74B)
Class com.android.build.gradle.tasks.MergeResources                                   : loaded 2 times (x 349B)
Class [Lcom.android.build.gradle.internal.TaskManager$MergeType;                      : loaded 2 times (x 69B)
Class com.android.build.gradle.internal.scope.InternalArtifactType$MANIFEST_MERGE_BLAME_FILE: loaded 2 times (x 74B)
Class com.android.build.gradle.internal.AbstractAppTaskManager$1                      : loaded 2 times (x 91B)
Class com.android.build.gradle.internal.core.dsl.impl.InstrumentedTestDslInfoImpl$handleProfiling$fromFlavor$1: loaded 2 times (x 78B)
Class com.android.build.api.variant.Dexing                                            : loaded 2 times (x 70B)
Class com.android.build.api.variant.PropertyAccessNotAllowedException                 : loaded 2 times (x 82B)
Class com.android.build.api.artifact.impl.SingleInitialProviderRequestImpl            : loaded 2 times (x 72B)
Class com.android.build.gradle.internal.BuildTypeData                                 : loaded 2 times (x 72B)
Class com.android.build.gradle.api.UnitTestVariant                                    : loaded 2 times (x 70B)
Class com.google.common.base.Converter$ReverseConverter                               : loaded 2 times (x 90B)
Class com.android.build.gradle.internal.dsl.MinSdkDelegate                            : loaded 2 times (x 84B)
Class com.android.build.gradle.internal.dsl.SigningConfigImpl                         : loaded 2 times (x 97B)
Class com.android.ide.common.signing.KeystoreHelper                                   : loaded 2 times (x 71B)
Class org.jetbrains.kotlin.gradle.utils.GradleConfigurationUtilsKt                    : loaded 2 times (x 71B)
Class org.jetbrains.kotlin.gradle.plugin.internal.CustomPropertiesFileValueSource$Parameters: loaded 2 times (x 70B)
Class org.jetbrains.kotlin.gradle.plugin.UsesBuildFinishedListenerService             : loaded 2 times (x 70B)
Class org.jetbrains.kotlin.gradle.dsl.KotlinPublishingDsl                             : loaded 2 times (x 70B)
Class org.jetbrains.kotlin.gradle.plugin.KotlinBaseApiPlugin                          : loaded 2 times (x 118B)
Class com.android.build.gradle.internal.services.SymbolTableBuildService$RegistrationAction: loaded 2 times (x 74B)
Class [Lcom.google.protobuf.FieldSet$FieldDescriptorLite;                             : loaded 2 times (x 69B)
Class com.google.wireless.android.sdk.stats.GradleProjectOptionsSettings$Builder      : loaded 2 times (x 320B)
Class com.google.wireless.android.sdk.stats.ProjectApiUseOrBuilder                    : loaded 2 times (x 70B)
Class kotlin.sequences.FlatteningSequence                                             : loaded 2 times (x 75B)
Class com.android.build.gradle.internal.plugins.AndroidPluginBaseServices$configuratorService$2$1: loaded 2 times (x 79B)
Class kotlin.text.MatcherMatchResult                                                  : loaded 2 times (x 80B)
Class com.android.build.gradle.internal.dsl.InternalCommonExtension                   : loaded 2 times (x 70B)
Class org.gradle.accessors.dm.LibrariesForLibsInPluginsBlock$BundleAccessors          : loaded 2 times (x 73B)
Class org.gradle.internal.impldep.com.google.common.base.Present                      : loaded 2 times (x 81B)
Class org.gradle.tooling.internal.consumer.connection.HasCompatibilityMapping         : loaded 2 times (x 73B)
Class kotlin.text.MatchGroupCollection                                                : loaded 2 times (x 70B)
Class kotlin.text.StringsKt__StringsKt                                                : loaded 2 times (x 71B)
Class org.gradle.tooling.internal.consumer.connection.InternalBuildActionAdapter      : loaded 2 times (x 80B)
Class com.android.builder.model.v2.ide.SourceSetContainer                             : loaded 2 times (x 70B)
Class com.google.gson.internal.bind.ReflectiveTypeAdapterFactory$FieldsData           : loaded 2 times (x 72B)
Class org.jetbrains.plugins.gradle.model.GradleExtension                              : loaded 2 times (x 70B)
Class com.amazon.ion.impl.lite.IonDecimalLite                                         : loaded 2 times (x 188B)
Class com.amazon.ion.IonBufferConfiguration$Builder                                   : loaded 2 times (x 78B)
Class org.gradle.internal.installation.CurrentGradleInstallationLocator               : loaded 2 times (x 71B)
Class org.jetbrains.kotlin.gradle.plugin.diagnostics.UsesKotlinToolingDiagnosticsKt   : loaded 2 times (x 71B)
Class com.android.build.gradle.internal.res.LinkAndroidResForBundleTask               : loaded 2 times (x 343B)
Class com.android.build.api.component.impl.OldVariantApiLegacySupportImpl$JavaCompileOptionsForOldVariantAPI: loaded 2 times (x 75B)
Class com.android.build.gradle.internal.tasks.ApplicationIdWriterTask                 : loaded 2 times (x 327B)
Class [Lcom.android.build.gradle.internal.publishing.AndroidArtifacts$ArtifactType;   : loaded 2 times (x 69B)
Class com.android.build.api.variant.impl.VariantOutputConfigurationImpl               : loaded 2 times (x 76B)
Class com.android.build.api.variant.impl.ApplicationVariantImpl$renderscript$2        : loaded 2 times (x 79B)
Class com.android.build.gradle.internal.component.features.InstrumentationCreationConfig: loaded 2 times (x 70B)
Class com.android.build.api.variant.impl.HasHostTestsCreationConfig                   : loaded 2 times (x 70B)
Class com.android.build.gradle.internal.utils.GuavaKtxKt                              : loaded 2 times (x 71B)
Class com.android.build.api.artifact.impl.SingleArtifactContainer$initArtifactContainer$1: loaded 2 times (x 79B)
Class com.android.build.gradle.internal.services.VariantServicesImpl                  : loaded 2 times (x 115B)
Class com.android.build.gradle.internal.ide.v2.NativeModelBuilder_Decorated           : loaded 2 times (x 131B)
Class com.android.ide.gradle.model.dependencies.DeclaredDependencies                  : loaded 2 times (x 70B)
Class com.android.build.gradle.internal.dsl.ExternalNativeBuildOptions                : loaded 2 times (x 93B)
Class com.android.build.api.dsl.KeepRules                                             : loaded 2 times (x 70B)
Class org.jetbrains.kotlin.gradle.plugin.AbstractKotlinJsPluginWrapper                : loaded 2 times (x 86B)
Class org.jetbrains.kotlin.gradle.plugin.internal.MavenPublicationComponentAccessor   : loaded 2 times (x 70B)
Class org.jetbrains.kotlin.gradle.fus.BuildUidService                                 : loaded 2 times (x 80B)
Class org.jetbrains.kotlin.gradle.plugin.KotlinPluginWrapperKt                        : loaded 2 times (x 71B)
Class org.jetbrains.kotlin.gradle.plugin.mpp.InternalKotlinCompilation                : loaded 2 times (x 70B)
Class org.jetbrains.kotlin.gradle.plugin.KotlinJvmFactory                             : loaded 2 times (x 70B)
Class com.google.protobuf.GeneratedMessageV3$ExtendableMessageOrBuilder               : loaded 2 times (x 70B)
Class [Lcom.google.protobuf.Internal$EnumLite;                                        : loaded 2 times (x 69B)
Class com.google.wireless.android.sdk.stats.GradleBuildProjectMetricsOrBuilder        : loaded 2 times (x 70B)
Class com.google.protobuf.CodedInputStream$ArrayDecoder                               : loaded 2 times (x 120B)
Class com.android.tools.analytics.HostData$osBean$2                                   : loaded 2 times (x 78B)
Class com.android.tools.analytics.HostData                                            : loaded 2 times (x 71B)
Class org.jetbrains.plugins.gradle.tooling.serialization.internal.IdeaProjectSerializationService$ReadContext: loaded 2 times (x 72B)
Class com.android.build.gradle.internal.LoggerWrapper                                 : loaded 2 times (x 86B)
Class com.amazon.ion.impl.bin.IonManagedBinaryWriter$UserState$1                      : loaded 2 times (x 85B)
Class com.google.gson.Gson$FutureTypeAdapter                                          : loaded 2 times (x 76B)
Class com.android.build.gradle.options.Option$Status$Deprecated                       : loaded 2 times (x 72B)
Class com.android.build.gradle.internal.plugins.TestPlugin                            : loaded 2 times (x 96B)
Class org.gradle.tooling.internal.adapter.ProtocolToModelAdapter$ChainedMethodInvoker : loaded 2 times (x 76B)
Class com.android.builder.model.v2.ide.ViewBindingOptions                             : loaded 2 times (x 70B)
Class org.jetbrains.plugins.gradle.model.ProjectImportModelProvider$GradleModelConsumer: loaded 2 times (x 70B)
Class com.android.build.api.variant.HasUnitTestBuilder                                : loaded 2 times (x 70B)
Class com.google.common.collect.ImmutableMultimap$Builder                             : loaded 2 times (x 86B)
Class com.android.builder.model.v2.ide.LintOptions                                    : loaded 2 times (x 70B)
Class org.objectweb.asm.ClassReader                                                   : loaded 2 times (x 94B)
Class com.google.common.collect.Maps$KeySet                                           : loaded 2 times (x 137B)
Class [Lcom.amazon.ion.impl.bin.IonRawBinaryWriter$ContainerType;                     : loaded 2 times (x 69B)
Class org.gradle.internal.service.DefaultServiceLocator                               : loaded 2 times (x 83B)
Class com.android.build.gradle.options.ApiStage$Deprecated                            : loaded 2 times (x 72B)
Class org.jetbrains.kotlin.gradle.plugin.mpp.compilationImpl.KotlinAndroidCompilationAssociator: loaded 2 times (x 74B)
Class org.jetbrains.kotlin.compilerRunner.CompilerSystemPropertiesService$Companion$registerIfAbsent$1: loaded 2 times (x 75B)
Class com.android.build.gradle.internal.component.BuiltInKotlinCreationConfig         : loaded 2 times (x 70B)
Class com.android.build.gradle.tasks.JavaPreCompileTask                               : loaded 2 times (x 327B)
Class com.android.build.gradle.internal.res.LinkAndroidResForBundleTask$CreationAction$handleProvider$1: loaded 2 times (x 127B)
Class com.android.build.gradle.tasks.ProcessApplicationManifest$CreationAction        : loaded 2 times (x 90B)
Class com.android.build.gradle.internal.scope.InternalArtifactType$COMPILE_MANIFEST_JAR: loaded 2 times (x 74B)
Class com.android.build.gradle.tasks.TestReportTask                                   : loaded 2 times (x 321B)
Class com.android.build.gradle.internal.tasks.StripDebugSymbolsTask$CreationAction    : loaded 2 times (x 90B)
Class com.android.build.api.component.impl.ComponentImpl$sources$2                    : loaded 2 times (x 79B)
Class com.android.build.api.variant.impl.ApplicationVariantImpl_Decorated             : loaded 2 times (x 681B)
Class com.android.build.gradle.internal.variant.ApplicationVariantData                : loaded 2 times (x 76B)
Class com.android.build.api.component.analytics.AnalyticsEnabledComponentBuilder      : loaded 2 times (x 93B)
Class com.android.build.gradle.internal.profile.ProfilingMode                         : loaded 2 times (x 79B)
Class com.android.build.api.artifact.impl.TypedStorageProvider$getArtifact$1$1        : loaded 2 times (x 79B)
Class com.android.build.gradle.internal.tasks.GlobalTask                              : loaded 2 times (x 70B)
Class com.android.build.gradle.internal.cxx.gradle.generator.CxxMetadataGenerator     : loaded 2 times (x 70B)
Class com.android.build.api.artifact.impl.StorageProviderImpl$fileStorage$1           : loaded 2 times (x 78B)
Class com.android.build.api.dsl.JacocoOptions                                         : loaded 2 times (x 70B)
Class com.android.build.gradle.internal.api.LazyAndroidSourceSet                      : loaded 2 times (x 72B)
Class com.android.build.api.dsl.DefaultConfig                                         : loaded 2 times (x 70B)
Class org.jetbrains.kotlin.gradle.plugin.internal.DefaultProjectIsolationStartParameterAccessor_Decorated: loaded 2 times (x 121B)
Class org.jetbrains.kotlin.gradle.plugin.internal.ProjectIsolationStartParameterAccessorKt: loaded 2 times (x 71B)
Class org.jetbrains.kotlin.gradle.dsl.KaptExtensionConfig                             : loaded 2 times (x 70B)
Class com.google.protobuf.DescriptorProtos$EnumOptionsOrBuilder                       : loaded 2 times (x 70B)
Class com.google.wireless.android.sdk.stats.GradlePluginData                          : loaded 2 times (x 200B)
Class com.android.build.gradle.internal.errors.SyncIssueReporterImpl$GlobalSyncIssueService$Parameters_Decorated: loaded 2 times (x 139B)
Class com.android.builder.profile.AnalyticsProfileWriter$Companion                    : loaded 2 times (x 71B)
Class com.android.ide.common.blame.SourceFileJsonTypeAdapter                          : loaded 2 times (x 75B)
Class com.google.protobuf.ProtocolStringList                                          : loaded 2 times (x 70B)
Class com.google.wireless.android.sdk.stats.JavaProcessStatsOrBuilder                 : loaded 2 times (x 70B)
Class com.google.protobuf.UnsafeUtil$JvmMemoryAccessor                                : loaded 2 times (x 91B)
Class com.android.prefs.AndroidPathLocator                                            : loaded 2 times (x 73B)
Class com.android.build.gradle.internal.plugins.AndroidPluginBaseServices$projectServices$2: loaded 2 times (x 79B)
Class com.android.build.gradle.internal.VariantManager                                : loaded 2 times (x 72B)
Class io.opentelemetry.api.trace.SpanContextKey                                       : loaded 2 times (x 71B)
Class com.android.tools.idea.gradle.project.sync.AdditionalClassifierArtifactsActionOptions: loaded 2 times (x 72B)
Class com.android.build.gradle.internal.services.ClassesHierarchyBuildService         : loaded 2 times (x 80B)
Class com.google.common.collect.ImmutableMultimap$EntryCollection                     : loaded 2 times (x 128B)
Class com.android.builder.model.v2.ide.BasicArtifact                                  : loaded 2 times (x 70B)
Class jdk.internal.jrtfs.JrtDirectoryStream                                           : loaded 2 times (x 89B)
Class com.amazon.ion.impl.bin.utf8.Utf8StringEncoder$Result                           : loaded 2 times (x 74B)
Class com.amazon.ion.impl.bin.utf8.Pool$Allocator                                     : loaded 2 times (x 70B)
Class com.amazon.ion.IonText                                                          : loaded 2 times (x 70B)
Class com.amazon.ion.impl.SymbolTokenImpl                                             : loaded 2 times (x 81B)
Class com.amazon.ion.SubstituteSymbolTableException                                   : loaded 2 times (x 84B)
Class kotlin.coroutines.jvm.internal.SuspendFunction                                  : loaded 2 times (x 70B)
Class org.gradle.internal.installation.CurrentGradleInstallation                      : loaded 2 times (x 73B)
Class org.jetbrains.kotlin.gradle.plugin.sources.DefaultKotlinSourceSet$special$$inlined$Iterable$1: loaded 2 times (x 79B)
Class org.jetbrains.kotlin.gradle.plugin.KotlinTargetConfiguratorKt                   : loaded 2 times (x 71B)
Class org.jetbrains.kotlin.gradle.plugin.mpp.compilationImpl.factory.KotlinCompilationImplFactory$KotlinCompilerOptionsFactory$Options: loaded 2 times (x 72B)
Class org.jetbrains.kotlin.gradle.plugin.diagnostics.ToolingDiagnosticRenderingOptionsKt: loaded 2 times (x 71B)
Class com.android.build.gradle.internal.tasks.factory.features.AndroidResourcesTaskCreationAction: loaded 2 times (x 70B)
Class com.android.build.gradle.tasks.ProcessPackagedManifestTask$CreationAction$handleProvider$1: loaded 2 times (x 127B)
Class com.android.build.gradle.internal.coverage.tasks.CodeCoverageReportTask$CoverageReportCreationAction$handleProvider$1: loaded 2 times (x 127B)
Class com.android.build.gradle.internal.tasks.ExtractNativeDebugMetadataTask$FullCreationAction: loaded 2 times (x 91B)
Class com.android.build.gradle.internal.services.VariantBuilderServicesImpl$ValueImpl : loaded 2 times (x 76B)
Class com.google.wireless.android.sdk.stats.GradleBuildVariant$KotlinOptionsOrBuilder : loaded 2 times (x 70B)
Class com.android.build.gradle.internal.tasks.DeviceSerialTestTask                    : loaded 2 times (x 313B)
Class com.android.build.gradle.internal.dsl.ApplicationAndroidResourcesImpl           : loaded 2 times (x 124B)
Class com.android.build.api.dsl.TargetSdkSpec                                         : loaded 2 times (x 70B)
Class com.android.build.gradle.internal.dsl.JniLibsPackagingImpl                      : loaded 2 times (x 89B)
Class com.android.build.api.dsl.BundleLanguage                                        : loaded 2 times (x 70B)
Class com.android.build.api.dsl.BundleCountrySet                                      : loaded 2 times (x 70B)
Class com.android.build.api.dsl.BundleDeviceTier                                      : loaded 2 times (x 70B)
Class com.android.builder.core.AbstractProductFlavor                                  : loaded 2 times (x 194B)
Class org.jetbrains.kotlin.gradle.targets.native.internal.PlatformLibrariesGenerator  : loaded 2 times (x 72B)
Class org.jetbrains.kotlin.tooling.core.Extras$Type$Companion                         : loaded 2 times (x 71B)
Class org.jetbrains.kotlin.gradle.plugin.KotlinCompilation                            : loaded 2 times (x 70B)
Class com.android.build.gradle.internal.services.SymbolTableBuildService              : loaded 2 times (x 79B)
Class com.android.build.gradle.internal.ide.v2.GlobalSyncService$Parameters           : loaded 2 times (x 70B)
Class com.google.wireless.android.sdk.stats.GradleBuildProjectMetrics                 : loaded 2 times (x 199B)
Class org.jetbrains.kotlin.gradle.plugin.internal.CustomPropertiesFileValueSource$Inject_: loaded 2 times (x 113B)
Class com.android.build.gradle.internal.profile.AnalyticsConfiguratorService$Inject_  : loaded 2 times (x 102B)
Class com.android.builder.profile.Recorder$VoidBlock                                  : loaded 2 times (x 70B)
Class org.jetbrains.kotlin.gradle.plugin.PropertiesProvider$booleanPropertyWithDeprecatedValues$1: loaded 2 times (x 78B)
Class org.jetbrains.kotlin.gradle.internal.ClassLoadersCachingBuildService$Companion$registerIfAbsent$2$1$1: loaded 2 times (x 75B)
Class org.jetbrains.kotlin.gradle.targets.native.KonanPropertiesBuildService$Companion$registerIfAbsent$1: loaded 2 times (x 75B)
Class com.android.build.api.extension.impl.ApplicationAndroidComponentsExtensionImpl  : loaded 2 times (x 114B)
Class com.android.build.gradle.internal.packaging.GradleKeystoreHelper                : loaded 2 times (x 71B)
Class org.gradle.tooling.model.gradle.ProjectPublications                             : loaded 2 times (x 70B)
Class com.android.build.gradle.internal.dsl.JavaCompileOptions                        : loaded 2 times (x 82B)
Class org.jetbrains.kotlin.idea.projectModel.KotlinTargetJar                          : loaded 2 times (x 70B)
Class com.amazon.ion.impl.bin.IonManagedBinaryWriter$ImportDescriptor                 : loaded 2 times (x 76B)
Class com.amazon.ion.SymbolTable                                                      : loaded 2 times (x 70B)
Class org.jetbrains.plugins.gradle.tooling.serialization.GradleExtensionsSerializationService$WriteContext: loaded 2 times (x 72B)
Class com.intellij.gradle.toolingExtension.impl.model.taskModel.GradleTaskSerialisationService$Companion: loaded 2 times (x 71B)
Class kotlin.jvm.internal.Ref$BooleanRef                                              : loaded 2 times (x 71B)
Class kotlin.jvm.internal.StringCompanionObject                                       : loaded 2 times (x 71B)
Class kotlin.coroutines.intrinsics.IntrinsicsKt__IntrinsicsJvmKt                      : loaded 2 times (x 71B)
Class kotlin.coroutines.jvm.internal.CoroutineStackFrame                              : loaded 2 times (x 70B)
Class org.gradle.util.internal.GUtil                                                  : loaded 2 times (x 71B)
Class com.android.build.gradle.internal.scope.InternalArtifactType$GENERATED_PROGUARD_FILE: loaded 2 times (x 74B)
Class org.jetbrains.kotlin.gradle.plugin.mpp.KotlinCompilationFactory                 : loaded 2 times (x 70B)
Class com.android.build.api.variant.impl.JniLibsPackagingImpl$pickFirsts$1            : loaded 2 times (x 75B)
Class com.android.build.gradle.tasks.ProcessPackagedManifestTask$CreationAction$handleProvider$2: loaded 2 times (x 127B)
Class com.android.build.gradle.internal.testsuites.impl.TestSuiteBuilderImpl          : loaded 2 times (x 86B)
Class com.android.build.gradle.internal.dsl.ModulePropertyKey$BooleanWithDefault$Companion: loaded 2 times (x 71B)
Class com.android.build.gradle.internal.variant.DimensionCombinationImpl              : loaded 2 times (x 76B)
Class com.android.build.api.artifact.impl.StorageProviderImpl$directory$1             : loaded 2 times (x 78B)
Class com.android.build.gradle.api.TestVariant                                        : loaded 2 times (x 70B)
Class com.android.build.gradle.internal.CompileOptions$AgpDecorated_Decorated         : loaded 2 times (x 146B)
Class [Lcom.android.tools.lint.model.LintModelSeverity;                               : loaded 2 times (x 69B)
Class com.android.resources.ResourceEnum                                              : loaded 2 times (x 70B)
Class com.google.common.base.Converter$IdentityConverter                              : loaded 2 times (x 90B)
Class com.android.build.gradle.internal.dsl.OptimizationImpl                          : loaded 2 times (x 86B)
Class com.android.build.api.dsl.DependenciesInfo                                      : loaded 2 times (x 70B)
Class com.android.build.gradle.internal.utils.KgpUtils                                : loaded 2 times (x 71B)
Class com.android.build.gradle.internal.services.BuiltInKotlinServices$Companion      : loaded 2 times (x 71B)
Class org.jetbrains.kotlin.gradle.utils.Future                                        : loaded 2 times (x 70B)
Class org.jetbrains.kotlin.gradle.plugin.mpp.AbstractKotlinCompilation                : loaded 2 times (x 191B)
Class com.android.prefs.PathLocator$WhenMappings                                      : loaded 2 times (x 71B)
Class com.google.common.util.concurrent.AbstractFuture$SetFuture                      : loaded 2 times (x 75B)
Class com.google.wireless.android.sdk.stats.JavaProcessStats                          : loaded 2 times (x 207B)
Class com.android.build.gradle.internal.dsl.decorator.annotation.NonNullableSetter    : loaded 2 times (x 70B)
Class com.google.protobuf.Message                                                     : loaded 2 times (x 70B)
Class com.android.tools.analytics.Environment$Companion$SYSTEM$1                      : loaded 2 times (x 73B)
Class com.android.tools.analytics.Environment$Companion                               : loaded 2 times (x 71B)
Class com.android.tools.analytics.Environment$SystemProperty                          : loaded 2 times (x 79B)
Class com.android.ide.common.blame.SourceFilePositionJsonSerializer                   : loaded 2 times (x 77B)
Class com.android.build.api.dsl.DeviceGroup                                           : loaded 2 times (x 70B)
Class com.android.build.gradle.TestPlugin                                             : loaded 2 times (x 76B)
Class io.opentelemetry.api.trace.TraceId                                              : loaded 2 times (x 71B)
Class com.google.common.io.ByteSource                                                 : loaded 2 times (x 84B)
Class [Lcom.amazon.ion.impl.bin.IonManagedBinaryWriter$SymbolState;                   : loaded 2 times (x 69B)
Class com.amazon.ion.impl._Private_IonWriterBase                                      : loaded 2 times (x 162B)
Class com.amazon.ion.system.IonSystemBuilder                                          : loaded 2 times (x 75B)
Class com.amazon.ion.IonCatalog                                                       : loaded 2 times (x 70B)
Class com.intellij.gradle.toolingExtension.impl.model.utilTurnOffDefaultTasksModel.TurnOffDefaultTasks: loaded 2 times (x 70B)
Class com.intellij.gradle.toolingExtension.impl.model.sourceSetModel.GradleSourceSetSerialisationService$SourceSetModelReadContext: loaded 2 times (x 72B)
Class kotlin.io.NoSuchFileException                                                   : loaded 2 times (x 82B)
Class kotlin.collections.CollectionsKt                                                : loaded 2 times (x 71B)
Class org.jetbrains.kotlin.gradle.targets.js.dsl.KotlinJsSubTargetContainerDsl        : loaded 2 times (x 70B)
Class com.android.build.gradle.internal.TaskManager$maybeCreateKotlinExtensionConfiguration$kotlinExtension$1: loaded 2 times (x 74B)
Class com.android.build.api.artifact.ScopedArtifact$POST_COMPILATION_CLASSES          : loaded 2 times (x 74B)
Class com.android.builder.merge.DuplicateRelativeFileException                        : loaded 2 times (x 83B)
Class com.android.build.gradle.internal.TaskManager$WhenMappings                      : loaded 2 times (x 71B)
Class [Lcom.android.build.gradle.internal.publishing.AndroidArtifacts$ConsumedConfigType;: loaded 2 times (x 69B)
Class com.android.build.gradle.internal.publishing.AndroidArtifacts$ArtifactScope     : loaded 2 times (x 79B)
Class com.android.build.api.component.impl.features.OptimizationCreationConfigImpl$consumerProguardFiles$2: loaded 2 times (x 79B)
Class com.android.build.api.variant.impl.VariantOutputImpl                            : loaded 2 times (x 82B)
Class com.android.build.api.variant.Instrumentation                                   : loaded 2 times (x 70B)
Class com.android.build.api.variant.GeneratesTestApk                                  : loaded 2 times (x 70B)
Class com.android.build.gradle.internal.variant.VariantPathHelper$defaultApkLocation$2: loaded 2 times (x 79B)
Class com.android.build.api.component.analytics.AnalyticsEnabledApplicationVariantBuilder$_androidResources$2: loaded 2 times (x 79B)
Class com.android.build.gradle.internal.scope.InternalArtifactType$DEFAULT_PROGUARD_FILES: loaded 2 times (x 74B)
Class com.android.build.gradle.internal.tasks.AndroidGlobalTask                       : loaded 2 times (x 318B)
Class com.android.build.gradle.internal.tasks.factory.TaskInformation                 : loaded 2 times (x 70B)
Class com.android.build.gradle.internal.dsl.SigningConfigImpl$AgpDecorated_Decorated  : loaded 2 times (x 151B)
Class com.android.build.gradle.internal.dsl.SigningConfigImpl$AgpDecorated            : loaded 2 times (x 101B)
Class com.android.build.gradle.internal.dsl.DefaultConfig$AgpDecorated                : loaded 2 times (x 442B)
Class org.jetbrains.kotlin.tooling.core.MutableExtrasImpl$Companion                   : loaded 2 times (x 71B)
Class org.jetbrains.kotlin.gradle.internal.ClassLoadersCachingBuildService$Parameters : loaded 2 times (x 70B)
Class org.jetbrains.kotlin.gradle.plugin.internal.ProjectIsolationStartParameterAccessor: loaded 2 times (x 70B)
Class org.jetbrains.kotlin.gradle.plugin.KotlinGradleBuildServices$Companion$registerIfAbsent$1: loaded 2 times (x 75B)
Class org.jetbrains.kotlin.gradle.utils.StoredProperty                                : loaded 2 times (x 70B)
Class com.google.protobuf.ExtensionRegistryFactory                                    : loaded 2 times (x 71B)
Class com.google.protobuf.AbstractMessage$Builder                                     : loaded 2 times (x 257B)
Class com.android.build.gradle.internal.dsl.BundleOptionsCountrySet$AgpDecorated_Decorated: loaded 2 times (x 130B)
Class com.android.ide.common.blame.Message                                            : loaded 2 times (x 72B)
Class com.android.build.gradle.internal.dsl.BundleOptionsLanguage$AgpDecorated_Decorated: loaded 2 times (x 125B)
Class com.android.build.gradle.internal.dsl.VcsInfoImpl$AgpDecorated                  : loaded 2 times (x 81B)
Class com.android.build.api.artifact.impl.SingleInitialProviderRequestImpl$on$1       : loaded 2 times (x 75B)
Class com.google.protobuf.ProtocolMessageEnum                                         : loaded 2 times (x 70B)
Class com.android.build.gradle.internal.plugins.BasePlugin$ExtensionData              : loaded 2 times (x 72B)
Class com.android.build.gradle.internal.VariantTaskManager                            : loaded 2 times (x 85B)
Class org.gradle.accessors.dm.LibrariesForLibs$AndroidxActivityLibraryAccessors       : loaded 2 times (x 77B)
Class org.gradle.tooling.internal.consumer.converters.IncludedBuildsMixin             : loaded 2 times (x 74B)
Class io.opentelemetry.api.internal.ImmutableSpanContext                              : loaded 2 times (x 91B)
Class com.android.build.gradle.internal.dsl.CompileSdkSpecImpl$AgpDecorated_Decorated : loaded 2 times (x 135B)
Class com.android.build.gradle.internal.core.VariantSources                           : loaded 2 times (x 72B)
Class com.android.build.api.variant.ApkPackaging                                      : loaded 2 times (x 70B)
Class com.android.build.gradle.internal.component.features.RenderscriptCreationConfig : loaded 2 times (x 70B)
Class com.android.builder.model.v2.dsl.BuildType                                      : loaded 2 times (x 70B)
Class org.objectweb.asm.Context                                                       : loaded 2 times (x 72B)
Class com.intellij.gradle.toolingExtension.impl.model.sourceSetModel.GradleSourceSetSerialisationService$SourceSetModelWriteContext: loaded 2 times (x 72B)
Class kotlin.ranges.IntProgressionIterator                                            : loaded 2 times (x 82B)
Class kotlin.coroutines.CoroutineContext                                              : loaded 2 times (x 70B)
Class kotlin.coroutines.jvm.internal.DebugProbesKt                                    : loaded 2 times (x 71B)
Class org.gradle.internal.installation.GradleInstallation                             : loaded 2 times (x 75B)
Class org.jetbrains.kotlin.gradle.plugin.mpp.compilationImpl.factory.KotlinCompilationImplFactory$create$1: loaded 2 times (x 75B)
Class com.android.build.gradle.tasks.CompatibleScreensManifest$CreationAction         : loaded 2 times (x 90B)
Class com.android.build.api.variant.ResValue                                          : loaded 2 times (x 72B)
Class com.android.build.api.variant.impl.SigningConfigImpl                            : loaded 2 times (x 79B)
Class com.android.build.api.variant.impl.ApplicationVariantImpl                       : loaded 2 times (x 628B)
Class com.android.build.api.attributes.AgpVersionAttr$Impl                            : loaded 2 times (x 88B)
Class android.databinding.tool.processing.ScopedException                             : loaded 2 times (x 86B)
Class com.android.build.gradle.internal.dsl.TestOptions$suites$2$AgpTestSuiteFactory  : loaded 2 times (x 75B)
Class com.android.build.gradle.internal.core.dsl.impl.ComponentDslInfoImpl$mergedFlavor$2: loaded 2 times (x 79B)
Class com.android.build.gradle.internal.TaskManager$Companion$createCoreLibraryDesugaringConfig$1: loaded 2 times (x 74B)
Class com.android.build.gradle.internal.TaskManager$Companion                         : loaded 2 times (x 71B)
Class com.android.build.api.dsl.NdkBuild                                              : loaded 2 times (x 70B)
Class com.android.build.api.dsl.BundleAiModelVersion                                  : loaded 2 times (x 70B)
Class com.android.build.gradle.internal.dsl.decorator.SupportedPropertyType$Var$File  : loaded 2 times (x 74B)
Class com.android.build.api.dsl.TestBaseFlavor                                        : loaded 2 times (x 70B)
Class com.android.build.api.dsl.LibraryBuildType                                      : loaded 2 times (x 70B)
Class com.android.build.api.dsl.VariantDimension                                      : loaded 2 times (x 70B)
Class org.jetbrains.kotlin.gradle.tasks.KotlinJavaToolchain                           : loaded 2 times (x 70B)
Class org.jetbrains.kotlin.gradle.plugin.internal.CompatibilityConventionRegistrar    : loaded 2 times (x 70B)
Class org.jetbrains.kotlin.gradle.plugin.AndroidGradlePluginVersion                   : loaded 2 times (x 75B)
Class com.android.prefs.AndroidLocationsException                                     : loaded 2 times (x 82B)
Class com.google.protobuf.CodedInputStream                                            : loaded 2 times (x 119B)
Class com.google.wireless.android.sdk.stats.GradleBuildProfileSpan                    : loaded 2 times (x 216B)
Class com.google.protobuf.MessageLite                                                 : loaded 2 times (x 70B)
Class com.android.build.gradle.internal.res.Aapt2FromMaven$Companion$DefaultAapt2Version$BUILD_NUMBER$2: loaded 2 times (x 78B)
Class com.android.build.gradle.internal.UnitTestTaskManager                           : loaded 2 times (x 82B)
Class com.android.build.gradle.internal.TaskManager$createAnchorTasks$1               : loaded 2 times (x 75B)
Class com.android.build.gradle.internal.scope.InternalArtifactType$NAVIGATION_JSON    : loaded 2 times (x 74B)
Class org.gradle.accessors.dm.LibrariesForLibsInPluginsBlock$AndroidxComposeUiTestLibraryAccessors: loaded 2 times (x 78B)
Class io.opentelemetry.api.trace.DefaultTracer                                        : loaded 2 times (x 74B)
Class org.gradle.tooling.internal.adapter.ProtocolToModelAdapter$2                    : loaded 2 times (x 78B)
Class com.android.build.gradle.tasks.ProcessManifestForBundleTask$CreationAction      : loaded 2 times (x 90B)
Class jdk.internal.jimage.decompressor.ResourceDecompressor$StringsProvider           : loaded 2 times (x 70B)
Class com.amazon.ion.impl._Private_RecyclingQueue$Recycler                            : loaded 2 times (x 70B)
Class com.amazon.ion.impl.lite.ContainerlessContext                                   : loaded 2 times (x 80B)
Class org.jetbrains.plugins.gradle.tooling.serialization.GradleExtensionsSerializationService$ReadContext: loaded 2 times (x 72B)
Class com.google.common.collect.LexicographicalOrdering                               : loaded 2 times (x 115B)
Class com.android.build.gradle.internal.tasks.MergeGeneratedProguardFilesCreationAction$handleProvider$1: loaded 2 times (x 127B)
Class org.jetbrains.kotlin.gradle.plugin.KotlinCompilation$Companion                  : loaded 2 times (x 71B)
Class com.android.build.api.component.impl.features.DexingImpl                        : loaded 2 times (x 87B)
Class com.android.build.api.variant.impl.HasTestSuitesCreationConfig                  : loaded 2 times (x 70B)
Class com.android.build.gradle.internal.variant.VariantPathHelper$targetFilterConfigurations$2: loaded 2 times (x 79B)
Class org.jetbrains.kotlin.compilerRunner.CompilerSystemPropertiesService$Companion   : loaded 2 times (x 71B)
Class com.android.build.gradle.internal.core.dsl.impl.ConsumableComponentDslInfoImpl$manifestPlaceholdersDslInfo$2: loaded 2 times (x 79B)
Class com.android.build.gradle.internal.utils.PublishingUtils                         : loaded 2 times (x 71B)
Class com.android.build.gradle.internal.manifest.LazyManifestParser                   : loaded 2 times (x 76B)
Class com.android.build.gradle.internal.tasks.factory.TaskFactoryImpl                 : loaded 2 times (x 83B)
Class com.android.build.gradle.internal.tasks.factory.GlobalTaskCreationConfigImpl$localCustomLintChecks$2: loaded 2 times (x 79B)
Class com.android.build.api.artifact.impl.ArtifactsImpl$3$1                           : loaded 2 times (x 80B)
Class com.android.build.gradle.internal.dsl.DependenciesInfoImpl$AgpDecorated_Decorated: loaded 2 times (x 130B)
Class com.android.build.gradle.internal.dsl.DependenciesInfoImpl$AgpDecorated         : loaded 2 times (x 84B)
Class com.android.build.gradle.internal.coverage.JacocoOptions_Decorated              : loaded 2 times (x 130B)
Class com.android.build.gradle.internal.api.artifact.SourceArtifactType$SHADERS       : loaded 2 times (x 74B)
Class com.android.builder.core.AbstractProductFlavor$Companion                        : loaded 2 times (x 71B)
Class com.android.build.api.dsl.VcsInfo                                               : loaded 2 times (x 70B)
Class com.android.build.gradle.internal.model.CoreCmakeOptions                        : loaded 2 times (x 70B)
Class com.android.build.gradle.internal.dsl.decorator.SupportedPropertyType$Collection: loaded 2 times (x 74B)
Class com.android.builder.core.ComponentType                                          : loaded 2 times (x 70B)
Class com.android.build.api.variant.HasUnitTest                                       : loaded 2 times (x 70B)
Class org.jetbrains.kotlin.gradle.dsl.ToolchainSupport$Companion                      : loaded 2 times (x 71B)
Class org.jetbrains.kotlin.gradle.plugin.KotlinSourceSet                              : loaded 2 times (x 70B)
Class com.google.wireless.android.sdk.stats.GradleTransformExecutionOrBuilder         : loaded 2 times (x 70B)
Class com.google.protobuf.MapFieldReflectionAccessor                                  : loaded 2 times (x 74B)
Class com.google.wireless.android.sdk.stats.GradleBuildProject$Builder                : loaded 2 times (x 360B)
Class com.google.protobuf.AbstractMessageLite$Builder                                 : loaded 2 times (x 126B)
Class org.jetbrains.kotlin.gradle.plugin.mpp.compilationImpl.factory.KotlinJvmCompilerOptionsFactory$create$compilerOptions$1: loaded 2 times (x 77B)
Class com.android.build.gradle.internal.errors.AndroidProblemsReporter                : loaded 2 times (x 70B)
Class com.android.build.gradle.internal.services.AndroidLocationsBuildService$RegistrationAction: loaded 2 times (x 74B)
Class com.android.build.api.variant.CanMinifyAndroidResources                         : loaded 2 times (x 70B)
Class com.android.build.gradle.TestedExtension                                        : loaded 2 times (x 215B)
Class org.gradle.tooling.UnsupportedVersionException                                  : loaded 2 times (x 83B)
Class com.intellij.gradle.toolingExtension.impl.model.buildScriptClasspathModel.GradleBuildScriptClasspathModelProvider: loaded 2 times (x 79B)
Class com.intellij.gradle.toolingExtension.impl.modelAction.GradleModelFetchAction    : loaded 2 times (x 86B)
Class org.gradle.tooling.BuildAction                                                  : loaded 2 times (x 70B)
Class com.google.gson.ReflectionAccessFilter$FilterResult                             : loaded 2 times (x 79B)
Class gnu.trove.PrimeFinder                                                           : loaded 2 times (x 71B)
Class com.amazon.ion.UnexpectedEofException                                           : loaded 2 times (x 84B)
Class com.amazon.ion.IonSexp                                                          : loaded 2 times (x 70B)
Class com.amazon.ion.ReadOnlyValueException                                           : loaded 2 times (x 84B)
Class com.amazon.ion.impl._Private_LocalSymbolTable                                   : loaded 2 times (x 70B)
Class com.amazon.ion.BufferConfiguration$DataHandler                                  : loaded 2 times (x 70B)
Class com.amazon.ion.impl._Private_IonBinaryWriterBuilder                             : loaded 2 times (x 115B)
Class org.jetbrains.plugins.gradle.tooling.serialization.RepositoriesModelSerializationService$WriteContext: loaded 2 times (x 72B)
Class com.android.ide.gradle.model.LegacyAndroidGradlePluginProperties                : loaded 2 times (x 70B)
Class kotlin.ranges.IntProgression                                                    : loaded 2 times (x 81B)
Class kotlin.jvm.KotlinReflectionNotSupportedError                                    : loaded 2 times (x 82B)
Class org.gradle.tooling.model.gradle.GradleScript                                    : loaded 2 times (x 70B)

---------------  S Y S T E M  ---------------

OS:
 Windows 11 , 64 bit Build 26100 (10.0.26100.8246)
OS uptime: 3 days 4:27 hours
Hyper-V role detected

CPU: total 12 (initial active 12) (12 cores per cpu, 2 threads per core) family 23 model 96 stepping 1 microcode 0x8600106, cx8, cmov, fxsr, ht, mmx, 3dnowpref, sse, sse2, sse3, ssse3, sse4a, sse4.1, sse4.2, popcnt, lzcnt, tsc, tscinvbit, avx, avx2, aes, clmul, bmi1, bmi2, adx, sha, fma, vzeroupper, clflush, clflushopt, hv, rdtscp, rdpid, f16c
Processor Information for the first 12 processors :
  Max Mhz: 3000, Current Mhz: 3000, Mhz Limit: 3000

Memory: 4k page, system-wide physical 7541M (8M free)
TotalPageFile size 31093M (AvailPageFile size 176M)
current process WorkingSet (physical memory assigned to process): 88M, peak: 800M
current process commit charge ("private bytes"): 1003M, peak: 1032M

vm_info: OpenJDK 64-Bit Server VM (21.0.10+-14961533-b1163.108) for windows-amd64 JRE (21.0.10+-14961533-b1163.108), built on 2026-03-02T19:58:50Z by "builder" with MS VC++ 16.10 / 16.11 (VS2019)

END.
